CustomerID,Age,Gender,SeniorCitizen,Partner,Dependents,TenureMonths,ContractType,PaperlessBilling,PaymentMethod,InternetService,OnlineSecurity,TechSupport,StreamingServices,MonthlyUsageGB,SupportTicketsLastYear,PaymentDelaysCount,CustomerSatisfactionScore,MonthlyCharges,TotalChargesHistorical,Churn,CustomerLifetimeValue
CUST_10001,48,Female,0,Yes,Yes,43,Two year,Yes,Bank transfer (automatic),DSL,No,No,No,152.3,2,0,4.0,50.0,2165.6,0,2086.47
CUST_10002,40,Female,0,Yes,Yes,43,One year,Yes,Bank transfer (automatic),DSL,No,No,No,148.7,1,0,4.0,50.79,2165.3,0,2005.17
CUST_10003,50,Female,0,No,No,18,Month-to-month,Yes,Electronic check,DSL,No,Yes,Yes,77.4,2,2,4.0,86.4,1609.97,1,684.03
CUST_10004,62,Female,0,Yes,Yes,24,One year,No,Electronic check,Fiber optic,No,No,Yes,213.8,0,2,4.0,100.94,2451.68,0,3024.16
CUST_10005,39,Female,0,Yes,Yes,0,Month-to-month,Yes,Electronic check,Fiber optic,No,No,No,98.0,0,2,5.0,71.41,0.0,0,1633.45
CUST_10006,39,Male,0,Yes,No,2,Month-to-month,No,Electronic check,Fiber optic,No,Yes,Yes,287.6,1,1,4.0,113.27,291.96,0,3099.89
CUST_10007,63,Male,0,Yes,No,4,Month-to-month,Yes,Mailed check,No,No internet service,No internet service,No internet service,20.6,3,0,4.0,23.29,86.7,1,517.48
CUST_10008,52,Male,0,No,No,47,Month-to-month,Yes,Electronic check,Fiber optic,Yes,Yes,No,430.2,3,1,3.0,111.1,5190.3,1,1647.86
CUST_10009,36,Female,0,Yes,Yes,38,Month-to-month,No,Bank transfer (automatic),Fiber optic,No,No,Yes,294.3,2,0,4.0,98.46,3716.12,1,1518.47
CUST_10010,49,Female,0,No,No,48,One year,No,Bank transfer (automatic),DSL,Yes,No,No,83.9,3,0,4.0,63.96,3072.85,0,2245.08
CUST_10011,36,Female,0,No,No,4,One year,Yes,Mailed check,DSL,No,Yes,No,189.7,0,0,5.0,60.83,249.56,0,1849.66
CUST_10012,36,Male,0,Yes,Yes,31,Month-to-month,Yes,Bank transfer (automatic),DSL,No,No,Yes,28.4,2,0,3.0,68.49,2120.71,0,1915.27
CUST_10013,45,Male,0,Yes,No,28,One year,Yes,Electronic check,Fiber optic,No,No,No,347.5,1,2,3.0,69.13,1919.86,0,2242.2
CUST_10014,18,Male,0,No,No,48,Two year,No,Mailed check,No,No internet service,No internet service,No internet service,9.2,1,0,5.0,25.09,1248.73,0,1047.22
CUST_10015,20,Female,0,Yes,Yes,28,Month-to-month,No,Credit card (automatic),No,No internet service,No internet service,No internet service,15.8,3,0,4.0,21.33,587.61,0,960.54
CUST_10016,35,Male,0,Yes,No,16,One year,Yes,Bank transfer (automatic),DSL,No,Yes,No,125.7,1,1,5.0,60.29,955.54,0,1357.48
CUST_10017,29,Female,0,Yes,Yes,52,One year,Yes,Electronic check,DSL,Yes,Yes,No,161.0,2,1,3.0,82.05,4209.52,0,2900.63
CUST_10018,46,Male,0,No,No,62,Two year,Yes,Credit card (automatic),DSL,No,No,Yes,170.9,2,0,5.0,69.61,4283.88,0,2682.17
CUST_10019,30,Male,0,No,No,21,Month-to-month,No,Bank transfer (automatic),DSL,No,Yes,No,38.5,0,1,4.0,68.64,1478.36,0,1844.86
CUST_10020,24,Male,0,Yes,No,0,Two year,Yes,Mailed check,DSL,No,Yes,No,88.1,1,0,5.0,57.52,0.0,0,1389.79
CUST_10021,61,Male,0,Yes,Yes,48,Month-to-month,Yes,Bank transfer (automatic),DSL,No,Yes,Yes,123.6,3,1,4.0,89.8,4340.22,0,2854.46
CUST_10022,39,Female,0,No,No,16,One year,No,Electronic check,DSL,No,Yes,No,165.9,1,1,5.0,66.87,1053.42,0,1726.9
CUST_10023,43,Male,0,No,No,35,Month-to-month,Yes,Mailed check,DSL,No,Yes,Yes,144.6,0,0,4.0,84.68,2944.04,0,2595.29
CUST_10024,23,Male,0,No,No,40,Two year,Yes,Bank transfer (automatic),DSL,No,Yes,No,68.7,0,0,5.0,61.42,2462.56,0,2034.08
CUST_10025,35,Female,0,No,No,6,Month-to-month,Yes,Credit card (automatic),Fiber optic,No,Yes,No,376.3,7,0,2.0,89.84,548.18,1,1010.34
CUST_10026,43,Female,0,Yes,Yes,44,One year,Yes,Electronic check,Fiber optic,No,Yes,Yes,450.5,0,3,5.0,119.47,5224.34,0,4024.56
CUST_10027,27,Female,0,No,No,35,Month-to-month,Yes,Mailed check,No,No internet service,No internet service,No internet service,10.3,1,2,4.0,18.5,635.46,0,636.48
CUST_10028,47,Female,0,Yes,Yes,49,Month-to-month,No,Credit card (automatic),DSL,Yes,Yes,Yes,89.4,0,0,5.0,87.85,4302.31,0,2709.38
CUST_10029,34,Female,0,Yes,Yes,53,Two year,Yes,Electronic check,Fiber optic,No,No,No,281.1,2,1,4.0,82.76,4389.22,0,3190.12
CUST_10030,38,Male,0,No,No,41,One year,Yes,Credit card (automatic),DSL,Yes,No,Yes,90.3,0,1,5.0,83.21,3422.25,0,2379.68
CUST_10031,34,Female,0,Yes,No,35,One year,Yes,Electronic check,DSL,No,No,No,110.9,2,1,4.0,47.06,1646.9,0,1796.52
CUST_10032,66,Female,1,No,No,18,One year,Yes,Electronic check,Fiber optic,No,No,No,348.5,0,1,5.0,76.73,1407.18,0,2300.19
CUST_10033,42,Male,0,Yes,Yes,29,Month-to-month,Yes,Electronic check,DSL,Yes,No,No,119.5,0,2,3.0,69.72,2079.84,1,1188.55
CUST_10034,28,Male,0,No,No,58,Month-to-month,Yes,Bank transfer (automatic),Fiber optic,Yes,No,No,406.2,2,1,4.0,88.93,5132.34,0,3198.21
CUST_10035,53,Male,0,No,No,32,Two year,Yes,Electronic check,Fiber optic,No,No,Yes,308.5,0,2,4.0,98.59,3149.7,1,1593.27
CUST_10036,26,Female,0,Yes,No,61,Two year,No,Mailed check,Fiber optic,No,No,Yes,222.3,0,0,5.0,98.76,6004.13,0,3313.16
CUST_10037,45,Male,0,No,No,57,Month-to-month,Yes,Electronic check,Fiber optic,Yes,Yes,Yes,234.4,5,2,2.0,124.27,7060.56,0,3902.33
CUST_10038,18,Male,0,Yes,Yes,14,One year,No,Electronic check,Fiber optic,No,No,No,411.3,0,1,4.0,76.55,1064.25,0,2351.13
CUST_10039,25,Female,0,No,No,27,Two year,Yes,Mailed check,Fiber optic,Yes,No,Yes,256.7,0,2,5.0,113.28,3033.37,0,3298.64
CUST_10040,45,Female,0,Yes,Yes,15,Month-to-month,No,Electronic check,Fiber optic,No,No,Yes,397.4,3,2,3.0,98.17,1490.11,1,1310.41
CUST_10041,52,Male,0,No,No,56,One year,No,Electronic check,Fiber optic,No,No,No,408.4,1,0,4.0,70.71,4014.57,0,2763.99
CUST_10042,44,Male,0,Yes,Yes,33,Month-to-month,No,Mailed check,DSL,No,No,No,163.8,2,0,4.0,42.52,1402.3,0,1424.72
CUST_10043,40,Male,0,Yes,Yes,33,Month-to-month,Yes,Bank transfer (automatic),DSL,Yes,Yes,No,81.4,3,2,3.0,77.38,2540.45,1,948.55
CUST_10044,38,Male,0,Yes,No,44,One year,Yes,Electronic check,DSL,Yes,No,No,84.9,0,3,5.0,55.26,2392.2,0,1797.63
CUST_10045,23,Male,0,Yes,Yes,68,Two year,No,Mailed check,DSL,Yes,No,No,156.4,1,0,5.0,61.71,4182.84,0,2640.51
CUST_10046,33,Male,0,No,No,67,One year,Yes,Electronic check,No,No internet service,No internet service,No internet service,5.3,1,1,5.0,24.97,1685.85,0,1432.96
CUST_10047,36,Female,0,No,No,27,Month-to-month,Yes,Mailed check,DSL,No,Yes,Yes,146.0,1,1,4.0,87.19,2358.49,1,1082.21
CUST_10048,56,Female,0,No,No,60,One year,No,Credit card (automatic),DSL,Yes,No,No,164.4,3,1,3.0,60.49,3606.97,0,2493.09
CUST_10049,46,Female,0,Yes,No,53,One year,No,Credit card (automatic),DSL,No,No,Yes,43.4,1,1,4.0,70.23,3736.23,0,2273.11
CUST_10050,19,Male,0,No,No,47,One year,No,Electronic check,Fiber optic,Yes,No,No,366.8,0,1,5.0,90.5,4229.5,0,2779.13
CUST_10051,46,Male,0,Yes,Yes,53,Two year,Yes,Bank transfer (automatic),DSL,No,No,Yes,99.1,2,0,4.0,69.73,3706.12,0,2442.94
CUST_10052,37,Male,0,No,No,24,Month-to-month,Yes,Bank transfer (automatic),DSL,No,No,No,182.7,3,2,3.0,43.29,1052.57,0,1423.55
CUST_10053,33,Female,0,No,No,35,Two year,Yes,Credit card (automatic),Fiber optic,No,No,No,559.0,0,0,5.0,77.37,2709.32,0,2615.34
CUST_10054,50,Male,0,Yes,Yes,17,Month-to-month,Yes,Credit card (automatic),Fiber optic,No,No,Yes,647.8,2,0,5.0,103.54,1795.71,0,3401.12
CUST_10055,55,Female,0,Yes,Yes,38,Two year,Yes,Mailed check,Fiber optic,No,No,No,532.5,0,0,5.0,82.32,3105.16,0,3048.62
CUST_10056,54,Female,0,Yes,Yes,21,Month-to-month,Yes,Credit card (automatic),Fiber optic,Yes,Yes,Yes,529.1,1,1,5.0,126.09,2704.16,0,3738.79
CUST_10057,31,Male,0,No,No,51,Two year,No,Credit card (automatic),Fiber optic,No,No,Yes,674.8,1,1,4.0,101.95,5162.69,0,3385.81
CUST_10058,38,Male,0,No,No,35,Two year,Yes,Mailed check,DSL,No,No,Yes,126.2,3,0,4.0,71.64,2474.09,0,2184.47
CUST_10059,46,Male,0,No,No,9,Month-to-month,No,Mailed check,DSL,Yes,No,Yes,146.5,1,1,5.0,82.46,697.27,0,2280.09
CUST_10060,55,Female,0,Yes,Yes,36,Two year,Yes,Bank transfer (automatic),No,No internet service,No internet service,No internet service,23.3,0,0,5.0,20.64,732.09,0,1010.82
CUST_10061,36,Female,0,No,No,19,Month-to-month,Yes,Mailed check,DSL,No,No,Yes,116.3,2,1,4.0,70.74,1286.68,0,2128.72
CUST_10062,40,Female,0,No,No,31,Month-to-month,Yes,Bank transfer (automatic),DSL,No,No,Yes,88.4,2,0,5.0,69.71,2163.08,0,2097.24
CUST_10063,28,Female,0,Yes,Yes,28,Two year,No,Mailed check,Fiber optic,No,No,Yes,275.6,0,1,5.0,99.93,2800.2,0,2883.54
CUST_10064,26,Male,0,No,No,27,Month-to-month,Yes,Electronic check,Fiber optic,Yes,Yes,No,312.3,2,4,3.0,107.95,2895.26,1,1556.16
CUST_10065,53,Male,0,Yes,No,18,Month-to-month,No,Credit card (automatic),Fiber optic,No,Yes,No,345.3,0,0,5.0,89.74,1607.15,0,2710.1
CUST_10066,60,Male,0,Yes,No,29,Month-to-month,Yes,Credit card (automatic),DSL,No,No,No,92.6,3,0,4.0,42.75,1235.98,0,1448.6
CUST_10067,41,Female,0,No,No,54,One year,Yes,Electronic check,DSL,No,No,No,49.3,1,0,5.0,45.19,2439.88,0,2051.18
CUST_10068,55,Male,0,Yes,Yes,46,Two year,No,Credit card (automatic),Fiber optic,No,Yes,Yes,504.5,1,0,5.0,114.11,5237.52,0,3728.15
CUST_10069,47,Female,0,No,No,38,One year,Yes,Mailed check,DSL,No,No,No,216.5,1,0,4.0,48.12,1818.87,0,1669.82
CUST_10070,34,Male,0,No,No,10,Month-to-month,Yes,Bank transfer (automatic),DSL,No,No,Yes,59.5,2,0,4.0,70.85,713.95,1,536.83
CUST_10071,47,Female,0,Yes,Yes,12,Month-to-month,Yes,Mailed check,Fiber optic,No,Yes,Yes,200.7,4,0,4.0,112.55,1322.51,1,1198.72
CUST_10072,62,Female,0,No,No,12,Month-to-month,No,Mailed check,No,No internet service,No internet service,No internet service,11.5,2,0,4.0,27.12,313.52,1,150.0
CUST_10073,42,Male,0,No,No,14,One year,No,Mailed check,Fiber optic,No,No,No,197.2,0,0,5.0,80.28,1150.26,0,2358.87
CUST_10074,62,Male,0,Yes,No,49,One year,No,Credit card (automatic),Fiber optic,No,No,No,296.6,0,0,5.0,76.56,3729.93,0,2561.42
CUST_10075,18,Female,0,Yes,Yes,33,Month-to-month,Yes,Bank transfer (automatic),DSL,No,Yes,Yes,119.8,0,0,5.0,83.5,2730.24,0,2579.52
CUST_10076,53,Female,0,Yes,No,58,Two year,Yes,Mailed check,No,No internet service,No internet service,No internet service,17.7,0,0,5.0,19.38,1095.24,0,1246.69
CUST_10077,43,Male,0,Yes,No,45,Month-to-month,Yes,Bank transfer (automatic),Fiber optic,No,No,Yes,308.1,1,1,4.0,102.72,4601.47,0,3525.75
CUST_10078,38,Female,0,Yes,No,17,Month-to-month,No,Credit card (automatic),No,No internet service,No internet service,No internet service,22.8,5,0,4.0,25.64,455.02,0,835.93
CUST_10079,43,Female,0,Yes,No,17,Two year,Yes,Electronic check,DSL,No,No,Yes,79.0,0,0,5.0,76.43,1319.89,0,2362.17
CUST_10080,18,Female,0,Yes,Yes,8,Month-to-month,Yes,Mailed check,DSL,No,Yes,Yes,95.8,4,0,3.0,87.95,723.06,0,2090.15
CUST_10081,39,Female,0,No,No,11,One year,No,Credit card (automatic),DSL,Yes,No,Yes,218.2,0,0,5.0,78.66,876.64,0,2118.42
CUST_10082,47,Male,0,Yes,No,40,Two year,No,Bank transfer (automatic),Fiber optic,No,Yes,No,380.1,0,0,4.0,98.64,3954.58,0,3166.37
CUST_10083,61,Male,0,No,No,11,Month-to-month,Yes,Credit card (automatic),DSL,No,No,Yes,139.5,0,0,5.0,69.27,784.21,0,2065.57
CUST_10084,35,Male,0,No,No,27,One year,No,Electronic check,No,No internet service,No internet service,No internet service,10.7,0,1,4.0,19.82,523.49,0,1182.23
CUST_10085,31,Male,0,No,No,15,Month-to-month,Yes,Credit card (automatic),DSL,No,No,No,127.9,5,0,2.0,48.29,744.4,1,376.34
CUST_10086,35,Female,0,Yes,Yes,3,One year,Yes,Credit card (automatic),DSL,No,No,Yes,122.6,0,0,5.0,67.41,233.95,0,2143.64
CUST_10087,54,Female,0,No,No,58,One year,No,Credit card (automatic),Fiber optic,Yes,Yes,Yes,363.3,1,0,5.0,126.7,7308.72,0,4161.55
CUST_10088,46,Female,0,No,No,43,Two year,Yes,Bank transfer (automatic),Fiber optic,Yes,No,Yes,393.2,4,0,3.0,108.98,4678.46,0,3508.15
CUST_10089,35,Female,0,No,No,30,One year,No,Electronic check,Fiber optic,Yes,No,No,508.6,1,1,5.0,94.48,2825.49,0,3051.93
CUST_10090,49,Female,0,Yes,No,21,Month-to-month,Yes,Mailed check,Fiber optic,Yes,No,Yes,195.7,2,1,4.0,107.17,2249.93,1,1186.22
CUST_10091,43,Male,0,Yes,Yes,35,One year,No,Mailed check,Fiber optic,No,Yes,No,422.4,1,0,4.0,99.15,3481.36,0,3112.2
CUST_10092,55,Male,0,No,No,35,Month-to-month,Yes,Mailed check,DSL,No,Yes,No,130.6,8,1,2.0,65.3,2337.62,1,1029.15
CUST_10093,33,Female,0,Yes,Yes,54,Two year,No,Bank transfer (automatic),Fiber optic,Yes,No,No,435.0,1,0,5.0,90.74,4866.04,0,3061.83
CUST_10094,38,Male,0,Yes,No,27,One year,No,Bank transfer (automatic),DSL,Yes,No,No,160.8,1,0,4.0,57.31,1516.54,0,1955.95
CUST_10095,37,Male,0,Yes,Yes,20,Month-to-month,Yes,Electronic check,Fiber optic,Yes,Yes,Yes,324.3,4,2,3.0,128.0,2581.22,1,1524.01
CUST_10096,23,Male,0,No,No,61,Two year,Yes,Bank transfer (automatic),DSL,No,No,No,111.3,2,1,4.0,55.05,3368.46,0,2233.35
CUST_10097,46,Male,0,No,No,44,Two year,Yes,Electronic check,DSL,No,Yes,No,147.0,0,3,4.0,63.82,2797.26,0,2305.0
CUST_10098,45,Male,0,Yes,Yes,33,Two year,No,Electronic check,Fiber optic,Yes,No,Yes,250.8,1,2,3.0,108.3,3565.14,0,3330.83
CUST_10099,42,Male,0,No,No,41,One year,Yes,Mailed check,DSL,No,No,No,113.6,0,0,4.0,45.58,1866.01,0,1695.78
CUST_10100,39,Male,0,No,No,36,Two year,Yes,Bank transfer (automatic),DSL,No,No,Yes,124.6,1,1,5.0,69.84,2525.07,0,2167.61
CUST_10101,24,Male,0,No,No,22,Two year,No,Credit card (automatic),Fiber optic,No,Yes,No,477.9,1,0,4.0,89.96,1995.64,0,2979.28
CUST_10102,37,Female,0,No,No,26,One year,No,Mailed check,Fiber optic,No,No,Yes,366.1,0,0,5.0,99.66,2613.47,0,3139.5
CUST_10103,38,Female,0,No,No,21,Month-to-month,Yes,Credit card (automatic),DSL,No,Yes,Yes,128.0,1,0,5.0,81.46,1743.21,0,2274.04
CUST_10104,32,Male,0,No,No,8,One year,No,Electronic check,DSL,No,No,No,110.6,0,2,4.0,46.45,394.98,0,1061.03
CUST_10105,40,Female,0,Yes,Yes,57,Two year,Yes,Credit card (automatic),DSL,Yes,No,Yes,132.6,2,0,4.0,83.4,4748.62,0,2509.6
CUST_10106,47,Female,0,No,No,5,Month-to-month,No,Credit card (automatic),DSL,No,No,Yes,127.6,3,1,2.0,68.66,309.18,0,2053.03
CUST_10107,67,Male,1,Yes,Yes,53,One year,Yes,Bank transfer (automatic),DSL,No,No,No,92.8,1,0,4.0,46.01,2418.74,0,1876.09
CUST_10108,44,Female,0,Yes,No,33,Month-to-month,Yes,Electronic check,DSL,No,Yes,Yes,146.4,1,1,4.0,84.1,2724.79,1,1079.19
CUST_10109,45,Male,0,No,No,44,Two year,No,Mailed check,No,No internet service,No internet service,No internet service,8.0,0,0,5.0,18.5,868.95,0,726.17
CUST_10110,41,Male,0,No,No,2,Month-to-month,Yes,Electronic check,DSL,Yes,No,Yes,124.1,2,1,3.0,79.57,190.62,1,981.75
CUST_10111,18,Male,0,No,No,50,Two year,Yes,Bank transfer (automatic),DSL,No,No,No,194.8,1,0,4.0,57.47,2860.7,0,2142.4
CUST_10112,42,Female,0,Yes,No,27,Month-to-month,No,Electronic check,DSL,No,Yes,Yes,59.3,3,2,4.0,82.5,2243.06,1,1259.75
CUST_10113,43,Female,0,Yes,No,35,Month-to-month,Yes,Mailed check,DSL,No,Yes,No,79.0,4,0,5.0,64.45,2252.12,0,2006.91
CUST_10114,74,Male,1,No,No,7,Month-to-month,Yes,Electronic check,DSL,Yes,Yes,Yes,170.4,3,1,4.0,93.27,671.78,1,1337.5
CUST_10115,39,Male,0,Yes,No,13,Month-to-month,No,Electronic check,Fiber optic,Yes,Yes,Yes,449.8,1,0,5.0,119.83,1572.04,0,3593.59
CUST_10116,46,Male,0,No,No,37,Two year,No,Electronic check,Fiber optic,No,Yes,No,229.0,0,1,4.0,89.98,3326.2,0,2621.8
CUST_10117,42,Female,0,Yes,Yes,52,One year,No,Electronic check,DSL,No,Yes,No,69.7,1,0,5.0,62.72,3265.36,0,2445.54
CUST_10118,27,Female,0,Yes,No,11,Month-to-month,Yes,Bank transfer (automatic),Fiber optic,No,No,No,75.8,1,0,4.0,75.02,811.48,0,1825.17
CUST_10119,57,Male,0,No,No,19,One year,Yes,Electronic check,DSL,No,Yes,Yes,44.6,0,1,5.0,78.33,1501.82,0,2214.21
CUST_10120,52,Female,0,Yes,No,65,Month-to-month,Yes,Bank transfer (automatic),DSL,No,No,Yes,110.9,2,0,4.0,68.2,4386.64,1,1607.34
CUST_10121,52,Male,0,Yes,No,21,Two year,Yes,Bank transfer (automatic),DSL,No,Yes,Yes,169.7,0,0,5.0,85.19,1800.81,0,2384.74
CUST_10122,30,Female,0,Yes,No,35,One year,Yes,Electronic check,Fiber optic,No,No,No,480.0,1,0,4.0,80.8,2790.99,0,2590.74
CUST_10123,60,Female,0,No,No,27,One year,Yes,Electronic check,Fiber optic,No,Yes,No,446.8,0,0,5.0,92.65,2501.25,0,2703.15
CUST_10124,24,Female,0,No,No,59,Two year,No,Bank transfer (automatic),No,No internet service,No internet service,No internet service,7.6,1,0,5.0,18.5,1093.86,0,1144.91
CUST_10125,50,Female,0,Yes,Yes,62,One year,No,Credit card (automatic),DSL,No,No,Yes,178.5,0,0,5.0,74.53,4627.42,0,2823.45
CUST_10126,70,Male,1,Yes,No,63,One year,Yes,Mailed check,Fiber optic,No,No,No,427.3,2,0,4.0,85.58,5370.96,0,3276.73
CUST_10127,29,Male,0,No,No,41,Month-to-month,Yes,Mailed check,DSL,No,No,No,58.3,2,0,5.0,49.0,1989.52,0,1762.1
CUST_10128,35,Female,0,Yes,No,32,One year,Yes,Bank transfer (automatic),Fiber optic,No,Yes,Yes,198.5,0,0,5.0,120.69,3873.3,0,3465.96
CUST_10129,43,Male,0,No,No,50,One year,Yes,Credit card (automatic),DSL,No,No,Yes,154.0,0,0,5.0,72.86,3629.15,0,2513.13
CUST_10130,35,Female,0,Yes,Yes,48,Two year,No,Credit card (automatic),DSL,No,No,No,156.7,1,0,4.0,55.72,2698.82,0,1891.23
CUST_10131,22,Male,0,Yes,Yes,27,Month-to-month,Yes,Mailed check,DSL,No,No,No,103.4,3,0,4.0,48.56,1309.87,0,1891.69
CUST_10132,43,Female,0,No,No,56,Month-to-month,No,Electronic check,DSL,No,No,No,99.2,2,4,2.0,51.53,2885.66,0,2147.43
CUST_10133,28,Male,0,Yes,No,38,One year,Yes,Bank transfer (automatic),Fiber optic,No,No,Yes,409.6,0,0,5.0,105.37,4001.68,0,3496.01
CUST_10134,48,Male,0,No,No,6,Month-to-month,No,Electronic check,DSL,No,No,Yes,127.6,1,2,5.0,70.24,430.79,1,689.41
CUST_10135,30,Male,0,Yes,Yes,18,One year,No,Mailed check,Fiber optic,Yes,No,No,424.7,2,0,3.0,92.9,1671.95,0,2793.02
CUST_10136,62,Male,0,Yes,No,39,Two year,Yes,Bank transfer (automatic),Fiber optic,No,No,No,174.4,1,1,4.0,78.39,3064.8,0,2463.25
CUST_10137,32,Male,0,No,No,50,One year,Yes,Bank transfer (automatic),Fiber optic,Yes,No,No,348.1,2,0,4.0,87.37,4412.1,0,3032.33
CUST_10138,38,Male,0,Yes,Yes,42,Month-to-month,No,Bank transfer (automatic),No,No internet service,No internet service,No internet service,16.9,5,1,3.0,18.5,819.53,0,1151.59
CUST_10139,53,Male,0,No,No,61,Month-to-month,Yes,Electronic check,DSL,Yes,No,No,128.2,2,3,3.0,64.89,3975.63,0,2502.96
CUST_10140,26,Male,0,Yes,Yes,6,Month-to-month,Yes,Credit card (automatic),DSL,No,Yes,Yes,121.5,5,0,3.0,91.21,497.68,1,671.45
CUST_10141,45,Male,0,No,No,36,Two year,Yes,Electronic check,DSL,No,No,Yes,88.8,0,2,3.0,69.37,2478.16,0,2315.38
CUST_10142,59,Female,0,No,No,53,One year,Yes,Electronic check,DSL,Yes,No,Yes,134.1,2,4,3.0,78.69,4173.72,0,2327.58
CUST_10143,21,Male,0,Yes,Yes,38,Two year,Yes,Bank transfer (automatic),Fiber optic,No,No,Yes,133.4,1,0,5.0,102.24,3870.77,0,3050.54
CUST_10144,44,Female,0,No,No,19,Two year,Yes,Credit card (automatic),Fiber optic,Yes,No,No,378.7,2,0,3.0,91.63,1750.5,0,2708.92
CUST_10145,45,Male,0,No,No,11,Month-to-month,No,Mailed check,Fiber optic,No,No,Yes,530.1,1,0,5.0,93.96,1034.02,0,2737.6
CUST_10146,52,Female,0,Yes,No,8,One year,Yes,Bank transfer (automatic),DSL,No,No,No,129.0,0,1,5.0,53.69,427.33,0,1177.4
CUST_10147,26,Male,0,No,No,23,One year,Yes,Mailed check,No,No internet service,No internet service,No internet service,10.2,0,0,4.0,18.5,420.71,0,714.47
CUST_10148,25,Female,0,No,No,44,Two year,Yes,Electronic check,DSL,Yes,Yes,Yes,106.3,0,1,4.0,95.81,4184.1,0,2906.27
CUST_10149,49,Female,0,Yes,Yes,29,One year,Yes,Bank transfer (automatic),DSL,No,Yes,Yes,85.6,2,0,5.0,82.27,2380.23,0,2261.3
CUST_10150,46,Female,0,Yes,No,69,One year,No,Mailed check,No,No internet service,No internet service,No internet service,16.1,2,0,4.0,18.5,1305.37,0,1316.47
CUST_10151,45,Male,0,Yes,No,6,Two year,No,Credit card (automatic),DSL,No,No,Yes,121.0,0,0,5.0,62.21,377.46,0,1590.94
CUST_10152,47,Female,0,Yes,Yes,29,Month-to-month,No,Electronic check,Fiber optic,Yes,No,Yes,235.4,2,4,4.0,112.66,3289.93,0,3308.71
CUST_10153,33,Female,0,No,No,11,One year,Yes,Electronic check,Fiber optic,No,No,No,482.2,0,1,5.0,73.44,814.62,0,2340.06
CUST_10154,45,Male,0,No,No,4,Month-to-month,Yes,Mailed check,No,No internet service,No internet service,No internet service,13.4,2,0,4.0,22.55,104.93,0,631.87
CUST_10155,46,Male,0,No,No,69,Two year,Yes,Mailed check,DSL,No,No,No,138.1,1,0,3.0,47.93,3335.85,0,2306.84
CUST_10156,33,Female,0,Yes,Yes,59,One year,Yes,Mailed check,No,No internet service,No internet service,No internet service,23.2,1,1,5.0,19.49,1132.31,0,933.07
CUST_10157,66,Female,1,Yes,Yes,32,Two year,Yes,Electronic check,DSL,No,No,No,68.4,1,2,5.0,46.89,1527.8,0,1505.5
CUST_10158,48,Female,0,No,No,50,Month-to-month,No,Electronic check,DSL,Yes,No,Yes,185.8,2,1,4.0,84.03,4141.55,0,2671.45
CUST_10159,27,Male,0,No,No,14,Month-to-month,Yes,Credit card (automatic),DSL,No,No,Yes,94.3,6,1,2.0,70.42,978.49,1,849.0
CUST_10160,51,Female,0,No,No,12,One year,Yes,Mailed check,DSL,Yes,Yes,No,175.8,1,0,5.0,80.25,1018.53,0,2387.43
CUST_10161,29,Female,0,Yes,Yes,0,Two year,No,Bank transfer (automatic),No,No internet service,No internet service,No internet service,21.3,2,0,4.0,18.5,,0,676.64
CUST_10162,52,Female,0,Yes,Yes,46,One year,No,Mailed check,Fiber optic,No,No,No,273.4,1,0,4.0,86.11,3989.92,0,2766.15
CUST_10163,57,Female,0,Yes,Yes,56,One year,Yes,Bank transfer (automatic),Fiber optic,Yes,No,Yes,336.3,0,0,5.0,118.29,6632.64,0,3847.86
CUST_10164,31,Male,0,No,No,21,One year,Yes,Bank transfer (automatic),DSL,Yes,No,Yes,41.2,1,0,5.0,86.66,1831.48,0,2555.0
CUST_10165,55,Female,0,Yes,Yes,5,Month-to-month,No,Bank transfer (automatic),Fiber optic,No,Yes,No,308.2,2,1,4.0,92.06,431.54,0,2316.49
CUST_10166,47,Female,0,No,No,49,Two year,Yes,Electronic check,DSL,No,Yes,No,78.3,1,1,4.0,66.56,3259.12,0,1953.51
CUST_10167,53,Female,0,No,No,44,Month-to-month,No,Mailed check,DSL,No,No,No,88.9,5,1,3.0,50.27,2191.36,0,1900.09
CUST_10168,67,Female,1,Yes,Yes,44,Two year,Yes,Electronic check,Fiber optic,No,No,Yes,357.8,2,4,2.0,97.12,4299.26,0,3287.09
CUST_10169,39,Female,0,No,No,16,One year,Yes,Bank transfer (automatic),Fiber optic,No,Yes,Yes,402.2,1,1,5.0,111.67,1818.51,0,3133.0
CUST_10170,32,Male,0,No,No,26,Month-to-month,Yes,Mailed check,Fiber optic,Yes,No,Yes,272.5,0,0,5.0,111.39,2886.14,0,3377.0
CUST_10171,30,Male,0,No,No,64,One year,Yes,Electronic check,Fiber optic,Yes,Yes,No,354.2,1,1,5.0,98.4,6290.75,0,3664.11
CUST_10172,31,Male,0,Yes,Yes,13,Two year,No,Bank transfer (automatic),Fiber optic,Yes,No,No,290.4,0,0,4.0,87.15,1163.48,0,2511.26
CUST_10173,41,Male,0,Yes,Yes,61,One year,No,Electronic check,DSL,Yes,No,Yes,138.8,0,4,4.0,80.29,4857.74,0,2838.88
CUST_10174,46,Male,0,Yes,Yes,33,Month-to-month,No,Credit card (automatic),Fiber optic,No,No,Yes,321.5,1,0,5.0,101.5,3378.43,0,2983.51
CUST_10175,46,Female,0,Yes,No,38,Month-to-month,Yes,Electronic check,Fiber optic,No,No,Yes,215.8,3,2,3.0,101.38,3852.75,0,3222.81
CUST_10176,53,Male,0,No,No,45,Two year,No,Credit card (automatic),Fiber optic,No,No,No,261.8,0,1,5.0,71.17,3206.34,0,2534.46
CUST_10177,42,Male,0,No,No,64,One year,No,Mailed check,DSL,Yes,No,No,108.6,3,1,3.0,65.96,4222.6,0,2709.3
CUST_10178,61,Male,0,Yes,Yes,33,Two year,No,Electronic check,Fiber optic,No,No,Yes,427.9,2,1,4.0,94.69,3169.32,0,2884.02
CUST_10179,39,Male,0,No,No,6,Month-to-month,Yes,Electronic check,DSL,Yes,Yes,No,183.6,1,0,5.0,68.41,408.79,0,1903.18
CUST_10180,77,Female,1,No,No,0,Month-to-month,No,Electronic check,Fiber optic,No,No,No,271.7,7,3,2.0,80.66,0.0,1,1037.13
CUST_10181,50,Male,0,Yes,Yes,51,One year,Yes,Electronic check,DSL,No,No,Yes,46.3,0,2,4.0,74.66,3806.7,0,2650.59
CUST_10182,31,Male,0,Yes,No,18,One year,Yes,Electronic check,DSL,No,Yes,No,172.6,0,2,5.0,63.38,1136.63,0,1846.24
CUST_10183,28,Male,0,No,No,43,Two year,Yes,Electronic check,No,No internet service,No internet service,No internet service,18.0,0,0,5.0,21.97,938.17,0,1029.19
CUST_10184,48,Female,0,No,No,25,One year,No,Electronic check,DSL,Yes,No,No,132.2,0,4,4.0,62.88,1601.97,0,1982.28
CUST_10185,39,Female,0,No,No,61,Month-to-month,No,Mailed check,Fiber optic,Yes,Yes,No,187.7,2,0,3.0,105.14,6420.59,0,3593.22
CUST_10186,51,Female,0,Yes,No,2,Month-to-month,Yes,Mailed check,Fiber optic,No,No,Yes,340.7,0,1,5.0,101.45,219.98,0,2687.13
CUST_10187,48,Male,0,Yes,No,18,One year,Yes,Bank transfer (automatic),DSL,No,Yes,No,149.6,0,0,5.0,61.13,1013.52,0,1743.17
CUST_10188,41,Female,0,Yes,Yes,14,One year,Yes,Electronic check,DSL,Yes,Yes,Yes,60.7,0,1,4.0,96.12,1342.17,0,2672.78
CUST_10189,31,Female,0,No,No,48,Two year,No,Credit card (automatic),Fiber optic,No,No,Yes,462.4,2,0,4.0,102.92,4932.81,0,3452.2
CUST_10190,22,Male,0,No,No,58,One year,No,Mailed check,Fiber optic,No,Yes,Yes,400.7,2,1,3.0,119.95,6992.7,0,3743.33
CUST_10191,36,Female,0,Yes,Yes,58,One year,Yes,Bank transfer (automatic),DSL,No,No,Yes,171.5,2,2,3.0,69.15,4043.93,0,2533.36
CUST_10192,53,Male,0,No,No,10,Month-to-month,No,Electronic check,DSL,No,Yes,No,153.5,0,1,5.0,59.54,621.6,0,1644.28
CUST_10193,45,Female,0,No,No,55,Two year,Yes,Mailed check,Fiber optic,Yes,No,No,79.1,1,0,5.0,100.68,5532.28,0,3340.13
CUST_10194,26,Male,0,No,No,14,Two year,Yes,Mailed check,No,No internet service,No internet service,No internet service,9.7,0,0,5.0,21.12,272.51,0,575.36
CUST_10195,44,Male,0,No,No,27,Two year,Yes,Credit card (automatic),Fiber optic,Yes,Yes,Yes,433.4,2,1,3.0,120.02,3229.31,0,3647.64
CUST_10196,47,Male,0,Yes,No,45,One year,Yes,Credit card (automatic),Fiber optic,No,No,No,200.1,2,0,5.0,75.88,3412.33,0,2577.89
CUST_10197,31,Male,0,No,No,40,One year,No,Bank transfer (automatic),No,No internet service,No internet service,No internet service,10.9,0,0,5.0,18.5,745.43,0,968.62
CUST_10198,44,Female,0,Yes,Yes,9,Month-to-month,No,Bank transfer (automatic),DSL,Yes,Yes,Yes,113.2,1,0,5.0,97.72,884.59,0,2794.42
CUST_10199,43,Female,0,Yes,Yes,20,Month-to-month,Yes,Bank transfer (automatic),DSL,Yes,Yes,No,98.9,1,1,4.0,75.73,1516.31,0,2421.61
CUST_10200,27,Female,0,No,No,16,Month-to-month,No,Electronic check,DSL,No,No,Yes,36.0,1,1,4.0,70.15,1122.69,0,2019.64
CUST_10201,47,Male,0,No,No,13,Month-to-month,No,Bank transfer (automatic),No,No internet service,No internet service,No internet service,17.3,1,0,5.0,18.5,265.97,1,309.95
CUST_10202,49,Male,0,No,No,38,One year,Yes,Electronic check,No,No internet service,No internet service,No internet service,13.8,0,1,5.0,19.7,754.43,0,998.37
CUST_10203,56,Female,0,No,No,4,Month-to-month,Yes,Bank transfer (automatic),DSL,Yes,No,Yes,130.2,1,0,4.0,84.47,326.83,0,2299.84
CUST_10204,56,Male,0,No,No,17,Month-to-month,No,Electronic check,Fiber optic,Yes,Yes,Yes,325.2,2,0,4.0,128.0,2184.72,1,1600.08
CUST_10205,24,Female,0,No,No,28,Month-to-month,No,Electronic check,DSL,No,No,Yes,24.5,3,1,2.0,69.05,1953.21,1,1011.95
CUST_10206,30,Male,0,Yes,Yes,10,Month-to-month,Yes,Mailed check,Fiber optic,No,Yes,Yes,270.6,3,0,5.0,116.23,1212.37,0,2922.97
CUST_10207,49,Male,0,No,No,30,Month-to-month,Yes,Electronic check,DSL,No,Yes,Yes,81.4,0,1,4.0,87.99,2627.97,1,1332.72
CUST_10208,49,Female,0,No,No,55,Two year,No,Bank transfer (automatic),No,No internet service,No internet service,No internet service,15.2,1,1,5.0,24.89,1349.19,0,1578.78
CUST_10209,49,Female,0,Yes,No,15,Month-to-month,Yes,Mailed check,DSL,Yes,No,No,147.8,3,0,4.0,57.84,875.51,1,889.93
CUST_10210,80,Female,1,Yes,Yes,29,Two year,No,Credit card (automatic),Fiber optic,Yes,No,No,301.9,0,0,5.0,97.01,2791.61,0,2981.06
CUST_10211,49,Male,0,No,No,51,Month-to-month,Yes,Mailed check,DSL,No,No,No,146.4,1,0,5.0,51.68,2642.31,0,2534.99
CUST_10212,57,Male,0,No,No,7,Month-to-month,Yes,Bank transfer (automatic),DSL,No,No,No,177.7,4,0,3.0,47.94,374.53,0,1249.88
CUST_10213,54,Female,0,No,No,38,Two year,Yes,Credit card (automatic),Fiber optic,Yes,No,No,421.8,0,1,4.0,89.78,3389.33,0,3180.3
CUST_10214,50,Female,0,No,No,30,Two year,Yes,Electronic check,Fiber optic,No,No,No,579.3,2,2,3.0,78.79,2357.96,0,2658.81
CUST_10215,38,Female,0,Yes,Yes,17,Month-to-month,Yes,Bank transfer (automatic),DSL,No,No,No,70.6,5,0,3.0,43.87,748.34,1,858.28
CUST_10216,52,Male,0,No,No,30,Month-to-month,Yes,Mailed check,Fiber optic,Yes,Yes,Yes,480.8,0,0,4.0,123.87,3731.69,0,3514.76
CUST_10217,32,Male,0,No,No,49,Two year,No,Electronic check,Fiber optic,No,Yes,No,291.3,1,3,3.0,88.17,4302.11,0,3195.77
CUST_10218,39,Female,0,No,No,17,Month-to-month,Yes,Electronic check,DSL,Yes,No,Yes,133.3,2,1,4.0,84.22,1471.91,0,2423.3
CUST_10219,36,Male,0,No,No,45,One year,No,Bank transfer (automatic),Fiber optic,No,Yes,No,164.5,1,0,4.0,92.2,4166.27,0,2825.13
CUST_10220,43,Male,0,No,No,7,One year,No,Electronic check,Fiber optic,Yes,Yes,No,584.2,0,1,5.0,106.51,754.42,0,2980.1
CUST_10221,72,Female,1,No,No,19,Two year,No,Electronic check,DSL,Yes,Yes,No,89.8,1,0,5.0,78.67,1484.53,0,2363.51
CUST_10222,18,Female,0,No,No,48,One year,Yes,Mailed check,Fiber optic,Yes,No,No,453.3,2,0,4.0,93.77,4455.31,0,3617.64
CUST_10223,51,Male,0,Yes,No,0,Two year,No,Mailed check,Fiber optic,No,No,Yes,571.1,1,0,4.0,92.36,0.0,0,2743.85
CUST_10224,21,Male,0,No,No,19,One year,No,Bank transfer (automatic),Fiber optic,No,Yes,No,345.1,0,0,5.0,91.91,1749.66,0,2691.35
CUST_10225,36,Female,0,Yes,Yes,29,Month-to-month,Yes,Electronic check,DSL,No,No,No,173.1,2,0,4.0,42.6,1260.9,0,1674.07
CUST_10226,56,Female,0,Yes,No,28,One year,Yes,Electronic check,Fiber optic,No,No,No,197.4,0,1,4.0,75.48,2140.14,0,1931.07
CUST_10227,43,Female,0,No,No,3,Month-to-month,Yes,Mailed check,Fiber optic,Yes,Yes,No,459.1,8,1,2.0,96.5,303.62,1,1494.58
CUST_10228,28,Male,0,Yes,Yes,18,One year,Yes,Mailed check,DSL,Yes,No,Yes,126.3,1,0,5.0,85.53,1525.7,0,2479.18
CUST_10229,33,Female,0,No,No,21,Two year,No,Credit card (automatic),Fiber optic,No,No,Yes,323.4,0,0,5.0,93.06,2031.54,0,2938.69
CUST_10230,51,Female,0,Yes,No,53,Month-to-month,No,Bank transfer (automatic),DSL,Yes,No,Yes,93.5,3,0,4.0,77.89,4117.82,0,2720.02
CUST_10231,33,Male,0,Yes,Yes,16,One year,No,Credit card (automatic),DSL,Yes,No,No,59.9,2,0,4.0,56.36,936.57,0,1732.44
CUST_10232,45,Male,0,No,No,33,One year,Yes,Electronic check,Fiber optic,Yes,Yes,No,366.8,1,0,5.0,108.87,3597.95,0,3281.78
CUST_10233,43,Female,0,Yes,No,55,One year,No,Bank transfer (automatic),DSL,No,No,No,102.6,2,0,4.0,48.44,2647.3,0,1800.68
CUST_10234,34,Female,0,No,No,15,One year,Yes,Bank transfer (automatic),DSL,Yes,No,No,146.4,1,0,4.0,57.51,865.01,0,1448.76
CUST_10235,70,Male,1,Yes,Yes,9,Month-to-month,Yes,Bank transfer (automatic),DSL,No,Yes,Yes,132.3,1,0,4.0,80.43,712.86,0,2267.76
CUST_10236,50,Female,0,Yes,Yes,21,Two year,No,Credit card (automatic),DSL,No,Yes,No,133.8,3,1,4.0,64.42,1304.4,0,1732.33
CUST_10237,18,Female,0,Yes,No,2,One year,Yes,Mailed check,Fiber optic,Yes,No,No,426.5,1,0,5.0,83.08,168.83,0,2504.64
CUST_10238,44,Male,0,Yes,No,49,One year,Yes,Mailed check,Fiber optic,Yes,Yes,Yes,221.3,0,0,5.0,123.52,6037.62,0,3775.27
CUST_10239,33,Female,0,No,No,41,One year,No,Credit card (automatic),DSL,Yes,No,Yes,57.4,1,0,4.0,89.04,3599.56,0,2462.05
CUST_10240,53,Male,0,Yes,No,30,One year,No,Electronic check,Fiber optic,Yes,No,Yes,232.9,0,1,5.0,115.95,3410.34,0,3222.97
CUST_10241,32,Male,0,No,No,5,Month-to-month,Yes,Electronic check,DSL,Yes,Yes,No,107.2,5,1,2.0,69.24,338.33,0,2120.01
CUST_10242,41,Female,0,No,No,52,One year,No,Mailed check,DSL,No,No,Yes,79.9,1,0,5.0,75.18,3869.25,0,2639.05
CUST_10243,49,Female,0,No,No,12,One year,Yes,Electronic check,No,No internet service,No internet service,No internet service,8.5,2,3,3.0,19.97,215.07,1,150.0
CUST_10244,53,Male,0,No,No,38,Two year,No,Mailed check,Fiber optic,Yes,No,No,163.1,0,1,4.0,93.07,3509.71,0,2830.33
CUST_10245,26,Male,0,Yes,No,65,One year,Yes,Credit card (automatic),DSL,No,No,No,113.0,0,0,4.0,49.61,3268.51,0,2066.5
CUST_10246,38,Male,0,Yes,Yes,24,Two year,No,Mailed check,Fiber optic,No,No,No,319.0,0,0,5.0,77.24,1869.74,0,2361.93
CUST_10247,36,Male,0,No,No,20,Month-to-month,No,Bank transfer (automatic),DSL,No,Yes,Yes,119.3,0,0,5.0,85.75,1707.76,0,2051.98
CUST_10248,34,Female,0,No,No,29,Month-to-month,Yes,Electronic check,No,No internet service,No internet service,No internet service,19.1,4,2,2.0,24.86,712.79,1,678.57
CUST_10249,65,Male,1,No,No,12,One year,No,Electronic check,DSL,No,No,No,120.1,1,0,5.0,54.59,647.77,0,1672.57
CUST_10250,47,Female,0,No,No,55,Two year,No,Electronic check,Fiber optic,No,Yes,No,415.2,0,2,4.0,94.11,5166.59,0,3161.07
CUST_10251,26,Female,0,Yes,Yes,48,Month-to-month,Yes,Bank transfer (automatic),DSL,No,Yes,No,146.0,1,0,5.0,59.65,2870.01,0,1667.59
CUST_10252,54,Female,0,Yes,Yes,54,One year,No,Electronic check,Fiber optic,No,No,No,200.0,1,2,4.0,77.85,4182.66,0,2716.03
CUST_10253,70,Female,1,No,No,50,One year,No,Bank transfer (automatic),No,No internet service,No internet service,No internet service,25.6,1,0,5.0,28.57,1395.92,0,1617.77
CUST_10254,55,Male,0,No,No,37,Two year,Yes,Bank transfer (automatic),DSL,No,No,No,84.4,0,0,5.0,50.95,1910.08,0,1739.83
CUST_10255,22,Female,0,Yes,Yes,58,Two year,Yes,Mailed check,DSL,No,Yes,Yes,115.3,1,0,4.0,88.15,5089.98,0,2774.74
CUST_10256,36,Female,0,No,No,42,One year,Yes,Electronic check,Fiber optic,Yes,Yes,Yes,276.5,0,1,5.0,128.0,5391.42,0,4053.46
CUST_10257,58,Female,0,Yes,No,18,Month-to-month,Yes,Electronic check,DSL,Yes,No,No,114.8,3,1,5.0,63.2,1113.01,0,2103.35
CUST_10258,33,Male,0,Yes,Yes,19,Month-to-month,Yes,Mailed check,Fiber optic,Yes,No,Yes,504.5,2,0,4.0,110.78,2123.7,0,3240.74
CUST_10259,48,Male,0,No,No,56,Month-to-month,Yes,Credit card (automatic),Fiber optic,Yes,No,No,487.4,1,0,4.0,91.54,5115.22,0,3414.61
CUST_10260,52,Female,0,No,No,29,Month-to-month,No,Bank transfer (automatic),DSL,No,No,No,100.5,3,0,3.0,44.28,1274.75,0,1498.14
CUST_10261,30,Female,0,No,No,50,One year,No,Mailed check,Fiber optic,No,Yes,Yes,176.4,0,0,4.0,109.82,5506.93,0,3430.12
CUST_10262,41,Female,0,Yes,No,27,One year,No,Credit card (automatic),DSL,No,No,Yes,199.5,2,1,3.0,66.11,1816.2,0,2059.75
CUST_10263,18,Male,0,Yes,No,43,One year,No,Electronic check,No,No internet service,No internet service,No internet service,22.6,2,1,5.0,25.0,1084.69,0,995.92
CUST_10264,29,Male,0,No,No,50,One year,Yes,Mailed check,DSL,No,Yes,No,24.5,2,0,4.0,57.99,2902.52,0,1858.26
CUST_10265,39,Male,0,Yes,Yes,63,One year,No,Bank transfer (automatic),Fiber optic,Yes,Yes,Yes,372.8,1,0,5.0,128.0,8045.18,0,4022.34
CUST_10266,26,Male,0,No,No,45,Two year,Yes,Electronic check,DSL,Yes,No,No,60.5,1,2,4.0,63.67,2863.88,0,2121.36
CUST_10267,63,Female,0,No,No,47,Two year,Yes,Credit card (automatic),Fiber optic,No,Yes,No,326.3,2,0,4.0,96.95,4561.06,0,3305.89
CUST_10268,23,Male,0,No,No,33,Month-to-month,Yes,Mailed check,DSL,Yes,Yes,No,127.4,2,0,4.0,69.79,2324.41,1,1374.6
CUST_10269,36,Male,0,Yes,Yes,19,Month-to-month,Yes,Electronic check,DSL,Yes,Yes,Yes,143.0,2,3,3.0,94.97,1820.87,1,1195.08
CUST_10270,44,Female,0,No,No,29,Month-to-month,Yes,Electronic check,DSL,No,Yes,Yes,47.4,4,1,2.0,86.27,2513.91,0,2350.03
CUST_10271,61,Female,0,Yes,No,43,Month-to-month,Yes,Mailed check,Fiber optic,No,Yes,No,543.8,1,1,3.0,93.2,3972.0,0,3170.23
CUST_10272,23,Male,0,Yes,No,64,One year,No,Mailed check,DSL,No,No,No,78.0,2,1,4.0,53.41,3454.38,0,2344.58
CUST_10273,57,Male,0,Yes,Yes,54,Two year,Yes,Credit card (automatic),DSL,No,Yes,No,97.6,1,0,4.0,61.37,3294.22,0,2505.32
CUST_10274,42,Female,0,Yes,Yes,50,One year,Yes,Bank transfer (automatic),No,No internet service,No internet service,No internet service,15.9,0,0,5.0,23.8,1182.12,0,1027.76
CUST_10275,29,Male,0,No,No,54,One year,No,Bank transfer (automatic),DSL,No,No,Yes,96.8,2,0,5.0,74.21,3998.78,0,2413.97
CUST_10276,48,Male,0,Yes,Yes,44,Two year,Yes,Electronic check,Fiber optic,Yes,No,Yes,410.1,0,1,4.0,112.88,4956.91,0,3608.94
CUST_10277,45,Female,0,Yes,Yes,57,Month-to-month,No,Electronic check,Fiber optic,No,Yes,No,396.9,3,1,3.0,92.8,5273.89,1,2116.71
CUST_10278,34,Female,0,No,No,6,Month-to-month,Yes,Bank transfer (automatic),DSL,Yes,No,No,142.2,3,1,4.0,54.05,338.38,0,1632.05
CUST_10279,43,Female,0,Yes,No,37,Two year,Yes,Credit card (automatic),DSL,No,No,No,132.6,0,1,5.0,49.07,1799.5,0,1739.25
CUST_10280,37,Male,0,No,No,41,Month-to-month,Yes,Bank transfer (automatic),Fiber optic,Yes,No,Yes,179.0,2,0,3.0,115.57,4693.58,0,3549.24
CUST_10281,43,Female,0,Yes,Yes,43,Two year,Yes,Mailed check,DSL,No,No,Yes,139.6,3,1,4.0,67.3,2924.18,0,2427.49
CUST_10282,51,Female,0,Yes,Yes,11,Two year,Yes,Bank transfer (automatic),Fiber optic,No,No,No,525.6,0,0,5.0,73.14,819.22,0,2246.39
CUST_10283,63,Male,0,No,No,44,Two year,Yes,Mailed check,No,No internet service,No internet service,No internet service,11.7,0,0,5.0,18.5,799.72,0,942.0
CUST_10284,26,Male,0,Yes,No,47,Month-to-month,No,Electronic check,DSL,Yes,No,Yes,117.6,1,1,5.0,81.09,3785.69,0,2746.56
CUST_10285,70,Female,1,No,No,7,Month-to-month,Yes,Bank transfer (automatic),DSL,No,Yes,Yes,161.5,2,1,4.0,87.41,660.43,1,845.3
CUST_10286,18,Female,0,Yes,No,12,Month-to-month,Yes,Mailed check,DSL,Yes,No,Yes,160.9,1,0,4.0,82.51,984.23,1,1084.98
CUST_10287,40,Female,0,Yes,Yes,21,Two year,No,Mailed check,Fiber optic,No,No,Yes,261.7,1,0,4.0,96.78,2063.06,0,2965.13
CUST_10288,50,Male,0,Yes,No,63,Two year,No,Mailed check,DSL,Yes,No,No,83.5,0,0,5.0,51.27,3220.55,0,2042.44
CUST_10289,46,Male,0,Yes,Yes,21,Month-to-month,Yes,Electronic check,No,No internet service,No internet service,No internet service,15.0,3,0,3.0,25.64,558.2,0,837.87
CUST_10290,34,Female,0,Yes,No,25,Two year,Yes,Mailed check,Fiber optic,Yes,No,No,388.7,0,0,5.0,84.11,2047.16,0,2587.79
CUST_10291,39,Male,0,No,No,37,Month-to-month,Yes,Bank transfer (automatic),No,No internet service,No internet service,No internet service,19.1,2,1,4.0,18.87,626.33,0,1069.97
CUST_10292,36,Male,0,No,No,59,One year,No,Electronic check,DSL,No,No,No,32.3,2,2,3.0,47.5,2833.48,0,2107.6
CUST_10293,34,Male,0,Yes,No,29,Month-to-month,No,Bank transfer (automatic),DSL,No,No,No,110.0,0,0,5.0,40.45,1192.27,0,1463.02
CUST_10294,53,Male,0,Yes,Yes,5,Month-to-month,No,Mailed check,DSL,Yes,No,No,121.9,0,0,5.0,53.73,283.3,0,1332.8
CUST_10295,47,Female,0,No,No,44,Two year,No,Credit card (automatic),Fiber optic,Yes,Yes,Yes,146.6,1,0,5.0,117.82,5178.85,0,3419.13
CUST_10296,33,Female,0,No,No,52,One year,Yes,Credit card (automatic),Fiber optic,Yes,No,Yes,375.1,0,0,5.0,115.45,6060.55,0,3791.46
CUST_10297,54,Male,0,No,No,53,Two year,Yes,Mailed check,No,No internet service,No internet service,No internet service,11.2,2,0,4.0,18.72,958.36,0,793.5
CUST_10298,46,Male,0,No,No,51,Two year,No,Electronic check,Fiber optic,Yes,No,No,473.0,0,2,4.0,89.3,4578.72,0,2928.36
CUST_10299,53,Male,0,Yes,Yes,46,Two year,Yes,Bank transfer (automatic),DSL,Yes,Yes,No,105.9,2,0,4.0,74.94,3453.33,0,2395.3
CUST_10300,50,Female,0,Yes,Yes,51,One year,No,Mailed check,DSL,Yes,No,No,115.9,2,1,3.0,52.87,2670.64,0,2224.02
CUST_10301,31,Male,0,No,No,9,Month-to-month,Yes,Bank transfer (automatic),Fiber optic,No,Yes,Yes,195.1,1,0,4.0,107.46,1001.06,0,2769.18
CUST_10302,35,Male,0,No,No,30,One year,Yes,Electronic check,Fiber optic,No,Yes,Yes,506.0,0,1,4.0,115.96,3494.12,0,3311.01
CUST_10303,52,Female,0,No,No,33,One year,No,Bank transfer (automatic),Fiber optic,No,Yes,Yes,465.1,1,1,4.0,113.77,3762.45,0,3622.56
CUST_10304,50,Female,0,Yes,No,22,Month-to-month,No,Mailed check,DSL,No,No,No,122.2,3,0,4.0,40.59,897.77,0,1591.72
CUST_10305,42,Male,0,No,No,55,Two year,No,Electronic check,Fiber optic,No,No,No,319.3,1,1,5.0,78.54,4308.08,0,2850.51
CUST_10306,44,Male,0,No,No,42,Two year,No,Credit card (automatic),Fiber optic,No,No,Yes,458.9,0,0,5.0,100.85,4237.03,0,3201.99
CUST_10307,59,Female,0,Yes,No,21,One year,Yes,Mailed check,DSL,No,No,No,149.2,0,0,5.0,50.48,1066.52,0,1512.81
CUST_10308,34,Male,0,No,No,23,Two year,No,Bank transfer (automatic),DSL,Yes,No,Yes,88.5,0,0,5.0,83.64,1972.91,0,2205.26
CUST_10309,49,Female,0,Yes,Yes,35,Month-to-month,No,Bank transfer (automatic),Fiber optic,Yes,Yes,Yes,250.4,2,1,4.0,128.0,4441.23,0,4137.36
CUST_10310,39,Female,0,Yes,No,17,Month-to-month,Yes,Electronic check,Fiber optic,No,No,Yes,241.0,0,1,5.0,99.3,1651.65,1,1112.84
CUST_10311,39,Male,0,Yes,No,10,Month-to-month,No,Bank transfer (automatic),DSL,Yes,No,No,116.7,2,1,3.0,63.64,630.66,1,790.59
CUST_10312,56,Male,0,Yes,Yes,66,One year,No,Electronic check,Fiber optic,No,No,No,303.6,0,1,5.0,80.7,5301.99,0,2968.0
CUST_10313,53,Male,0,Yes,Yes,54,One year,No,Credit card (automatic),DSL,No,No,No,169.3,0,0,5.0,46.33,2475.27,0,2100.34
CUST_10314,53,Male,0,No,No,8,Month-to-month,Yes,Bank transfer (automatic),Fiber optic,No,No,Yes,483.3,6,0,4.0,90.62,754.01,0,2671.53
CUST_10315,59,Female,0,Yes,Yes,12,Two year,No,Electronic check,DSL,No,No,No,114.9,1,1,5.0,45.2,551.1,0,1231.79
CUST_10316,42,Male,0,No,No,14,Two year,Yes,Mailed check,DSL,No,Yes,No,146.8,1,1,4.0,58.3,817.03,0,1993.44
CUST_10317,51,Female,0,Yes,Yes,25,Month-to-month,Yes,Bank transfer (automatic),Fiber optic,Yes,Yes,Yes,471.3,2,1,3.0,128.0,3183.66,1,1664.23
CUST_10318,38,Female,0,Yes,No,45,Month-to-month,No,Mailed check,DSL,Yes,No,Yes,216.8,3,1,3.0,77.44,3498.83,0,2675.36
CUST_10319,46,Female,0,No,No,47,One year,Yes,Bank transfer (automatic),DSL,Yes,No,No,152.8,1,0,5.0,63.72,2995.76,0,2179.39
CUST_10320,40,Female,0,No,No,34,One year,Yes,Electronic check,Fiber optic,Yes,No,Yes,426.7,1,2,4.0,105.56,3578.84,0,3230.83
CUST_10321,43,Female,0,No,No,20,One year,Yes,Credit card (automatic),No,No internet service,No internet service,No internet service,5.0,1,0,4.0,18.5,399.83,0,509.05
CUST_10322,50,Female,0,No,No,44,Month-to-month,Yes,Electronic check,Fiber optic,Yes,No,Yes,485.4,2,0,4.0,116.1,5148.55,0,3663.5
CUST_10323,31,Female,0,Yes,Yes,26,One year,No,Bank transfer (automatic),DSL,Yes,No,No,125.1,0,1,5.0,57.51,1523.47,0,1841.69
CUST_10324,69,Female,1,Yes,Yes,15,Month-to-month,Yes,Electronic check,DSL,No,Yes,Yes,90.4,2,1,4.0,94.24,1429.79,1,878.92
CUST_10325,29,Male,0,No,No,62,Two year,Yes,Electronic check,DSL,No,No,No,87.1,0,3,4.0,54.2,3367.14,0,2284.51
CUST_10326,26,Female,0,No,No,25,Two year,Yes,Bank transfer (automatic),DSL,No,No,No,135.9,0,0,5.0,46.23,1120.5,0,1564.61
CUST_10327,57,Female,0,No,No,13,Two year,No,Electronic check,DSL,Yes,No,No,62.0,1,2,4.0,53.97,711.74,0,1331.81
CUST_10328,52,Male,0,No,No,17,Month-to-month,No,Credit card (automatic),DSL,No,No,No,76.0,3,0,4.0,50.76,831.57,0,1522.07
CUST_10329,50,Male,0,No,No,43,One year,No,Bank transfer (automatic),Fiber optic,Yes,Yes,Yes,445.7,2,1,3.0,125.95,5432.79,0,4003.59
CUST_10330,50,Male,0,Yes,Yes,9,Month-to-month,Yes,Credit card (automatic),Fiber optic,No,No,No,480.7,5,1,3.0,82.29,747.09,1,1284.27
CUST_10331,42,Female,0,No,No,58,Two year,No,Mailed check,Fiber optic,Yes,Yes,No,530.6,2,0,4.0,111.55,6447.0,0,3845.64
CUST_10332,30,Male,0,No,No,41,One year,Yes,Electronic check,No,No internet service,No internet service,No internet service,9.2,1,1,5.0,18.5,779.39,0,1064.27
CUST_10333,43,Female,0,No,No,50,Two year,Yes,Bank transfer (automatic),DSL,Yes,Yes,No,89.5,2,0,4.0,77.03,3815.98,0,2470.15
CUST_10334,33,Female,0,Yes,Yes,38,Two year,Yes,Electronic check,No,No internet service,No internet service,No internet service,15.9,0,1,4.0,18.5,695.04,0,862.61
CUST_10335,55,Female,0,Yes,No,9,Month-to-month,Yes,Mailed check,Fiber optic,No,No,Yes,471.3,0,0,4.0,104.16,944.65,0,2927.3
CUST_10336,40,Male,0,Yes,Yes,56,Two year,Yes,Bank transfer (automatic),DSL,Yes,No,Yes,138.3,2,0,3.0,78.08,4374.14,0,2548.18
CUST_10337,31,Female,0,Yes,No,6,Month-to-month,Yes,Bank transfer (automatic),No,No internet service,No internet service,No internet service,16.1,2,0,4.0,23.44,121.31,0,645.08
CUST_10338,38,Female,0,No,No,33,Month-to-month,Yes,Electronic check,Fiber optic,Yes,No,No,278.6,1,1,4.0,91.31,2947.41,1,1564.88
CUST_10339,47,Female,0,Yes,No,23,One year,No,Bank transfer (automatic),DSL,Yes,No,No,71.8,0,1,4.0,54.13,1259.48,0,1464.86
CUST_10340,35,Male,0,Yes,Yes,22,Two year,Yes,Mailed check,DSL,Yes,No,No,56.9,0,0,5.0,54.59,1276.21,0,1992.22
CUST_10341,31,Male,0,Yes,No,11,Month-to-month,No,Mailed check,DSL,No,No,No,104.5,6,0,3.0,47.27,532.72,0,1151.74
CUST_10342,45,Female,0,No,No,21,One year,Yes,Electronic check,No,No internet service,No internet service,No internet service,11.3,0,0,4.0,18.5,372.08,0,777.59
CUST_10343,45,Male,0,No,No,39,Two year,Yes,Mailed check,DSL,No,Yes,Yes,95.0,2,0,4.0,75.11,2938.73,0,2593.43
CUST_10344,35,Male,0,Yes,Yes,6,Month-to-month,Yes,Bank transfer (automatic),No,No internet service,No internet service,No internet service,15.7,1,1,5.0,18.5,124.22,1,613.68
CUST_10345,36,Male,0,Yes,No,19,Two year,Yes,Bank transfer (automatic),DSL,Yes,Yes,Yes,139.8,1,0,5.0,91.67,1747.48,0,2666.77
CUST_10346,45,Female,0,Yes,No,30,Month-to-month,No,Mailed check,DSL,Yes,No,No,95.5,0,0,5.0,62.4,1865.15,0,2095.69
CUST_10347,23,Male,0,No,No,0,Month-to-month,No,Bank transfer (automatic),DSL,No,No,Yes,133.5,1,0,5.0,69.41,9.69,0,1744.91
CUST_10348,24,Female,0,Yes,No,2,Month-to-month,Yes,Electronic check,DSL,Yes,No,No,142.2,0,2,4.0,55.92,113.05,0,1605.86
CUST_10349,33,Male,0,No,No,10,Month-to-month,Yes,Credit card (automatic),DSL,Yes,No,Yes,98.1,3,1,3.0,79.8,846.26,1,884.91
CUST_10350,39,Female,0,Yes,Yes,31,Month-to-month,Yes,Bank transfer (automatic),Fiber optic,No,Yes,No,279.9,1,0,5.0,96.6,2985.94,0,2911.32
CUST_10351,46,Female,0,Yes,Yes,32,Month-to-month,Yes,Bank transfer (automatic),DSL,Yes,Yes,No,123.6,1,2,4.0,80.83,2586.42,0,2422.64
CUST_10352,61,Female,0,No,No,44,One year,No,Mailed check,Fiber optic,Yes,Yes,Yes,229.5,0,1,4.0,121.01,5301.58,0,3648.66
CUST_10353,53,Male,0,Yes,Yes,33,Month-to-month,Yes,Electronic check,Fiber optic,No,No,No,671.5,5,1,4.0,75.27,2485.39,0,2837.6
CUST_10354,40,Female,0,No,No,38,Month-to-month,Yes,Mailed check,DSL,No,No,Yes,132.6,1,0,4.0,71.58,2737.96,0,2070.1
CUST_10355,42,Male,0,Yes,No,13,Two year,Yes,Mailed check,Fiber optic,No,Yes,Yes,213.6,0,0,4.0,113.52,1471.59,0,3240.17
CUST_10356,29,Female,0,No,No,35,Month-to-month,Yes,Electronic check,Fiber optic,Yes,No,Yes,404.3,4,2,2.0,116.79,4112.77,1,1763.33
CUST_10357,42,Male,0,No,No,41,One year,No,Electronic check,Fiber optic,Yes,No,No,293.1,0,0,5.0,85.46,3527.34,0,2637.39
CUST_10358,38,Male,0,No,No,41,Month-to-month,Yes,Bank transfer (automatic),DSL,No,No,Yes,159.9,1,0,4.0,67.95,2802.39,0,2351.71
CUST_10359,46,Male,0,Yes,No,1,Month-to-month,Yes,Electronic check,Fiber optic,No,Yes,Yes,387.2,1,3,4.0,115.69,144.79,1,1463.0
CUST_10360,31,Male,0,Yes,No,26,Two year,No,Credit card (automatic),Fiber optic,Yes,Yes,No,402.5,2,0,4.0,104.82,2730.14,0,3015.23
CUST_10361,49,Male,0,Yes,No,43,Two year,Yes,Electronic check,DSL,No,No,No,6.2,3,1,4.0,46.42,1982.37,0,1765.42
CUST_10362,62,Female,0,No,No,12,Two year,Yes,Credit card (automatic),DSL,No,No,Yes,131.7,1,1,5.0,70.82,860.97,0,1874.09
CUST_10363,41,Male,0,No,No,21,Month-to-month,Yes,Credit card (automatic),DSL,No,No,Yes,186.0,2,1,4.0,72.52,1488.95,0,2165.96
CUST_10364,47,Female,0,Yes,Yes,8,Month-to-month,No,Mailed check,DSL,Yes,Yes,No,185.6,0,0,4.0,72.7,564.25,0,2018.68
CUST_10365,51,Male,0,Yes,No,59,Month-to-month,No,Credit card (automatic),DSL,No,No,Yes,208.5,1,1,4.0,69.37,4100.7,0,2547.77
CUST_10366,37,Male,0,No,No,12,One year,No,Credit card (automatic),DSL,No,Yes,Yes,178.9,1,0,5.0,79.91,919.85,0,2152.47
CUST_10367,45,Female,0,Yes,Yes,16,Two year,No,Electronic check,DSL,No,No,Yes,118.3,0,3,5.0,66.25,1055.13,0,1944.04
CUST_10368,42,Female,0,Yes,No,18,Two year,Yes,Credit card (automatic),DSL,No,Yes,Yes,159.4,1,0,4.0,81.28,1533.67,0,2113.11
CUST_10369,43,Female,0,Yes,No,29,Month-to-month,Yes,Electronic check,DSL,No,Yes,Yes,118.5,1,0,4.0,85.07,2487.78,0,2452.68
CUST_10370,32,Male,0,No,No,11,Month-to-month,No,Electronic check,Fiber optic,No,No,No,423.1,0,1,4.0,77.43,846.99,1,862.69
CUST_10371,42,Male,0,No,No,4,Month-to-month,Yes,Bank transfer (automatic),Fiber optic,Yes,No,Yes,467.3,2,1,4.0,116.38,447.5,1,1321.93
CUST_10372,48,Male,0,No,No,0,One year,Yes,Electronic check,DSL,No,No,No,123.7,0,1,5.0,44.37,11.12,1,316.45
CUST_10373,61,Male,0,Yes,No,54,One year,No,Electronic check,DSL,No,No,No,159.4,1,0,4.0,45.44,2434.44,0,1805.9
CUST_10374,54,Male,0,No,No,53,One year,Yes,Credit card (automatic),DSL,No,No,Yes,97.0,0,0,5.0,67.34,3608.71,0,2359.29
CUST_10375,70,Female,1,No,No,13,Two year,Yes,Credit card (automatic),Fiber optic,No,No,Yes,433.8,0,1,5.0,111.05,1416.5,0,3272.27
CUST_10376,32,Female,0,Yes,Yes,45,Two year,No,Credit card (automatic),Fiber optic,No,Yes,Yes,376.1,0,1,5.0,118.77,5334.8,0,4007.19
CUST_10377,53,Male,0,No,No,69,Month-to-month,No,Mailed check,DSL,Yes,No,Yes,99.4,2,0,4.0,78.41,5405.09,0,2868.08
CUST_10378,44,Male,0,Yes,No,53,Month-to-month,Yes,Credit card (automatic),Fiber optic,No,No,Yes,467.9,4,0,3.0,96.18,5123.11,0,3130.85
CUST_10379,70,Male,1,Yes,No,36,Two year,Yes,Electronic check,DSL,Yes,No,Yes,60.4,1,0,5.0,76.81,2775.48,0,2245.38
CUST_10380,31,Female,0,Yes,No,37,One year,Yes,Credit card (automatic),DSL,No,Yes,Yes,108.5,0,0,5.0,87.49,3205.5,0,2509.82
CUST_10381,31,Female,0,Yes,Yes,61,Two year,Yes,Mailed check,DSL,No,Yes,Yes,120.4,0,0,5.0,91.97,5569.47,0,2874.52
CUST_10382,34,Female,0,No,No,45,Month-to-month,Yes,Credit card (automatic),DSL,Yes,Yes,No,181.6,3,0,3.0,76.7,3465.0,0,2739.55
CUST_10383,18,Female,0,Yes,Yes,29,Two year,No,Bank transfer (automatic),Fiber optic,No,Yes,Yes,335.2,0,0,5.0,114.15,3266.51,0,3429.14
CUST_10384,35,Female,0,Yes,Yes,44,Two year,Yes,Credit card (automatic),Fiber optic,No,No,Yes,335.6,0,0,5.0,96.1,4223.11,0,3214.62
CUST_10385,32,Male,0,Yes,Yes,46,Two year,No,Credit card (automatic),Fiber optic,Yes,No,Yes,485.3,0,0,5.0,116.31,5343.92,0,3555.53
CUST_10386,44,Female,0,No,No,40,One year,No,Credit card (automatic),Fiber optic,Yes,No,Yes,365.0,0,0,5.0,110.35,4405.46,0,3497.11
CUST_10387,46,Male,0,No,No,20,Month-to-month,No,Bank transfer (automatic),DSL,No,Yes,No,87.0,3,0,4.0,66.2,1333.18,0,2019.37
CUST_10388,66,Female,1,No,No,25,Month-to-month,Yes,Credit card (automatic),Fiber optic,No,No,Yes,645.0,4,0,4.0,106.71,2715.45,1,1776.27
CUST_10389,54,Male,0,No,No,6,Two year,Yes,Bank transfer (automatic),DSL,No,No,Yes,158.7,0,0,5.0,65.93,391.57,0,1734.3
CUST_10390,35,Female,0,Yes,No,19,Month-to-month,No,Electronic check,DSL,No,Yes,No,106.6,5,1,2.0,68.33,1292.8,1,1101.44
CUST_10391,30,Female,0,Yes,Yes,4,Month-to-month,No,Bank transfer (automatic),Fiber optic,Yes,No,No,334.1,1,0,5.0,90.6,328.91,0,2679.16
CUST_10392,48,Female,0,No,No,43,Month-to-month,Yes,Electronic check,No,No internet service,No internet service,No internet service,9.1,1,1,4.0,21.38,921.58,0,1037.45
CUST_10393,25,Male,0,Yes,No,61,Two year,No,Credit card (automatic),DSL,Yes,Yes,Yes,130.9,0,0,5.0,100.85,6139.91,0,3337.23
CUST_10394,66,Male,1,Yes,Yes,0,One year,Yes,Electronic check,DSL,Yes,Yes,No,159.3,1,1,4.0,67.15,6.56,1,680.97
CUST_10395,57,Female,0,No,No,56,Two year,No,Credit card (automatic),DSL,No,No,No,44.4,0,0,5.0,50.72,2849.07,0,1716.33
CUST_10396,36,Female,0,Yes,Yes,25,One year,Yes,Mailed check,No,No internet service,No internet service,No internet service,16.1,2,0,4.0,20.89,527.71,0,666.51
CUST_10397,20,Male,0,Yes,Yes,41,Two year,No,Electronic check,No,No internet service,No internet service,No internet service,7.4,0,1,5.0,23.36,918.8,0,904.42
CUST_10398,60,Female,0,Yes,No,33,Month-to-month,No,Credit card (automatic),Fiber optic,No,Yes,Yes,310.9,1,0,5.0,115.79,3817.96,0,3574.35
CUST_10399,41,Female,0,Yes,No,60,Two year,No,Electronic check,DSL,No,No,Yes,126.6,1,4,3.0,67.97,4072.03,0,2314.26
CUST_10400,58,Male,0,No,No,11,Month-to-month,No,Mailed check,No,No internet service,No internet service,No internet service,16.0,1,0,5.0,18.5,186.3,1,236.01
CUST_10401,21,Male,0,No,No,42,One year,Yes,Bank transfer (automatic),DSL,No,No,Yes,220.1,2,0,4.0,68.54,2874.02,0,2398.21
CUST_10402,34,Female,0,No,No,57,Month-to-month,Yes,Electronic check,Fiber optic,No,No,Yes,385.4,0,0,5.0,102.42,5845.54,0,3401.0
CUST_10403,42,Female,0,No,No,49,Month-to-month,Yes,Mailed check,Fiber optic,Yes,No,No,281.0,2,0,4.0,96.33,4712.81,0,3288.43
CUST_10404,43,Male,0,Yes,Yes,23,Month-to-month,Yes,Bank transfer (automatic),Fiber optic,No,No,No,234.3,1,1,5.0,71.8,1668.67,0,2190.75
CUST_10405,36,Female,0,Yes,Yes,43,Month-to-month,Yes,Credit card (automatic),Fiber optic,Yes,Yes,Yes,281.2,1,0,5.0,123.12,5292.89,0,3568.16
CUST_10406,50,Female,0,Yes,No,8,Month-to-month,Yes,Electronic check,Fiber optic,Yes,No,Yes,395.8,2,2,3.0,109.69,888.96,0,3291.79
CUST_10407,28,Male,0,Yes,No,10,Month-to-month,No,Electronic check,Fiber optic,Yes,Yes,Yes,134.3,6,3,1.0,119.02,1167.13,1,1353.29
CUST_10408,40,Male,0,No,No,67,Month-to-month,No,Mailed check,Fiber optic,Yes,No,No,202.1,1,0,3.0,85.32,5735.19,0,3152.63
CUST_10409,44,Female,0,No,No,27,Two year,Yes,Mailed check,Fiber optic,Yes,No,No,385.8,1,0,4.0,87.32,2375.58,0,2783.09
CUST_10410,49,Male,0,Yes,Yes,20,Two year,No,Mailed check,DSL,Yes,Yes,No,112.2,0,0,5.0,75.69,1497.64,0,2189.49
CUST_10411,51,Male,0,Yes,No,19,Two year,Yes,Electronic check,Fiber optic,No,No,No,407.8,0,2,4.0,79.11,1515.76,0,2497.47
CUST_10412,27,Female,0,Yes,Yes,47,Two year,Yes,Bank transfer (automatic),DSL,Yes,Yes,Yes,86.3,1,0,4.0,93.72,4428.88,0,2799.04
CUST_10413,22,Male,0,Yes,No,56,Two year,No,Credit card (automatic),No,No internet service,No internet service,No internet service,11.9,2,0,4.0,28.08,1569.2,0,1294.16
CUST_10414,59,Female,0,Yes,Yes,7,One year,Yes,Electronic check,No,No internet service,No internet service,No internet service,20.7,1,1,4.0,18.5,80.82,0,548.29
CUST_10415,46,Female,0,No,No,20,One year,Yes,Electronic check,DSL,No,No,No,147.5,1,1,3.0,49.63,1019.65,0,1573.5
CUST_10416,32,Male,0,No,No,44,One year,Yes,Bank transfer (automatic),Fiber optic,Yes,No,Yes,163.9,2,0,5.0,112.67,4958.23,1,1765.78
CUST_10417,62,Female,0,No,No,30,Month-to-month,No,Electronic check,DSL,Yes,Yes,No,46.4,2,0,4.0,76.75,2299.1,0,2155.5
CUST_10418,44,Female,0,Yes,Yes,15,Month-to-month,Yes,Bank transfer (automatic),DSL,Yes,No,No,76.5,6,1,2.0,63.95,955.78,1,1126.7
CUST_10419,57,Female,0,Yes,No,21,Two year,Yes,Electronic check,Fiber optic,Yes,No,No,277.9,0,0,5.0,89.65,1887.27,0,2753.98
CUST_10420,43,Female,0,No,No,53,Two year,Yes,Mailed check,DSL,No,No,Yes,159.4,0,0,4.0,73.42,3872.59,0,2583.75
CUST_10421,69,Male,1,No,No,27,One year,No,Mailed check,DSL,No,No,No,67.6,0,1,5.0,51.05,1445.12,0,1556.5
CUST_10422,65,Male,1,No,No,50,Month-to-month,Yes,Mailed check,Fiber optic,Yes,Yes,Yes,440.3,0,2,5.0,128.0,6398.46,0,3953.26
CUST_10423,39,Male,0,No,No,48,One year,Yes,Credit card (automatic),DSL,No,No,No,104.2,1,0,5.0,48.89,2385.86,0,1924.32
CUST_10424,55,Female,0,No,No,20,One year,Yes,Credit card (automatic),Fiber optic,Yes,No,No,332.7,0,2,4.0,85.56,1718.63,0,2560.0
CUST_10425,50,Female,0,No,No,7,Month-to-month,Yes,Mailed check,DSL,Yes,No,No,101.6,3,1,4.0,56.41,392.22,0,1542.6
CUST_10426,60,Female,0,Yes,No,34,Month-to-month,Yes,Bank transfer (automatic),Fiber optic,Yes,Yes,Yes,390.8,2,0,5.0,119.91,4062.85,0,3670.87
CUST_10427,29,Female,0,No,No,24,Month-to-month,Yes,Electronic check,Fiber optic,No,No,No,471.3,1,0,4.0,82.18,1974.43,1,1276.02
CUST_10428,51,Female,0,Yes,Yes,34,One year,No,Bank transfer (automatic),Fiber optic,No,No,Yes,261.8,1,0,4.0,100.21,3409.15,0,3039.79
CUST_10429,56,Male,0,Yes,No,13,Two year,Yes,Bank transfer (automatic),DSL,No,Yes,Yes,166.5,0,2,5.0,89.41,1088.72,0,2547.66
CUST_10430,19,Male,0,No,No,32,Two year,Yes,Electronic check,DSL,No,Yes,Yes,155.5,1,2,4.0,79.89,2531.16,0,2523.94
CUST_10431,27,Male,0,Yes,Yes,26,Month-to-month,No,Electronic check,No,No internet service,No internet service,No internet service,13.5,2,2,5.0,20.08,520.98,0,715.83
CUST_10432,18,Female,0,Yes,Yes,10,Month-to-month,Yes,Electronic check,DSL,No,No,Yes,92.7,1,1,5.0,67.48,675.02,1,827.39
CUST_10433,38,Male,0,Yes,No,21,Month-to-month,No,Electronic check,DSL,Yes,Yes,Yes,178.9,7,1,1.0,93.51,1910.98,1,1210.81
CUST_10434,51,Female,0,Yes,No,37,One year,Yes,Bank transfer (automatic),Fiber optic,No,No,No,316.3,0,0,5.0,74.57,2756.31,0,2579.7
CUST_10435,62,Female,0,Yes,No,46,Two year,No,Credit card (automatic),DSL,No,No,No,111.7,0,1,5.0,59.19,2749.49,0,2011.7
CUST_10436,43,Male,0,Yes,No,51,One year,No,Bank transfer (automatic),Fiber optic,No,No,Yes,401.6,0,1,4.0,103.4,5279.03,0,3517.79
CUST_10437,63,Male,0,Yes,No,21,One year,Yes,Mailed check,DSL,No,No,Yes,152.4,1,0,5.0,67.52,1426.78,0,1979.26
CUST_10438,24,Female,0,Yes,No,54,One year,Yes,Mailed check,DSL,No,Yes,Yes,176.6,0,0,5.0,80.5,4378.6,0,2724.2
CUST_10439,20,Female,0,No,No,50,Two year,Yes,Mailed check,DSL,No,No,No,142.0,2,0,4.0,45.79,2327.12,0,2062.35
CUST_10440,41,Female,0,Yes,Yes,68,Month-to-month,No,Bank transfer (automatic),DSL,Yes,No,No,126.2,3,0,4.0,66.62,4519.79,0,2571.29
CUST_10441,47,Male,0,Yes,No,42,Month-to-month,Yes,Mailed check,DSL,No,Yes,No,129.8,5,0,2.0,60.22,2571.27,1,1103.7
CUST_10442,42,Female,0,No,No,46,Two year,No,Electronic check,Fiber optic,No,No,No,198.4,0,0,5.0,73.27,3335.04,0,2714.47
CUST_10443,18,Male,0,No,No,32,One year,No,Bank transfer (automatic),No,No internet service,No internet service,No internet service,13.4,1,0,4.0,18.5,582.24,0,828.21
CUST_10444,41,Female,0,No,No,41,One year,Yes,Mailed check,Fiber optic,Yes,No,Yes,230.0,1,0,5.0,116.14,4807.24,0,3626.2
CUST_10445,25,Female,0,Yes,Yes,32,Two year,No,Electronic check,DSL,Yes,No,No,154.7,2,1,5.0,56.1,1808.82,0,2004.75
CUST_10446,51,Female,0,No,No,23,Month-to-month,Yes,Electronic check,Fiber optic,No,No,No,270.4,1,0,5.0,83.18,1891.23,0,2477.55
CUST_10447,47,Male,0,No,No,21,Month-to-month,Yes,Electronic check,Fiber optic,Yes,No,Yes,489.5,0,3,4.0,112.6,2345.48,1,1437.76
CUST_10448,30,Female,0,No,No,5,One year,Yes,Mailed check,DSL,No,No,Yes,99.9,2,1,4.0,73.47,375.74,1,987.24
CUST_10449,35,Male,0,No,No,7,Month-to-month,Yes,Mailed check,DSL,No,No,Yes,91.8,3,0,3.0,75.5,519.29,1,776.35
CUST_10450,28,Male,0,No,No,59,One year,Yes,Electronic check,Fiber optic,No,Yes,No,259.5,0,1,4.0,90.5,5373.98,0,3284.15
CUST_10451,41,Male,0,No,No,37,Two year,Yes,Electronic check,Fiber optic,Yes,Yes,Yes,175.7,0,2,4.0,128.0,4688.85,0,3644.06
CUST_10452,54,Male,0,No,No,16,One year,No,Electronic check,No,No internet service,No internet service,No internet service,10.6,0,4,4.0,19.87,364.71,0,684.96
CUST_10453,29,Male,0,Yes,No,68,One year,No,Credit card (automatic),Fiber optic,No,Yes,No,259.5,0,0,5.0,94.23,6417.35,0,3199.81
CUST_10454,49,Male,0,No,No,44,One year,No,Electronic check,DSL,Yes,No,No,161.5,1,0,5.0,69.55,3023.56,0,2153.32
CUST_10455,35,Male,0,No,No,57,One year,No,Electronic check,Fiber optic,Yes,Yes,No,314.4,0,1,5.0,104.81,5990.4,0,3809.06
CUST_10456,32,Female,0,Yes,Yes,13,Month-to-month,No,Bank transfer (automatic),Fiber optic,Yes,Yes,No,326.4,1,0,4.0,108.88,1377.73,1,1577.74
CUST_10457,41,Female,0,No,No,45,Two year,Yes,Electronic check,DSL,Yes,Yes,Yes,103.0,2,0,5.0,104.2,4655.79,0,3189.57
CUST_10458,29,Female,0,Yes,No,34,Month-to-month,Yes,Bank transfer (automatic),Fiber optic,Yes,No,Yes,476.8,1,1,4.0,109.65,3721.13,0,3700.56
CUST_10459,35,Female,0,Yes,Yes,29,Month-to-month,Yes,Electronic check,Fiber optic,No,Yes,Yes,371.1,4,2,2.0,111.45,3268.6,1,1404.42
CUST_10460,26,Female,0,No,No,17,One year,Yes,Credit card (automatic),Fiber optic,No,No,Yes,237.5,1,0,5.0,99.38,1666.98,0,3112.42
CUST_10461,68,Male,1,Yes,Yes,11,Month-to-month,No,Credit card (automatic),Fiber optic,No,Yes,Yes,189.5,4,0,2.0,111.23,1250.71,1,1048.41
CUST_10462,42,Female,0,Yes,Yes,6,Month-to-month,No,Bank transfer (automatic),DSL,Yes,No,Yes,98.2,2,1,3.0,80.18,530.25,0,2091.36
CUST_10463,33,Female,0,Yes,Yes,51,One year,No,Bank transfer (automatic),DSL,Yes,Yes,No,170.9,1,0,5.0,73.24,3744.82,0,2808.39
CUST_10464,45,Male,0,Yes,No,10,One year,Yes,Mailed check,DSL,No,Yes,No,113.8,0,0,5.0,62.23,644.4,0,1666.75
CUST_10465,41,Female,0,Yes,Yes,15,One year,No,Credit card (automatic),No,No internet service,No internet service,No internet service,21.1,0,0,5.0,18.5,248.61,1,247.92
CUST_10466,39,Female,0,Yes,No,43,One year,No,Mailed check,Fiber optic,No,No,Yes,560.7,0,0,5.0,101.02,4351.57,0,3484.37
CUST_10467,50,Female,0,Yes,No,21,Two year,Yes,Electronic check,Fiber optic,No,No,Yes,589.1,0,2,4.0,98.2,2093.57,0,3320.38
CUST_10468,52,Female,0,No,No,58,One year,Yes,Electronic check,Fiber optic,No,No,No,310.5,1,1,4.0,76.81,4468.43,0,2898.29
CUST_10469,35,Female,0,No,No,1,One year,No,Electronic check,Fiber optic,Yes,No,Yes,246.4,0,2,5.0,114.56,103.1,0,3015.26
CUST_10470,35,Male,0,Yes,No,38,One year,Yes,Bank transfer (automatic),Fiber optic,Yes,Yes,No,445.7,0,1,5.0,106.21,4046.13,0,3106.79
CUST_10471,38,Male,0,No,No,14,Two year,No,Electronic check,Fiber optic,Yes,No,No,214.9,2,0,4.0,94.61,1317.19,1,1028.86
CUST_10472,18,Female,0,Yes,No,31,Month-to-month,No,Bank transfer (automatic),Fiber optic,Yes,No,No,351.8,2,0,5.0,95.01,2979.65,0,2917.86
CUST_10473,22,Female,0,Yes,No,26,Two year,Yes,Mailed check,Fiber optic,No,Yes,No,240.1,0,1,5.0,91.49,2354.31,0,2641.97
CUST_10474,60,Female,0,Yes,Yes,55,Two year,Yes,Credit card (automatic),DSL,No,No,Yes,102.2,0,0,4.0,70.61,3882.85,0,2312.45
CUST_10475,63,Male,0,No,No,0,Month-to-month,No,Mailed check,Fiber optic,Yes,Yes,No,337.8,3,0,4.0,106.37,44.05,1,1147.27
CUST_10476,39,Female,0,No,No,36,One year,No,Bank transfer (automatic),Fiber optic,No,No,No,293.3,0,0,5.0,75.63,2712.45,0,2493.55
CUST_10477,49,Female,0,Yes,No,17,Two year,Yes,Mailed check,Fiber optic,Yes,Yes,No,440.5,1,0,5.0,101.21,1747.09,0,2868.46
CUST_10478,46,Male,0,Yes,Yes,30,Month-to-month,Yes,Credit card (automatic),DSL,No,Yes,No,130.0,1,0,5.0,66.06,1987.37,0,2225.93
CUST_10479,80,Female,1,Yes,No,8,Month-to-month,Yes,Electronic check,DSL,No,No,No,79.1,0,1,5.0,52.63,449.19,0,1373.26
CUST_10480,57,Female,0,No,No,21,One year,No,Electronic check,DSL,Yes,Yes,No,82.8,0,1,5.0,71.76,1505.44,0,2104.88
CUST_10481,40,Female,0,No,No,35,Month-to-month,Yes,Bank transfer (automatic),Fiber optic,No,No,Yes,270.5,3,0,3.0,100.98,3520.09,0,3052.67
CUST_10482,30,Male,0,Yes,Yes,28,Month-to-month,Yes,Bank transfer (automatic),Fiber optic,Yes,No,Yes,508.7,1,0,5.0,109.45,3050.21,0,3470.69
CUST_10483,21,Male,0,No,No,13,One year,No,Mailed check,DSL,No,Yes,Yes,150.7,0,0,5.0,82.73,1094.91,0,2013.17
CUST_10484,45,Male,0,Yes,No,32,Month-to-month,Yes,Mailed check,DSL,No,No,Yes,36.5,6,1,1.0,68.5,2181.79,1,925.12
CUST_10485,32,Female,0,No,No,23,Two year,No,Electronic check,Fiber optic,Yes,No,Yes,386.9,0,1,4.0,115.01,2689.6,0,3149.19
CUST_10486,24,Male,0,No,No,44,Two year,No,Electronic check,DSL,No,No,No,225.6,1,1,4.0,49.78,2207.35,0,1840.15
CUST_10487,34,Male,0,Yes,Yes,66,One year,Yes,Credit card (automatic),No,No internet service,No internet service,No internet service,16.7,0,0,5.0,23.64,1551.95,0,1207.87
CUST_10488,28,Male,0,No,No,66,One year,Yes,Electronic check,Fiber optic,Yes,No,No,340.3,0,1,5.0,90.35,6003.97,0,3344.17
CUST_10489,64,Female,0,No,No,69,Two year,Yes,Bank transfer (automatic),No,No internet service,No internet service,No internet service,11.7,4,1,2.0,18.5,1273.28,0,1431.75
CUST_10490,53,Male,0,Yes,Yes,44,Two year,Yes,Credit card (automatic),DSL,No,Yes,Yes,78.2,0,2,3.0,90.02,3913.62,0,2911.68
CUST_10491,42,Female,0,Yes,No,30,One year,No,Electronic check,DSL,No,No,No,131.1,0,0,5.0,51.62,1539.78,0,1662.48
CUST_10492,61,Female,0,No,No,24,Month-to-month,Yes,Electronic check,DSL,No,No,No,35.3,1,1,4.0,39.19,907.57,0,1285.07
CUST_10493,43,Male,0,Yes,Yes,41,One year,Yes,Electronic check,No,No internet service,No internet service,No internet service,11.5,0,0,5.0,18.9,783.67,0,944.16
CUST_10494,31,Female,0,Yes,Yes,24,One year,Yes,Bank transfer (automatic),DSL,No,No,No,118.7,1,0,5.0,47.56,1122.22,0,1327.64
CUST_10495,62,Male,0,Yes,No,47,Two year,Yes,Electronic check,Fiber optic,Yes,No,Yes,485.6,1,5,3.0,114.38,5397.41,0,3961.69
CUST_10496,49,Female,0,No,No,7,Month-to-month,Yes,Electronic check,Fiber optic,Yes,Yes,No,163.2,1,2,4.0,108.5,752.11,1,870.33
CUST_10497,29,Male,0,No,No,34,One year,No,Electronic check,No,No internet service,No internet service,No internet service,12.7,1,2,4.0,22.0,817.84,0,770.5
CUST_10498,40,Male,0,No,No,16,Two year,Yes,Electronic check,DSL,No,No,No,146.2,0,1,5.0,47.74,772.9,0,1279.75
CUST_10499,31,Male,0,No,No,40,Month-to-month,Yes,Electronic check,DSL,No,No,No,111.8,5,1,3.0,42.88,1727.76,1,1057.7
CUST_10500,24,Female,0,Yes,Yes,3,One year,No,Electronic check,DSL,No,No,Yes,174.4,0,0,5.0,78.48,250.56,0,1837.59
CUST_10501,54,Female,0,No,No,23,Two year,No,Electronic check,Fiber optic,Yes,No,No,417.0,2,3,4.0,96.31,2222.47,0,2924.15
CUST_10502,67,Male,1,No,No,38,Two year,Yes,Bank transfer (automatic),DSL,No,No,No,86.0,1,2,3.0,52.48,2026.0,0,1945.57
CUST_10503,24,Female,0,Yes,Yes,46,One year,Yes,Electronic check,DSL,Yes,No,Yes,121.1,2,0,4.0,88.09,4060.83,0,2736.83
CUST_10504,49,Male,0,Yes,No,11,Month-to-month,Yes,Bank transfer (automatic),Fiber optic,No,No,No,251.0,0,0,5.0,74.0,822.66,1,792.87
CUST_10505,34,Male,0,Yes,No,57,Two year,Yes,Bank transfer (automatic),DSL,Yes,Yes,Yes,116.6,2,0,5.0,99.89,5703.83,0,3119.36
CUST_10506,36,Female,0,No,No,27,Month-to-month,No,Credit card (automatic),Fiber optic,Yes,No,No,371.6,0,0,5.0,93.25,2547.74,0,2675.19
CUST_10507,34,Female,0,No,No,9,Month-to-month,Yes,Electronic check,DSL,No,No,No,148.2,5,4,2.0,40.52,352.64,1,418.98
CUST_10508,31,Female,0,No,No,26,One year,No,Electronic check,Fiber optic,Yes,Yes,No,375.6,0,1,4.0,107.05,2730.43,0,3355.14
CUST_10509,43,Male,0,No,No,48,Two year,No,Credit card (automatic),DSL,Yes,Yes,Yes,70.4,1,0,4.0,93.88,4514.28,0,2915.72
CUST_10510,31,Female,0,Yes,No,17,Month-to-month,No,Credit card (automatic),Fiber optic,No,No,Yes,109.4,3,0,3.0,102.04,1750.76,1,1285.25
CUST_10511,46,Female,0,No,No,17,Two year,Yes,Electronic check,DSL,Yes,No,No,141.9,0,1,4.0,63.24,1050.39,0,1919.63
CUST_10512,41,Female,0,No,No,59,One year,Yes,Electronic check,Fiber optic,Yes,Yes,Yes,92.1,0,1,4.0,127.01,7466.65,0,4072.43
CUST_10513,39,Male,0,Yes,Yes,53,Two year,Yes,Credit card (automatic),DSL,No,No,No,126.9,0,0,5.0,52.06,2736.88,0,1880.75
CUST_10514,30,Female,0,No,No,44,One year,No,Electronic check,Fiber optic,No,No,No,234.1,0,0,4.0,82.11,3575.01,0,2576.34
CUST_10515,35,Female,0,Yes,No,40,One year,Yes,Credit card (automatic),No,No internet service,No internet service,No internet service,14.8,1,0,4.0,18.5,754.25,0,812.91
CUST_10516,52,Male,0,No,No,54,Month-to-month,Yes,Credit card (automatic),DSL,No,No,Yes,113.1,2,1,4.0,63.08,3435.42,0,2293.7
CUST_10517,49,Male,0,No,No,51,Two year,Yes,Electronic check,DSL,Yes,No,No,132.1,3,1,4.0,54.79,2768.33,0,2326.7
CUST_10518,29,Male,0,No,No,18,One year,Yes,Credit card (automatic),DSL,Yes,No,Yes,119.6,1,1,5.0,89.65,1626.57,0,2303.09
CUST_10519,43,Female,0,No,No,60,Two year,No,Mailed check,Fiber optic,Yes,No,No,430.7,1,0,5.0,85.46,5132.78,0,3201.42
CUST_10520,52,Female,0,Yes,No,38,Two year,No,Credit card (automatic),DSL,No,Yes,Yes,130.0,0,1,5.0,83.87,3172.44,0,2610.0
CUST_10521,20,Male,0,No,No,17,Month-to-month,No,Mailed check,No,No internet service,No internet service,No internet service,20.8,2,0,4.0,20.38,374.07,0,628.09
CUST_10522,49,Female,0,Yes,Yes,50,Two year,No,Electronic check,DSL,No,No,No,98.5,0,3,4.0,43.96,2258.52,0,1637.03
CUST_10523,33,Male,0,No,No,62,Month-to-month,Yes,Bank transfer (automatic),Fiber optic,No,Yes,Yes,215.2,1,1,5.0,113.99,7035.16,0,3567.99
CUST_10524,49,Male,0,No,No,4,Month-to-month,Yes,Electronic check,Fiber optic,No,No,No,380.0,2,2,4.0,69.64,283.23,0,1562.36
CUST_10525,32,Female,0,No,No,49,Month-to-month,Yes,Credit card (automatic),DSL,No,No,Yes,115.3,1,0,5.0,74.66,3657.36,0,2436.63
CUST_10526,19,Male,0,Yes,Yes,32,Two year,Yes,Mailed check,Fiber optic,Yes,Yes,No,393.5,0,0,5.0,107.55,3443.87,0,3485.75
CUST_10527,21,Male,0,No,No,41,Two year,Yes,Electronic check,Fiber optic,No,Yes,No,340.3,1,1,4.0,98.98,4050.92,0,3100.14
CUST_10528,43,Female,0,No,No,8,Month-to-month,No,Electronic check,Fiber optic,No,Yes,Yes,473.7,2,0,4.0,113.52,924.21,1,1288.18
CUST_10529,45,Male,0,No,No,13,Month-to-month,No,Credit card (automatic),Fiber optic,No,Yes,No,405.7,3,1,4.0,91.65,1195.74,0,2381.4
CUST_10530,30,Female,0,Yes,No,2,Month-to-month,No,Electronic check,Fiber optic,Yes,Yes,Yes,199.3,1,2,4.0,128.0,221.8,0,3480.76
CUST_10531,50,Female,0,Yes,No,3,One year,Yes,Credit card (automatic),Fiber optic,No,Yes,Yes,298.4,1,1,5.0,113.23,338.54,0,3136.58
CUST_10532,20,Female,0,Yes,Yes,56,Month-to-month,Yes,Electronic check,DSL,No,No,No,126.1,4,1,2.0,45.28,2543.18,1,1242.76
CUST_10533,41,Male,0,No,No,62,One year,No,Mailed check,DSL,Yes,No,Yes,102.4,1,0,5.0,74.34,4641.28,0,2302.37
CUST_10534,26,Male,0,No,No,64,One year,No,Credit card (automatic),DSL,Yes,No,Yes,93.5,2,1,4.0,89.47,5716.22,1,1788.97
CUST_10535,34,Male,0,No,No,8,Two year,Yes,Electronic check,DSL,No,Yes,No,173.1,0,2,4.0,59.61,481.14,0,1678.69
CUST_10536,43,Female,0,Yes,No,66,One year,Yes,Electronic check,Fiber optic,No,Yes,No,440.9,0,3,5.0,92.47,6081.29,0,3250.42
CUST_10537,31,Male,0,Yes,Yes,67,Month-to-month,Yes,Credit card (automatic),Fiber optic,No,No,No,257.9,2,0,5.0,76.33,5149.4,0,2536.05
CUST_10538,37,Female,0,No,No,53,Two year,No,Bank transfer (automatic),Fiber optic,No,Yes,No,458.3,1,0,4.0,92.41,4900.77,0,3544.18
CUST_10539,55,Male,0,No,No,5,Two year,Yes,Bank transfer (automatic),Fiber optic,Yes,No,No,446.3,2,0,4.0,86.85,476.01,0,2651.98
CUST_10540,35,Female,0,No,No,64,Two year,Yes,Credit card (automatic),DSL,No,No,No,144.4,2,0,5.0,46.56,2975.38,0,1997.61
CUST_10541,53,Female,0,No,No,46,One year,No,Mailed check,DSL,Yes,No,Yes,55.6,0,0,5.0,89.57,4116.66,0,2439.2
CUST_10542,27,Female,0,Yes,Yes,42,One year,No,Credit card (automatic),Fiber optic,Yes,Yes,No,368.3,2,0,4.0,107.94,4538.77,0,3305.9
CUST_10543,49,Male,0,No,No,42,Month-to-month,Yes,Bank transfer (automatic),DSL,No,No,Yes,78.4,1,0,5.0,65.03,2745.57,0,1992.2
CUST_10544,61,Female,0,No,No,37,One year,Yes,Bank transfer (automatic),Fiber optic,Yes,No,Yes,325.0,0,0,5.0,110.0,4109.76,0,3379.34
CUST_10545,18,Male,0,No,No,16,One year,No,Electronic check,DSL,Yes,Yes,No,167.2,0,1,4.0,70.08,1158.22,0,2064.82
CUST_10546,32,Female,0,Yes,No,48,Two year,Yes,Credit card (automatic),Fiber optic,No,No,Yes,300.9,1,0,5.0,93.97,4491.06,0,3160.74
CUST_10547,50,Female,0,Yes,No,39,Two year,Yes,Credit card (automatic),No,No internet service,No internet service,No internet service,14.2,0,0,5.0,23.83,922.52,0,1172.07
CUST_10548,39,Female,0,Yes,No,39,Two year,No,Electronic check,Fiber optic,No,No,No,176.5,0,0,5.0,77.24,2950.66,0,2544.62
CUST_10549,47,Male,0,No,No,5,Month-to-month,No,Bank transfer (automatic),DSL,No,Yes,No,125.7,2,1,4.0,68.3,314.77,0,2056.42
CUST_10550,34,Male,0,Yes,Yes,60,Two year,Yes,Mailed check,DSL,Yes,No,No,178.7,1,0,5.0,56.46,3387.7,0,2314.57
CUST_10551,43,Female,0,Yes,No,36,One year,No,Bank transfer (automatic),DSL,Yes,Yes,Yes,207.1,1,1,4.0,101.44,3699.55,0,3180.57
CUST_10552,40,Female,0,Yes,No,1,Month-to-month,Yes,Credit card (automatic),Fiber optic,No,No,Yes,461.9,2,0,4.0,100.1,62.13,0,3102.87
CUST_10553,57,Female,0,No,No,12,One year,No,Electronic check,DSL,Yes,Yes,Yes,102.2,0,2,4.0,96.83,1192.91,1,1133.7
CUST_10554,45,Male,0,Yes,Yes,61,Month-to-month,No,Credit card (automatic),DSL,No,Yes,No,139.7,3,0,3.0,67.03,4084.56,0,2399.51
CUST_10555,46,Female,0,No,No,57,Month-to-month,No,Electronic check,Fiber optic,No,No,Yes,292.7,3,3,3.0,101.12,5782.13,1,1892.33
CUST_10556,37,Male,0,Yes,Yes,27,One year,No,Mailed check,DSL,Yes,No,No,126.7,1,0,5.0,60.99,1642.73,0,1802.12
CUST_10557,36,Male,0,Yes,Yes,41,Month-to-month,No,Mailed check,Fiber optic,No,No,Yes,413.4,5,0,3.0,102.68,4221.85,0,3211.2
CUST_10558,36,Female,0,No,No,9,Month-to-month,No,Electronic check,DSL,Yes,No,Yes,62.1,4,3,2.0,72.28,630.95,1,896.62
CUST_10559,47,Female,0,Yes,No,57,One year,Yes,Bank transfer (automatic),DSL,Yes,No,No,152.1,0,0,5.0,62.46,3514.85,0,2052.23
CUST_10560,37,Male,0,Yes,No,5,One year,Yes,Credit card (automatic),Fiber optic,No,Yes,No,402.3,0,0,5.0,90.86,466.69,0,2553.1
CUST_10561,46,Male,0,Yes,Yes,61,Two year,Yes,Electronic check,DSL,No,Yes,Yes,88.6,1,2,4.0,80.45,4937.15,0,2822.06
CUST_10562,69,Female,1,No,No,45,Two year,Yes,Electronic check,Fiber optic,No,No,Yes,105.7,0,2,5.0,97.65,4403.54,0,3056.64
CUST_10563,53,Female,0,No,No,37,Two year,Yes,Bank transfer (automatic),DSL,No,No,No,128.6,0,1,5.0,44.9,1697.39,0,1656.23
CUST_10564,38,Female,0,Yes,No,50,Two year,Yes,Bank transfer (automatic),DSL,No,No,Yes,149.5,3,1,3.0,76.29,3788.61,0,2473.29
CUST_10565,58,Female,0,Yes,Yes,16,One year,No,Credit card (automatic),DSL,Yes,Yes,Yes,106.1,1,0,5.0,93.57,1515.92,0,2809.1
CUST_10566,37,Female,0,No,No,20,Two year,Yes,Electronic check,DSL,No,Yes,No,106.4,0,2,5.0,65.11,1294.93,0,1870.23
CUST_10567,18,Female,0,No,No,1,Month-to-month,Yes,Credit card (automatic),Fiber optic,Yes,No,No,418.7,1,0,5.0,92.27,143.0,1,1064.23
CUST_10568,29,Male,0,Yes,Yes,14,Two year,Yes,Mailed check,DSL,Yes,No,Yes,93.2,1,0,4.0,80.36,1089.69,0,2357.54
CUST_10569,18,Female,0,No,No,54,Month-to-month,Yes,Electronic check,DSL,No,Yes,Yes,148.8,3,2,4.0,82.34,4452.49,0,2598.28
CUST_10570,37,Female,0,No,No,23,One year,No,Credit card (automatic),DSL,No,No,Yes,108.4,1,1,4.0,69.87,1593.57,0,2052.56
CUST_10571,42,Female,0,No,No,10,Two year,Yes,Electronic check,DSL,Yes,Yes,No,129.6,0,2,5.0,71.58,690.8,0,1758.96
CUST_10572,64,Male,0,Yes,Yes,11,Month-to-month,Yes,Bank transfer (automatic),DSL,No,No,No,134.2,0,0,5.0,44.87,525.53,0,1172.32
CUST_10573,46,Male,0,Yes,No,23,Month-to-month,No,Credit card (automatic),Fiber optic,No,No,No,541.3,2,0,3.0,82.09,1847.77,1,1393.62
CUST_10574,39,Female,0,Yes,Yes,62,One year,Yes,Mailed check,Fiber optic,No,No,No,383.6,3,0,3.0,84.97,5253.1,0,3180.91
CUST_10575,53,Female,0,No,No,45,Two year,Yes,Bank transfer (automatic),DSL,Yes,No,No,81.9,0,0,5.0,60.05,2697.03,0,2203.29
CUST_10576,18,Male,0,No,No,28,One year,Yes,Bank transfer (automatic),DSL,No,No,Yes,97.7,0,0,5.0,64.61,1797.6,0,1836.35
CUST_10577,45,Female,0,Yes,No,40,One year,Yes,Electronic check,Fiber optic,Yes,Yes,No,284.5,0,2,4.0,109.81,4402.5,0,3621.35
CUST_10578,52,Female,0,No,No,32,Month-to-month,No,Bank transfer (automatic),DSL,Yes,No,No,141.7,1,0,5.0,62.05,1981.55,0,2002.97
CUST_10579,23,Female,0,No,No,19,Two year,Yes,Credit card (automatic),DSL,No,Yes,No,117.5,0,0,5.0,67.27,1265.95,0,1888.43
CUST_10580,57,Female,0,No,No,25,One year,Yes,Mailed check,Fiber optic,No,No,No,348.9,0,0,5.0,76.4,1934.31,1,1392.23
CUST_10581,46,Female,0,No,No,22,Month-to-month,Yes,Credit card (automatic),Fiber optic,No,Yes,Yes,495.6,4,0,4.0,119.11,2618.19,0,3626.88
CUST_10582,37,Male,0,No,No,9,One year,Yes,Mailed check,DSL,Yes,No,Yes,156.9,0,0,5.0,80.82,740.31,0,2109.86
CUST_10583,50,Male,0,Yes,No,7,Month-to-month,Yes,Mailed check,DSL,Yes,Yes,No,108.0,3,0,3.0,71.49,462.94,1,831.91
CUST_10584,72,Female,1,No,No,48,One year,Yes,Bank transfer (automatic),Fiber optic,Yes,Yes,Yes,561.1,1,0,5.0,122.34,5857.03,0,4003.2
CUST_10585,44,Male,0,No,No,30,Two year,Yes,Electronic check,Fiber optic,Yes,Yes,Yes,626.4,1,1,4.0,126.93,3798.86,0,3915.46
CUST_10586,45,Female,0,Yes,Yes,17,Two year,No,Credit card (automatic),Fiber optic,No,No,Yes,246.6,0,0,5.0,107.7,1863.76,0,2766.87
CUST_10587,36,Female,0,Yes,No,36,One year,No,Credit card (automatic),Fiber optic,No,No,No,284.8,1,1,4.0,80.94,2931.97,0,2566.16
CUST_10588,31,Male,0,No,No,36,Month-to-month,Yes,Credit card (automatic),DSL,Yes,Yes,Yes,74.6,1,1,5.0,93.92,3330.84,0,2881.06
CUST_10589,53,Male,0,Yes,Yes,36,Month-to-month,No,Bank transfer (automatic),DSL,No,Yes,No,179.2,1,0,5.0,62.07,2248.0,0,2170.48
CUST_10590,31,Female,0,No,No,70,Two year,No,Credit card (automatic),DSL,No,No,No,84.1,2,0,5.0,54.41,3857.37,0,2338.07
CUST_10591,43,Female,0,Yes,Yes,32,Two year,No,Bank transfer (automatic),Fiber optic,No,Yes,No,288.7,1,0,4.0,94.95,3053.56,0,2903.37
CUST_10592,36,Male,0,Yes,Yes,67,One year,Yes,Mailed check,Fiber optic,No,No,No,643.3,2,0,5.0,79.9,5326.98,0,3492.63
CUST_10593,48,Male,0,Yes,Yes,22,Month-to-month,No,Credit card (automatic),Fiber optic,Yes,No,No,466.7,5,1,2.0,89.24,1957.78,1,1412.93
CUST_10594,46,Male,0,Yes,No,32,Month-to-month,No,Mailed check,No,No internet service,No internet service,No internet service,13.6,1,0,5.0,18.5,604.6,0,756.71
CUST_10595,55,Female,0,No,No,19,Two year,No,Mailed check,Fiber optic,No,Yes,No,346.2,1,1,4.0,102.14,1920.07,0,3086.41
CUST_10596,35,Female,0,No,No,41,One year,No,Electronic check,Fiber optic,No,Yes,Yes,133.2,0,2,4.0,112.77,4628.22,0,3397.26
CUST_10597,38,Female,0,Yes,Yes,46,One year,Yes,Credit card (automatic),Fiber optic,No,No,Yes,342.1,2,0,3.0,105.58,4889.57,0,3409.46
CUST_10598,29,Female,0,Yes,Yes,57,Two year,Yes,Electronic check,DSL,Yes,No,Yes,129.7,1,1,5.0,81.78,4674.97,0,3100.99
CUST_10599,36,Male,0,Yes,Yes,36,One year,No,Electronic check,No,No internet service,No internet service,No internet service,9.4,0,1,5.0,18.5,652.62,0,1276.39
CUST_10600,47,Female,0,Yes,Yes,7,Month-to-month,Yes,Electronic check,Fiber optic,No,No,No,377.6,0,0,5.0,79.89,596.21,0,2421.8
CUST_10601,52,Female,0,No,No,4,Month-to-month,Yes,Mailed check,DSL,No,Yes,Yes,206.2,4,0,3.0,92.02,341.0,1,1026.66
CUST_10602,30,Male,0,Yes,Yes,14,One year,Yes,Electronic check,DSL,No,No,Yes,181.8,0,0,5.0,68.86,972.54,0,1916.72
CUST_10603,53,Female,0,Yes,No,63,Two year,No,Bank transfer (automatic),Fiber optic,No,Yes,Yes,543.3,1,0,5.0,113.11,7086.18,0,3948.03
CUST_10604,60,Female,0,No,No,1,Month-to-month,Yes,Electronic check,DSL,No,No,No,107.6,1,2,4.0,48.28,19.06,1,641.94
CUST_10605,47,Male,0,Yes,No,40,Month-to-month,No,Bank transfer (automatic),DSL,No,Yes,No,103.7,0,0,5.0,58.11,2306.48,0,1852.98
CUST_10606,66,Male,1,Yes,Yes,27,Month-to-month,No,Electronic check,DSL,Yes,Yes,Yes,144.6,0,1,5.0,94.69,2572.73,1,1192.44
CUST_10607,32,Male,0,Yes,Yes,2,Month-to-month,Yes,Electronic check,Fiber optic,No,No,Yes,284.3,1,2,4.0,105.73,221.5,1,1138.8
CUST_10608,26,Female,0,No,No,7,Month-to-month,No,Credit card (automatic),DSL,No,Yes,Yes,149.8,2,1,4.0,83.73,582.0,1,783.11
CUST_10609,19,Male,0,No,No,37,One year,Yes,Mailed check,Fiber optic,Yes,No,Yes,469.2,2,1,3.0,106.56,3968.7,0,3156.65
CUST_10610,61,Male,0,No,No,15,Two year,Yes,Electronic check,Fiber optic,No,No,No,618.5,1,0,5.0,76.74,1152.19,0,2164.2
CUST_10611,51,Female,0,Yes,No,45,Two year,No,Credit card (automatic),Fiber optic,Yes,No,Yes,189.1,0,0,5.0,111.53,5041.22,0,3350.16
CUST_10612,41,Female,0,Yes,No,17,One year,Yes,Electronic check,Fiber optic,No,No,No,479.0,2,1,4.0,77.75,1353.1,1,1194.14
CUST_10613,46,Male,0,No,No,61,Two year,Yes,Electronic check,Fiber optic,No,Yes,Yes,291.3,0,1,5.0,121.14,7371.81,0,3966.1
CUST_10614,27,Female,0,No,No,51,Two year,Yes,Mailed check,DSL,No,Yes,Yes,183.8,0,0,5.0,94.58,4807.19,0,2835.08
CUST_10615,74,Male,1,No,No,45,Two year,No,Electronic check,DSL,Yes,No,No,135.5,0,0,5.0,60.92,2702.19,0,1903.26
CUST_10616,44,Female,0,Yes,Yes,38,Two year,Yes,Electronic check,Fiber optic,No,No,Yes,368.2,1,3,4.0,105.15,3994.64,0,3422.9
CUST_10617,43,Female,0,Yes,No,13,Month-to-month,Yes,Credit card (automatic),DSL,No,No,No,160.3,2,0,4.0,48.79,670.26,0,1395.0
CUST_10618,51,Female,0,No,No,65,Month-to-month,No,Electronic check,Fiber optic,Yes,No,Yes,470.5,3,1,4.0,105.1,6842.02,0,3738.35
CUST_10619,48,Male,0,No,No,39,One year,Yes,Electronic check,DSL,No,No,No,104.6,0,0,5.0,40.37,1583.76,0,1747.52
CUST_10620,45,Female,0,No,No,9,One year,Yes,Credit card (automatic),DSL,No,Yes,No,124.5,1,1,5.0,61.22,576.11,0,1464.31
CUST_10621,32,Male,0,No,No,49,One year,No,Mailed check,Fiber optic,Yes,No,No,277.5,1,1,4.0,85.77,4241.99,0,2983.92
CUST_10622,48,Male,0,No,No,63,Month-to-month,No,Electronic check,Fiber optic,Yes,No,Yes,369.0,1,0,5.0,108.12,6824.49,0,3633.34
CUST_10623,66,Male,1,No,No,10,Month-to-month,No,Bank transfer (automatic),Fiber optic,No,No,No,465.8,0,1,5.0,71.37,731.25,1,987.51
CUST_10624,59,Male,0,No,No,14,One year,No,Electronic check,DSL,Yes,No,No,185.1,1,1,5.0,67.25,940.72,0,1995.41
CUST_10625,63,Male,0,No,No,28,Two year,Yes,Mailed check,DSL,Yes,No,No,43.3,2,0,4.0,66.95,1884.18,0,2028.15
CUST_10626,35,Female,0,No,No,40,Month-to-month,No,Bank transfer (automatic),DSL,No,No,Yes,168.4,2,0,4.0,71.73,2893.75,0,2498.85
CUST_10627,29,Male,0,Yes,No,22,One year,Yes,Credit card (automatic),DSL,Yes,Yes,Yes,152.1,0,0,5.0,93.58,2045.95,0,2622.12
CUST_10628,40,Male,0,Yes,No,55,Two year,Yes,Electronic check,Fiber optic,No,Yes,No,206.6,3,0,3.0,95.54,5253.9,0,3026.21
CUST_10629,43,Female,0,No,No,12,Two year,Yes,Bank transfer (automatic),DSL,Yes,No,No,53.6,0,0,5.0,61.14,718.5,0,1439.16
CUST_10630,56,Female,0,Yes,No,38,One year,No,Electronic check,DSL,Yes,No,No,120.9,1,3,4.0,62.71,2400.05,0,1916.71
CUST_10631,20,Male,0,No,No,3,One year,Yes,Mailed check,Fiber optic,No,No,Yes,341.3,0,0,5.0,98.41,292.2,0,2572.4
CUST_10632,62,Female,0,Yes,Yes,52,Month-to-month,Yes,Electronic check,DSL,No,Yes,Yes,122.5,2,1,3.0,79.04,4119.65,1,1166.18
CUST_10633,40,Male,0,Yes,No,36,Month-to-month,Yes,Mailed check,Fiber optic,No,Yes,Yes,538.2,2,1,5.0,113.78,4046.96,0,3484.94
CUST_10634,36,Female,0,No,No,47,One year,Yes,Mailed check,Fiber optic,Yes,Yes,Yes,165.3,0,0,5.0,126.19,5893.98,0,3779.13
CUST_10635,29,Female,0,Yes,Yes,7,Month-to-month,No,Credit card (automatic),DSL,Yes,No,Yes,73.2,2,0,4.0,82.28,597.12,0,1901.32
CUST_10636,20,Male,0,Yes,No,55,One year,Yes,Credit card (automatic),Fiber optic,Yes,No,No,182.8,0,0,5.0,85.79,4697.65,0,3091.52
CUST_10637,53,Female,0,Yes,No,36,One year,Yes,Bank transfer (automatic),No,No internet service,No internet service,No internet service,21.1,1,1,5.0,18.8,652.25,0,1041.8
CUST_10638,43,Female,0,No,No,21,One year,No,Electronic check,Fiber optic,No,Yes,Yes,436.6,1,2,3.0,117.35,2442.63,0,3455.81
CUST_10639,25,Male,0,Yes,Yes,61,One year,No,Mailed check,DSL,No,No,No,126.9,1,1,4.0,47.85,2923.86,0,2239.44
CUST_10640,25,Female,0,No,No,29,One year,No,Credit card (automatic),DSL,No,No,No,98.5,0,0,4.0,50.98,1466.56,0,1467.86
CUST_10641,38,Male,0,Yes,Yes,61,Month-to-month,Yes,Electronic check,DSL,Yes,No,No,111.6,3,3,3.0,53.91,3277.47,0,2035.04
CUST_10642,64,Male,0,No,No,37,Two year,Yes,Mailed check,Fiber optic,No,No,No,303.5,1,1,4.0,82.05,3019.86,0,2431.96
CUST_10643,39,Male,0,Yes,Yes,7,Month-to-month,No,Electronic check,DSL,Yes,Yes,Yes,146.3,1,1,5.0,93.1,670.14,0,2344.27
CUST_10644,22,Female,0,Yes,No,42,One year,No,Electronic check,Fiber optic,No,No,No,585.1,2,0,5.0,79.63,3333.78,0,2891.85
CUST_10645,39,Female,0,Yes,No,38,Two year,Yes,Electronic check,Fiber optic,No,No,Yes,215.9,0,1,5.0,100.47,3809.78,0,3074.01
CUST_10646,38,Male,0,Yes,Yes,11,Month-to-month,No,Credit card (automatic),Fiber optic,Yes,No,Yes,297.8,3,0,3.0,107.14,1159.18,0,3216.52
CUST_10647,18,Male,0,No,No,26,One year,Yes,Electronic check,DSL,Yes,No,No,110.4,0,1,5.0,55.56,1455.39,0,1724.33
CUST_10648,41,Male,0,Yes,No,3,Month-to-month,Yes,Electronic check,DSL,No,Yes,No,12.3,0,1,4.0,60.81,226.44,1,657.38
CUST_10649,39,Male,0,Yes,Yes,41,Two year,Yes,Credit card (automatic),Fiber optic,No,Yes,No,457.6,1,0,4.0,94.79,3901.59,0,3117.87
CUST_10650,51,Female,0,No,No,20,Two year,Yes,Mailed check,DSL,Yes,No,Yes,123.5,1,0,4.0,85.59,1727.09,0,2487.1
CUST_10651,66,Female,1,Yes,Yes,15,Month-to-month,Yes,Bank transfer (automatic),Fiber optic,No,No,Yes,398.6,1,0,4.0,103.01,1569.59,0,2912.92
CUST_10652,57,Female,0,Yes,Yes,39,Month-to-month,Yes,Electronic check,DSL,Yes,No,No,95.3,3,2,3.0,61.71,2395.9,1,990.58
CUST_10653,39,Female,0,No,No,26,Month-to-month,Yes,Mailed check,No,No internet service,No internet service,No internet service,17.1,2,0,4.0,23.23,599.91,0,1117.08
CUST_10654,28,Female,0,No,No,17,One year,No,Electronic check,Fiber optic,No,Yes,No,332.6,0,1,4.0,91.07,1502.06,0,2795.4
CUST_10655,75,Male,1,Yes,Yes,12,Month-to-month,Yes,Mailed check,DSL,No,Yes,Yes,123.0,6,0,3.0,81.08,985.67,1,949.23
CUST_10656,43,Female,0,Yes,Yes,16,Two year,Yes,Mailed check,Fiber optic,No,No,No,484.9,1,0,5.0,78.61,1257.71,0,2730.63
CUST_10657,42,Female,0,No,No,16,Month-to-month,No,Mailed check,Fiber optic,No,Yes,No,395.1,3,2,3.0,100.81,1597.22,1,1333.15
CUST_10658,42,Female,0,Yes,Yes,2,Month-to-month,Yes,Mailed check,DSL,Yes,Yes,No,57.2,1,0,4.0,74.31,153.03,0,1917.63
CUST_10659,45,Male,0,No,No,23,One year,Yes,Credit card (automatic),DSL,No,No,Yes,116.3,0,0,5.0,70.54,1667.82,0,2009.96
CUST_10660,40,Male,0,Yes,Yes,30,Two year,No,Mailed check,Fiber optic,No,No,Yes,496.8,1,0,5.0,101.79,3054.77,0,3152.86
CUST_10661,35,Male,0,No,No,53,Month-to-month,Yes,Bank transfer (automatic),Fiber optic,No,No,No,325.8,3,0,4.0,77.65,4120.39,0,2747.99
CUST_10662,35,Male,0,Yes,No,22,One year,Yes,Electronic check,DSL,Yes,Yes,Yes,151.9,0,2,4.0,101.15,2270.61,0,2913.37
CUST_10663,42,Female,0,No,No,20,One year,Yes,Credit card (automatic),DSL,No,Yes,No,184.8,1,1,4.0,60.21,1233.6,0,1355.27
CUST_10664,35,Male,0,Yes,Yes,64,Two year,No,Mailed check,DSL,No,Yes,Yes,156.9,0,0,5.0,94.84,6092.04,0,3093.27
CUST_10665,33,Female,0,No,No,28,Month-to-month,No,Mailed check,DSL,Yes,No,No,141.4,2,0,4.0,58.55,1685.63,0,2243.56
CUST_10666,43,Female,0,Yes,No,28,Month-to-month,Yes,Mailed check,DSL,No,No,No,129.2,3,0,4.0,53.53,1476.86,0,2024.45
CUST_10667,39,Male,0,Yes,No,23,One year,Yes,Credit card (automatic),DSL,Yes,No,No,110.6,1,0,4.0,67.76,1609.84,0,1849.06
CUST_10668,62,Male,0,No,No,18,Two year,Yes,Credit card (automatic),Fiber optic,Yes,No,No,337.5,0,0,5.0,84.47,1545.54,0,2444.73
CUST_10669,18,Female,0,No,No,35,Month-to-month,Yes,Electronic check,Fiber optic,Yes,No,Yes,520.4,3,3,3.0,111.7,3940.8,0,3797.01
CUST_10670,56,Female,0,No,No,21,Month-to-month,Yes,Bank transfer (automatic),Fiber optic,Yes,No,Yes,432.9,1,1,5.0,115.93,2451.19,1,1535.09
CUST_10671,58,Male,0,Yes,Yes,28,Month-to-month,No,Electronic check,DSL,Yes,No,Yes,113.6,0,2,3.0,84.96,2358.7,1,1325.23
CUST_10672,18,Female,0,No,No,10,Month-to-month,No,Electronic check,Fiber optic,No,Yes,Yes,315.8,6,3,1.0,113.91,1093.56,1,1466.66
CUST_10673,38,Female,0,Yes,No,46,Two year,No,Credit card (automatic),Fiber optic,No,Yes,Yes,360.4,0,0,5.0,116.61,5373.99,0,3703.3
CUST_10674,37,Female,0,No,No,8,Month-to-month,No,Electronic check,Fiber optic,No,No,Yes,390.2,1,0,5.0,93.33,731.72,1,1156.51
CUST_10675,24,Female,0,No,No,30,Month-to-month,Yes,Electronic check,Fiber optic,Yes,No,Yes,306.5,1,0,4.0,113.17,3377.34,0,3542.44
CUST_10676,32,Male,0,Yes,No,55,Month-to-month,No,Bank transfer (automatic),DSL,Yes,No,No,71.2,3,0,4.0,60.63,3324.36,0,2069.25
CUST_10677,28,Female,0,No,No,70,Two year,No,Credit card (automatic),Fiber optic,No,No,Yes,415.5,2,1,4.0,99.79,6922.14,0,3619.84
CUST_10678,65,Female,1,No,No,35,Month-to-month,Yes,Electronic check,DSL,No,No,No,103.0,0,1,5.0,45.79,1577.44,0,1659.36
CUST_10679,54,Male,0,Yes,Yes,37,Month-to-month,Yes,Electronic check,No,No internet service,No internet service,No internet service,11.8,2,2,2.0,19.87,697.69,0,945.65
CUST_10680,59,Male,0,No,No,6,Month-to-month,Yes,Electronic check,Fiber optic,No,Yes,Yes,296.5,2,1,3.0,110.8,634.49,1,1385.07
CUST_10681,51,Female,0,Yes,Yes,13,Month-to-month,No,Electronic check,Fiber optic,No,Yes,Yes,269.8,4,2,2.0,117.46,1506.67,1,1398.02
CUST_10682,27,Female,0,No,No,15,Two year,No,Electronic check,Fiber optic,No,No,No,440.4,1,1,5.0,79.6,1190.28,0,2474.5
CUST_10683,35,Female,0,Yes,No,30,Month-to-month,No,Credit card (automatic),DSL,No,No,Yes,159.8,2,1,5.0,69.82,2107.27,0,2212.18
CUST_10684,48,Male,0,Yes,No,46,One year,No,Electronic check,Fiber optic,No,Yes,Yes,439.0,3,2,3.0,111.01,5152.36,1,1765.3
CUST_10685,26,Male,0,Yes,Yes,22,Month-to-month,Yes,Bank transfer (automatic),Fiber optic,Yes,Yes,Yes,378.2,3,0,4.0,128.0,2781.96,1,1671.32
CUST_10686,51,Male,0,No,No,31,One year,No,Credit card (automatic),DSL,Yes,No,No,66.8,0,1,4.0,55.41,1746.91,0,1656.65
CUST_10687,39,Male,0,No,No,37,One year,No,Bank transfer (automatic),Fiber optic,No,No,Yes,413.2,1,0,5.0,95.97,3541.39,0,2802.95
CUST_10688,37,Male,0,No,No,59,Two year,Yes,Electronic check,Fiber optic,No,Yes,Yes,592.4,3,2,3.0,127.58,7473.75,0,4446.52
CUST_10689,51,Male,0,Yes,No,48,One year,No,Bank transfer (automatic),DSL,No,Yes,No,112.2,2,0,4.0,63.73,3034.74,0,2225.57
CUST_10690,48,Female,0,Yes,Yes,2,Month-to-month,Yes,Credit card (automatic),DSL,No,No,Yes,52.7,3,0,3.0,64.37,147.15,1,586.04
CUST_10691,37,Female,0,No,No,40,One year,No,Electronic check,No,No internet service,No internet service,No internet service,18.8,0,0,5.0,21.57,865.9,0,1161.05
CUST_10692,57,Male,0,No,No,42,Two year,Yes,Electronic check,DSL,No,No,Yes,45.5,1,0,4.0,70.25,2902.49,0,2063.26
CUST_10693,28,Female,0,Yes,No,46,One year,No,Electronic check,DSL,No,No,Yes,80.1,1,0,5.0,67.34,3106.34,0,2297.93
CUST_10694,50,Female,0,Yes,Yes,7,Month-to-month,Yes,Mailed check,DSL,No,No,Yes,109.4,2,0,4.0,71.93,476.16,1,975.56
CUST_10695,50,Male,0,No,No,64,Two year,Yes,Electronic check,Fiber optic,No,Yes,Yes,486.1,1,1,4.0,115.45,7374.48,0,4268.73
CUST_10696,38,Female,0,Yes,Yes,39,Month-to-month,Yes,Bank transfer (automatic),No,No internet service,No internet service,No internet service,15.9,2,0,4.0,18.5,713.92,0,864.62
CUST_10697,46,Male,0,No,No,24,One year,Yes,Bank transfer (automatic),DSL,No,Yes,Yes,94.9,1,0,5.0,85.61,2056.69,0,2409.48
CUST_10698,26,Male,0,No,No,33,Month-to-month,Yes,Mailed check,No,No internet service,No internet service,No internet service,12.0,1,1,3.0,18.84,638.03,0,899.41
CUST_10699,54,Female,0,No,No,31,Month-to-month,Yes,Bank transfer (automatic),DSL,Yes,No,Yes,74.5,1,0,4.0,81.5,2534.19,0,2234.15
CUST_10700,40,Male,0,No,No,52,One year,No,Electronic check,Fiber optic,Yes,No,No,285.2,1,1,4.0,89.94,4701.51,0,3127.57
CUST_10701,35,Female,0,Yes,Yes,49,Two year,Yes,Bank transfer (automatic),DSL,No,No,No,111.1,0,0,5.0,46.61,2294.79,0,1884.3
CUST_10702,56,Female,0,No,No,16,Month-to-month,Yes,Bank transfer (automatic),Fiber optic,No,No,No,358.0,0,1,5.0,79.54,1278.02,0,2434.24
CUST_10703,33,Male,0,No,No,41,Month-to-month,No,Bank transfer (automatic),Fiber optic,Yes,No,No,426.2,4,1,3.0,90.55,3703.03,1,1782.98
CUST_10704,24,Male,0,Yes,No,20,Month-to-month,No,Electronic check,DSL,No,Yes,No,128.1,2,0,4.0,58.52,1151.86,0,1654.28
CUST_10705,22,Male,0,No,No,42,Month-to-month,Yes,Bank transfer (automatic),DSL,Yes,No,No,70.1,2,0,5.0,61.88,2629.07,0,1973.69
CUST_10706,50,Female,0,Yes,Yes,40,Two year,Yes,Mailed check,Fiber optic,No,No,Yes,102.1,2,1,4.0,102.44,4083.14,0,3359.99
CUST_10707,25,Male,0,No,No,12,Month-to-month,Yes,Mailed check,DSL,No,No,Yes,93.5,0,1,5.0,59.99,763.74,0,1542.73
CUST_10708,65,Female,1,Yes,No,53,Two year,Yes,Electronic check,DSL,No,Yes,No,205.7,0,2,4.0,51.34,2745.27,0,2071.12
CUST_10709,18,Male,0,No,No,20,Two year,Yes,Electronic check,No,No internet service,No internet service,No internet service,13.3,1,2,4.0,19.88,424.59,0,909.11
CUST_10710,64,Female,0,Yes,No,26,Two year,No,Mailed check,Fiber optic,No,Yes,No,371.7,1,0,5.0,91.93,2372.22,0,3005.76
CUST_10711,45,Male,0,Yes,No,34,Month-to-month,Yes,Mailed check,DSL,No,Yes,Yes,61.0,3,0,4.0,87.63,3003.71,0,2747.67
CUST_10712,41,Female,0,No,No,32,Month-to-month,Yes,Mailed check,No,No internet service,No internet service,No internet service,12.1,3,0,4.0,18.5,639.55,0,873.35
CUST_10713,35,Female,0,No,No,10,Month-to-month,Yes,Bank transfer (automatic),DSL,No,No,No,146.5,6,0,3.0,48.83,516.88,1,636.6
CUST_10714,47,Female,0,Yes,Yes,43,One year,Yes,Electronic check,Fiber optic,No,No,Yes,415.0,0,0,5.0,102.68,4470.32,0,3256.93
CUST_10715,42,Male,0,Yes,No,32,One year,No,Electronic check,DSL,Yes,No,Yes,120.7,1,1,3.0,83.91,2698.64,0,2501.09
CUST_10716,56,Male,0,Yes,Yes,35,Month-to-month,No,Mailed check,DSL,No,Yes,No,136.9,4,0,3.0,59.79,2127.48,0,2118.12
CUST_10717,43,Male,0,No,No,51,Two year,No,Bank transfer (automatic),Fiber optic,No,No,No,509.3,0,0,5.0,77.75,3980.18,0,2958.45
CUST_10718,44,Female,0,No,No,34,Month-to-month,Yes,Bank transfer (automatic),Fiber optic,Yes,No,Yes,370.9,1,1,3.0,109.52,3688.93,1,1588.65
CUST_10719,37,Female,0,No,No,27,Month-to-month,No,Credit card (automatic),Fiber optic,No,Yes,Yes,552.7,3,0,3.0,115.46,3147.51,1,1825.95
CUST_10720,41,Female,0,No,No,33,One year,No,Bank transfer (automatic),DSL,No,Yes,No,136.0,0,0,5.0,64.35,2105.67,0,1927.39
CUST_10721,46,Male,0,No,No,60,Month-to-month,Yes,Electronic check,DSL,No,No,Yes,93.1,1,0,4.0,75.03,4466.86,0,2658.12
CUST_10722,20,Female,0,Yes,No,26,Month-to-month,No,Bank transfer (automatic),Fiber optic,Yes,No,No,253.9,4,0,4.0,88.76,2299.51,0,2507.41
CUST_10723,24,Male,0,Yes,No,37,Month-to-month,Yes,Mailed check,No,No internet service,No internet service,No internet service,13.2,0,0,5.0,23.79,890.74,0,1092.91
CUST_10724,52,Male,0,No,No,51,Month-to-month,No,Mailed check,Fiber optic,No,Yes,Yes,335.9,0,0,5.0,118.85,6047.82,0,3819.88
CUST_10725,44,Male,0,No,No,57,One year,Yes,Credit card (automatic),DSL,Yes,Yes,No,161.0,1,0,4.0,74.54,4277.89,0,2753.46
CUST_10726,40,Male,0,No,No,58,One year,Yes,Mailed check,Fiber optic,Yes,No,Yes,506.1,1,0,5.0,109.31,6317.93,0,3909.42
CUST_10727,42,Male,0,No,No,14,One year,Yes,Bank transfer (automatic),Fiber optic,Yes,No,Yes,322.3,1,0,5.0,111.68,1574.03,0,3109.84
CUST_10728,47,Male,0,No,No,51,One year,No,Credit card (automatic),DSL,No,No,Yes,140.4,0,0,5.0,72.88,3713.69,0,2546.77
CUST_10729,35,Female,0,No,No,65,One year,Yes,Electronic check,Fiber optic,No,Yes,Yes,377.6,1,3,3.0,115.31,7492.27,0,3842.97
CUST_10730,32,Male,0,Yes,No,10,Month-to-month,Yes,Electronic check,Fiber optic,No,No,No,329.1,3,2,3.0,73.48,746.86,1,1007.28
CUST_10731,45,Female,0,Yes,Yes,20,Month-to-month,No,Electronic check,DSL,No,No,No,136.9,1,1,5.0,48.43,989.28,0,1513.52
CUST_10732,29,Female,0,No,No,29,Month-to-month,No,Electronic check,Fiber optic,Yes,No,Yes,422.0,0,1,4.0,108.23,3145.99,0,3294.74
CUST_10733,47,Female,0,No,No,32,Two year,Yes,Electronic check,Fiber optic,Yes,No,No,605.8,2,1,4.0,89.42,2883.77,0,3227.32
CUST_10734,20,Female,0,Yes,No,12,One year,Yes,Credit card (automatic),No,No internet service,No internet service,No internet service,24.0,2,2,4.0,27.22,337.18,0,943.01
CUST_10735,55,Female,0,Yes,Yes,28,Month-to-month,No,Credit card (automatic),DSL,No,No,No,174.8,0,1,5.0,52.94,1536.89,0,1584.5
CUST_10736,48,Female,0,Yes,No,25,Two year,No,Bank transfer (automatic),Fiber optic,No,No,Yes,322.1,2,1,4.0,98.34,2409.61,0,2909.23
CUST_10737,45,Male,0,Yes,No,11,Month-to-month,No,Bank transfer (automatic),DSL,No,No,No,74.4,2,0,4.0,48.61,444.66,0,1526.73
CUST_10738,55,Female,0,No,No,49,Month-to-month,No,Electronic check,Fiber optic,No,Yes,No,406.4,2,1,4.0,96.75,4751.98,1,1620.59
CUST_10739,64,Male,0,Yes,No,12,Two year,Yes,Bank transfer (automatic),DSL,Yes,No,Yes,45.2,1,0,4.0,79.18,915.0,0,1945.0
CUST_10740,55,Female,0,No,No,23,Month-to-month,No,Electronic check,DSL,No,No,No,116.1,1,3,3.0,59.49,1372.45,1,1059.39
CUST_10741,18,Male,0,Yes,Yes,24,Two year,Yes,Mailed check,DSL,Yes,No,No,140.6,0,1,3.0,53.86,1298.55,0,1865.18
CUST_10742,25,Male,0,No,No,35,Month-to-month,Yes,Mailed check,Fiber optic,No,No,No,222.8,4,0,4.0,79.63,2746.59,0,2576.75
CUST_10743,34,Male,0,Yes,No,13,Month-to-month,Yes,Bank transfer (automatic),Fiber optic,Yes,No,Yes,386.6,3,0,4.0,110.93,1453.44,1,1265.81
CUST_10744,42,Male,0,No,No,28,One year,No,Electronic check,Fiber optic,Yes,No,No,453.7,2,3,3.0,90.47,2549.33,0,2841.53
CUST_10745,49,Female,0,No,No,39,Month-to-month,Yes,Electronic check,Fiber optic,Yes,No,Yes,340.8,4,2,3.0,113.38,4409.1,1,1459.69
CUST_10746,33,Male,0,No,No,36,Month-to-month,No,Bank transfer (automatic),Fiber optic,Yes,Yes,Yes,359.8,3,0,4.0,127.47,4622.46,0,3983.59
CUST_10747,44,Female,0,Yes,Yes,8,One year,Yes,Bank transfer (automatic),DSL,No,Yes,No,151.2,0,0,5.0,58.25,427.15,0,1708.67
CUST_10748,32,Female,0,Yes,No,9,Month-to-month,No,Electronic check,Fiber optic,Yes,No,Yes,561.2,1,0,5.0,110.17,984.21,1,1564.03
CUST_10749,34,Male,0,Yes,No,28,Two year,Yes,Electronic check,DSL,No,No,Yes,129.8,0,0,5.0,62.64,1775.33,0,1836.64
CUST_10750,24,Female,0,Yes,No,57,One year,No,Credit card (automatic),DSL,Yes,No,No,148.7,1,0,5.0,57.96,3327.13,0,2160.58
CUST_10751,30,Male,0,No,No,15,Two year,No,Electronic check,DSL,Yes,Yes,Yes,107.8,0,4,4.0,97.83,1483.21,0,2705.48
CUST_10752,24,Male,0,No,No,9,Month-to-month,Yes,Bank transfer (automatic),Fiber optic,No,No,Yes,435.4,3,0,4.0,102.6,915.17,1,1255.15
CUST_10753,29,Female,0,No,No,38,One year,No,Electronic check,Fiber optic,No,No,No,438.6,0,1,5.0,74.92,2783.58,0,2883.4
CUST_10754,56,Female,0,No,No,42,One year,No,Bank transfer (automatic),Fiber optic,Yes,No,Yes,411.2,1,0,5.0,112.41,4701.17,0,3431.55
CUST_10755,30,Female,0,Yes,Yes,48,Two year,Yes,Bank transfer (automatic),DSL,No,No,No,192.6,0,1,4.0,46.16,2231.13,0,1871.37
CUST_10756,76,Male,1,Yes,No,29,Month-to-month,Yes,Credit card (automatic),Fiber optic,Yes,No,No,318.3,1,1,4.0,91.87,2696.74,0,2889.03
CUST_10757,48,Male,0,Yes,No,2,Month-to-month,No,Mailed check,Fiber optic,Yes,Yes,No,355.1,4,1,4.0,103.92,235.88,0,2708.17
CUST_10758,44,Female,0,No,No,19,Month-to-month,Yes,Electronic check,DSL,No,Yes,No,180.3,1,0,5.0,64.86,1271.43,0,2119.92
CUST_10759,31,Female,0,No,No,3,Month-to-month,Yes,Credit card (automatic),DSL,No,Yes,Yes,107.8,2,0,3.0,84.49,303.63,0,2112.49
CUST_10760,51,Male,0,Yes,No,26,Month-to-month,No,Mailed check,DSL,Yes,No,Yes,154.5,2,1,5.0,86.0,2237.68,0,2617.46
CUST_10761,35,Male,0,Yes,No,29,One year,Yes,Credit card (automatic),Fiber optic,No,No,Yes,577.1,0,0,4.0,104.94,3049.38,0,3469.25
CUST_10762,44,Female,0,No,No,39,One year,No,Bank transfer (automatic),DSL,No,No,Yes,154.2,0,1,3.0,63.38,2461.2,0,1870.99
CUST_10763,75,Female,1,No,No,24,Month-to-month,Yes,Mailed check,DSL,No,No,Yes,139.1,5,0,3.0,69.92,1661.61,0,2150.77
CUST_10764,41,Male,0,No,No,52,Two year,Yes,Credit card (automatic),DSL,Yes,Yes,No,113.8,0,1,4.0,72.74,3760.34,0,2263.97
CUST_10765,57,Female,0,Yes,No,60,Two year,No,Mailed check,Fiber optic,No,Yes,Yes,493.8,0,0,5.0,116.85,6994.06,0,4028.76
CUST_10766,33,Female,0,Yes,No,46,Two year,No,Bank transfer (automatic),DSL,Yes,Yes,No,78.2,0,0,5.0,70.07,3224.82,0,2327.34
CUST_10767,42,Male,0,No,No,35,Two year,Yes,Bank transfer (automatic),Fiber optic,No,Yes,No,174.8,1,1,4.0,90.76,3204.64,0,2555.64
CUST_10768,65,Male,1,No,No,36,Month-to-month,Yes,Mailed check,DSL,No,Yes,Yes,82.9,2,0,4.0,87.0,3139.96,0,2480.34
CUST_10769,34,Female,0,Yes,Yes,37,Two year,Yes,Bank transfer (automatic),DSL,Yes,No,No,121.9,0,1,5.0,61.45,2273.3,0,2362.23
CUST_10770,66,Female,1,No,No,27,Month-to-month,No,Credit card (automatic),Fiber optic,No,No,No,209.0,2,0,5.0,77.22,2083.42,1,1217.32
CUST_10771,51,Female,0,No,No,39,Two year,Yes,Bank transfer (automatic),No,No internet service,No internet service,No internet service,26.8,0,1,5.0,18.5,707.57,0,1149.07
CUST_10772,35,Female,0,Yes,No,25,One year,Yes,Mailed check,No,No internet service,No internet service,No internet service,10.8,1,0,4.0,20.72,509.05,0,748.93
CUST_10773,50,Male,0,Yes,No,55,One year,No,Bank transfer (automatic),DSL,Yes,No,No,158.7,0,0,5.0,63.46,3455.09,0,2314.85
CUST_10774,55,Female,0,Yes,No,30,One year,No,Electronic check,DSL,Yes,No,Yes,91.0,0,2,3.0,80.59,2412.81,0,2289.16
CUST_10775,50,Male,0,Yes,No,29,Two year,No,Electronic check,Fiber optic,No,No,Yes,349.5,1,2,4.0,101.17,2929.29,0,3087.51
CUST_10776,22,Male,0,No,No,29,One year,Yes,Electronic check,DSL,Yes,No,No,123.9,1,0,4.0,58.76,1689.04,0,1690.01
CUST_10777,33,Female,0,Yes,Yes,4,Month-to-month,Yes,Mailed check,Fiber optic,Yes,Yes,Yes,219.5,2,0,4.0,123.71,485.53,1,1389.3
CUST_10778,39,Female,0,No,No,10,Month-to-month,Yes,Credit card (automatic),Fiber optic,Yes,No,No,352.7,2,1,4.0,86.25,900.12,0,2574.86
CUST_10779,41,Male,0,No,No,9,One year,No,Bank transfer (automatic),Fiber optic,Yes,Yes,No,527.2,1,3,4.0,106.93,957.78,0,3096.63
CUST_10780,50,Male,0,Yes,Yes,38,Month-to-month,Yes,Credit card (automatic),No,No internet service,No internet service,No internet service,14.2,4,1,3.0,23.47,845.53,0,1014.9
CUST_10781,44,Male,0,Yes,Yes,3,Month-to-month,Yes,Electronic check,DSL,No,No,Yes,130.8,4,1,3.0,64.17,206.33,1,674.67
CUST_10782,25,Female,0,No,No,46,One year,Yes,Bank transfer (automatic),Fiber optic,No,Yes,Yes,391.9,0,0,5.0,113.83,5265.57,0,3616.22
CUST_10783,47,Male,0,No,No,35,Month-to-month,No,Electronic check,DSL,No,No,No,136.6,3,2,3.0,48.4,1737.31,1,1094.56
CUST_10784,50,Male,0,No,No,38,Two year,No,Electronic check,DSL,No,No,Yes,46.5,0,1,5.0,64.54,2408.5,0,2334.82
CUST_10785,49,Male,0,Yes,Yes,35,One year,No,Credit card (automatic),Fiber optic,Yes,No,Yes,446.9,3,0,5.0,113.2,3989.6,0,3439.96
CUST_10786,56,Female,0,Yes,Yes,43,Two year,Yes,Electronic check,No,No internet service,No internet service,No internet service,18.0,2,0,4.0,19.2,829.32,0,1241.47
CUST_10787,53,Male,0,No,No,48,One year,No,Electronic check,Fiber optic,Yes,Yes,Yes,358.8,0,3,5.0,123.82,5968.98,0,3850.81
CUST_10788,48,Male,0,No,No,30,Two year,Yes,Mailed check,Fiber optic,Yes,No,No,518.4,1,0,5.0,94.04,2789.23,0,2798.99
CUST_10789,41,Female,0,Yes,Yes,45,Two year,Yes,Credit card (automatic),Fiber optic,Yes,Yes,No,485.8,2,0,4.0,104.95,4772.35,0,3595.65
CUST_10790,20,Female,0,No,No,1,One year,No,Bank transfer (automatic),DSL,No,No,No,137.5,0,0,5.0,47.67,29.25,0,1167.53
CUST_10791,48,Female,0,Yes,Yes,54,Two year,Yes,Electronic check,Fiber optic,Yes,No,No,294.0,0,1,5.0,92.61,4983.05,0,3183.19
CUST_10792,45,Female,0,No,No,36,Two year,Yes,Electronic check,DSL,No,Yes,No,111.2,0,0,4.0,61.24,2201.97,0,1693.98
CUST_10793,46,Female,0,No,No,18,Month-to-month,No,Electronic check,Fiber optic,Yes,No,No,339.2,2,0,4.0,86.71,1578.84,0,2578.61
CUST_10794,25,Male,0,Yes,No,26,One year,Yes,Electronic check,Fiber optic,No,Yes,No,425.4,1,2,4.0,89.43,2319.97,0,3083.64
CUST_10795,28,Female,0,No,No,45,Two year,Yes,Credit card (automatic),Fiber optic,No,No,Yes,349.6,2,0,4.0,91.17,4130.07,0,2907.42
CUST_10796,56,Female,0,Yes,Yes,15,Two year,No,Credit card (automatic),DSL,No,Yes,Yes,131.2,2,0,5.0,90.35,1345.49,0,2501.65
CUST_10797,41,Male,0,Yes,No,43,One year,Yes,Credit card (automatic),Fiber optic,No,No,No,205.9,2,2,3.0,83.33,3581.8,0,2780.99
CUST_10798,51,Female,0,Yes,Yes,16,One year,Yes,Credit card (automatic),Fiber optic,No,Yes,Yes,454.1,1,1,4.0,108.89,1715.4,1,1449.25
CUST_10799,42,Female,0,Yes,No,47,Two year,No,Credit card (automatic),DSL,No,No,No,171.6,0,0,4.0,48.97,2298.24,0,2020.18
CUST_10800,42,Male,0,Yes,No,46,One year,Yes,Credit card (automatic),Fiber optic,No,No,No,305.9,0,1,4.0,73.45,3434.84,0,2666.44
CUST_10801,54,Male,0,No,No,10,Month-to-month,Yes,Credit card (automatic),Fiber optic,No,No,Yes,296.4,3,1,4.0,92.82,947.53,0,2481.34
CUST_10802,35,Male,0,No,No,32,One year,Yes,Credit card (automatic),No,No internet service,No internet service,No internet service,11.7,1,1,4.0,18.5,674.69,0,656.83
CUST_10803,43,Male,0,Yes,No,39,One year,Yes,Mailed check,DSL,Yes,No,Yes,200.1,1,1,5.0,83.62,3297.39,0,2536.33
CUST_10804,36,Female,0,No,No,45,One year,No,Electronic check,DSL,Yes,No,Yes,154.5,0,2,4.0,78.77,3552.96,0,2422.76
CUST_10805,36,Male,0,No,No,33,One year,No,Bank transfer (automatic),DSL,No,No,No,118.8,0,0,5.0,44.14,1428.15,0,1614.73
CUST_10806,38,Female,0,No,No,4,One year,Yes,Bank transfer (automatic),No,No internet service,No internet service,No internet service,11.8,1,0,4.0,26.49,138.34,0,844.73
CUST_10807,45,Male,0,No,No,47,One year,Yes,Bank transfer (automatic),Fiber optic,No,No,No,225.2,0,0,5.0,78.46,3666.24,0,2698.97
CUST_10808,36,Female,0,Yes,No,39,Two year,Yes,Bank transfer (automatic),Fiber optic,Yes,No,No,448.6,1,0,4.0,91.91,3557.03,0,3090.76
CUST_10809,58,Male,0,Yes,No,52,One year,Yes,Bank transfer (automatic),DSL,No,Yes,Yes,109.0,0,0,5.0,87.71,4556.49,0,3143.41
CUST_10810,30,Male,0,No,No,38,One year,No,Electronic check,DSL,Yes,No,Yes,139.2,0,2,5.0,78.67,2969.15,0,2180.75
CUST_10811,40,Male,0,Yes,No,55,Two year,Yes,Electronic check,Fiber optic,No,Yes,No,521.1,3,1,4.0,96.19,5321.75,0,3416.77
CUST_10812,36,Female,0,Yes,Yes,31,Two year,No,Credit card (automatic),No,No internet service,No internet service,No internet service,9.7,0,0,5.0,18.5,557.89,0,993.45
CUST_10813,61,Female,0,Yes,Yes,35,One year,Yes,Bank transfer (automatic),DSL,No,No,No,93.6,0,0,4.0,48.34,1725.67,0,1666.93
CUST_10814,45,Male,0,Yes,Yes,15,Month-to-month,No,Electronic check,No,No internet service,No internet service,No internet service,17.8,7,1,3.0,18.5,284.96,1,365.6
CUST_10815,55,Male,0,Yes,Yes,43,Two year,Yes,Credit card (automatic),DSL,Yes,Yes,Yes,111.3,0,0,5.0,97.48,4184.77,0,2873.88
CUST_10816,23,Female,0,No,No,6,One year,No,Electronic check,DSL,Yes,No,Yes,113.3,1,0,4.0,80.76,480.86,0,2248.8
CUST_10817,45,Male,0,Yes,No,42,One year,No,Mailed check,Fiber optic,Yes,No,No,452.1,0,0,5.0,90.37,3783.2,0,3009.04
CUST_10818,54,Male,0,No,No,21,Month-to-month,Yes,Electronic check,Fiber optic,Yes,No,No,441.7,2,0,4.0,92.02,1951.07,0,2996.23
CUST_10819,43,Female,0,No,No,47,One year,No,Credit card (automatic),Fiber optic,Yes,No,Yes,308.4,0,0,5.0,109.34,5147.31,0,3702.75
CUST_10820,56,Male,0,Yes,Yes,6,Month-to-month,No,Bank transfer (automatic),No,No internet service,No internet service,No internet service,12.2,2,0,4.0,22.73,109.9,0,573.98
CUST_10821,35,Male,0,Yes,No,18,Month-to-month,Yes,Mailed check,Fiber optic,No,Yes,No,342.3,3,1,3.0,91.6,1627.31,0,2618.38
CUST_10822,60,Female,0,Yes,No,41,Month-to-month,Yes,Credit card (automatic),DSL,Yes,Yes,No,167.5,3,1,3.0,75.28,3060.24,0,2332.52
CUST_10823,72,Female,1,Yes,No,8,Month-to-month,Yes,Credit card (automatic),Fiber optic,No,No,No,151.0,3,0,4.0,74.3,613.83,0,2109.14
CUST_10824,37,Male,0,Yes,Yes,33,Month-to-month,Yes,Bank transfer (automatic),Fiber optic,No,Yes,No,336.8,2,0,4.0,92.4,3086.75,1,1564.39
CUST_10825,36,Male,0,Yes,Yes,25,Month-to-month,Yes,Credit card (automatic),Fiber optic,No,No,Yes,427.6,1,2,5.0,102.94,2603.34,0,3191.03
CUST_10826,61,Female,0,No,No,3,Month-to-month,Yes,Bank transfer (automatic),Fiber optic,No,No,No,275.3,3,1,3.0,78.6,246.41,1,877.57
CUST_10827,63,Male,0,No,No,42,Two year,No,Bank transfer (automatic),Fiber optic,No,No,No,181.8,1,1,4.0,77.78,3298.11,0,2645.1
CUST_10828,35,Male,0,Yes,No,26,Month-to-month,No,Mailed check,No,No internet service,No internet service,No internet service,9.4,2,0,4.0,26.91,705.44,1,737.46
CUST_10829,37,Male,0,Yes,No,15,One year,Yes,Electronic check,Fiber optic,Yes,No,No,393.2,3,2,2.0,87.37,1323.21,0,2240.58
CUST_10830,38,Female,0,No,No,7,One year,Yes,Electronic check,Fiber optic,No,No,No,339.8,1,3,3.0,84.81,581.09,1,1354.0
CUST_10831,25,Male,0,No,No,18,Month-to-month,No,Credit card (automatic),Fiber optic,No,No,Yes,118.3,3,0,4.0,102.21,1827.36,0,2594.46
CUST_10832,30,Female,0,No,No,40,Month-to-month,Yes,Electronic check,Fiber optic,No,Yes,No,289.7,0,1,3.0,100.11,4007.72,0,3225.24
CUST_10833,29,Female,0,No,No,57,Two year,No,Mailed check,No,No internet service,No internet service,No internet service,21.7,1,0,5.0,18.5,1096.84,0,1305.36
CUST_10834,32,Female,0,Yes,Yes,12,Month-to-month,Yes,Electronic check,Fiber optic,No,No,Yes,342.7,2,1,5.0,97.61,1210.84,0,2812.78
CUST_10835,42,Female,0,Yes,Yes,36,One year,No,Mailed check,Fiber optic,Yes,Yes,Yes,420.8,1,1,4.0,128.0,4622.91,0,3861.75
CUST_10836,45,Male,0,No,No,27,Two year,Yes,Electronic check,Fiber optic,No,Yes,No,338.7,3,2,3.0,90.58,2438.01,0,2683.14
CUST_10837,62,Female,0,Yes,Yes,31,Month-to-month,No,Credit card (automatic),Fiber optic,No,No,Yes,449.8,0,0,5.0,98.96,3044.19,0,3206.99
CUST_10838,29,Male,0,No,No,16,One year,Yes,Credit card (automatic),Fiber optic,No,No,Yes,422.2,1,0,4.0,109.31,1761.36,0,3282.8
CUST_10839,55,Female,0,No,No,1,Two year,Yes,Credit card (automatic),Fiber optic,No,Yes,No,352.5,0,0,5.0,84.7,157.1,0,2374.5
CUST_10840,39,Female,0,No,No,15,Month-to-month,Yes,Bank transfer (automatic),Fiber optic,Yes,No,Yes,241.8,4,0,3.0,111.87,1658.66,1,1070.12
CUST_10841,41,Male,0,Yes,Yes,48,Month-to-month,Yes,Credit card (automatic),DSL,Yes,Yes,Yes,138.5,4,1,3.0,92.4,4429.09,0,3037.15
CUST_10842,51,Male,0,No,No,50,One year,Yes,Mailed check,DSL,Yes,Yes,No,62.0,1,0,4.0,78.7,3957.14,0,2544.95
CUST_10843,27,Female,0,No,No,36,Two year,Yes,Mailed check,DSL,No,No,Yes,140.8,0,0,5.0,67.49,2470.98,0,2176.75
CUST_10844,47,Male,0,Yes,No,19,Month-to-month,Yes,Electronic check,DSL,No,No,No,156.9,1,1,4.0,46.95,910.49,0,1518.92
CUST_10845,44,Female,0,Yes,No,21,Month-to-month,No,Credit card (automatic),DSL,No,No,No,99.3,0,0,5.0,53.05,1110.62,0,1607.31
CUST_10846,48,Female,0,No,No,47,Month-to-month,Yes,Electronic check,Fiber optic,Yes,No,No,208.3,2,0,5.0,86.91,4067.52,0,2628.72
CUST_10847,46,Male,0,No,No,51,One year,No,Bank transfer (automatic),No,No internet service,No internet service,No internet service,20.2,0,0,5.0,19.52,1028.2,0,1056.99
CUST_10848,74,Male,1,Yes,Yes,58,Month-to-month,Yes,Credit card (automatic),Fiber optic,No,Yes,Yes,351.3,3,0,4.0,110.43,6375.01,0,3701.33
CUST_10849,34,Female,0,Yes,Yes,36,One year,Yes,Bank transfer (automatic),DSL,Yes,No,No,112.8,0,0,5.0,53.09,1846.69,0,1706.84
CUST_10850,35,Male,0,No,No,30,One year,No,Electronic check,DSL,Yes,No,Yes,127.7,1,2,4.0,74.61,2282.36,0,2426.07
CUST_10851,34,Male,0,No,No,29,Two year,Yes,Bank transfer (automatic),Fiber optic,Yes,No,Yes,293.2,0,1,5.0,103.62,3028.97,0,3302.66
CUST_10852,35,Female,0,No,No,41,Two year,No,Bank transfer (automatic),DSL,Yes,No,Yes,54.7,0,0,5.0,74.04,2997.73,0,2577.56
CUST_10853,34,Male,0,No,No,45,Two year,No,Electronic check,DSL,No,Yes,No,96.4,1,0,5.0,58.67,2658.99,0,2262.16
CUST_10854,57,Male,0,Yes,Yes,65,One year,Yes,Bank transfer (automatic),DSL,No,No,Yes,120.9,0,0,4.0,71.55,4639.08,0,2408.67
CUST_10855,60,Male,0,No,No,15,Month-to-month,Yes,Credit card (automatic),Fiber optic,No,Yes,Yes,353.2,2,1,4.0,111.27,1635.78,0,3168.32
CUST_10856,35,Female,0,Yes,No,9,Month-to-month,No,Credit card (automatic),DSL,Yes,No,Yes,46.2,0,0,5.0,79.05,718.05,0,2184.33
CUST_10857,31,Male,0,No,No,29,One year,No,Mailed check,DSL,Yes,No,No,108.9,1,1,5.0,60.8,1743.01,0,1951.13
CUST_10858,48,Female,0,No,No,17,One year,Yes,Electronic check,Fiber optic,Yes,No,Yes,552.1,0,3,5.0,113.85,1917.63,0,3662.05
CUST_10859,35,Male,0,Yes,Yes,54,Month-to-month,Yes,Mailed check,Fiber optic,Yes,Yes,Yes,355.7,3,0,3.0,128.0,6885.16,1,1763.68
CUST_10860,50,Male,0,Yes,Yes,49,One year,No,Bank transfer (automatic),DSL,Yes,No,No,156.6,0,0,5.0,61.37,3012.55,0,2321.02
CUST_10861,45,Female,0,No,No,5,Month-to-month,Yes,Credit card (automatic),DSL,Yes,No,Yes,144.3,1,0,5.0,86.44,460.08,0,2084.81
CUST_10862,22,Male,0,Yes,Yes,23,Month-to-month,Yes,Credit card (automatic),Fiber optic,No,No,Yes,271.2,5,2,2.0,101.79,2316.32,1,1421.01
CUST_10863,62,Male,0,Yes,Yes,5,Month-to-month,No,Credit card (automatic),DSL,No,No,Yes,94.2,1,1,4.0,67.72,349.96,0,1371.57
CUST_10864,65,Male,1,No,No,38,Two year,No,Bank transfer (automatic),Fiber optic,No,No,Yes,399.1,2,0,4.0,107.45,4093.74,0,3481.47
CUST_10865,34,Female,0,Yes,No,51,Month-to-month,Yes,Bank transfer (automatic),DSL,Yes,No,No,97.1,1,0,4.0,67.14,3392.46,0,2644.05
CUST_10866,37,Female,0,No,No,30,Two year,Yes,Electronic check,DSL,No,No,Yes,168.3,0,0,5.0,65.77,1975.3,0,2166.74
CUST_10867,46,Male,0,Yes,Yes,5,One year,No,Mailed check,DSL,Yes,No,No,107.2,1,1,3.0,61.31,328.35,0,1706.03
CUST_10868,46,Female,0,No,No,41,Two year,Yes,Credit card (automatic),DSL,No,No,No,154.8,0,1,5.0,46.66,1941.6,0,1705.54
CUST_10869,51,Male,0,Yes,Yes,29,Two year,Yes,Bank transfer (automatic),Fiber optic,No,No,Yes,396.9,0,1,5.0,103.55,3000.43,0,3332.96
CUST_10870,68,Female,1,Yes,Yes,31,Month-to-month,No,Mailed check,Fiber optic,Yes,No,No,408.6,2,0,4.0,92.92,2853.73,0,3056.18
CUST_10871,40,Female,0,No,No,58,Two year,Yes,Electronic check,No,No internet service,No internet service,No internet service,11.8,0,0,4.0,18.5,1077.2,0,1159.85
CUST_10872,32,Female,0,No,No,35,Two year,No,Electronic check,Fiber optic,No,Yes,No,482.6,1,2,4.0,97.82,3431.47,0,3160.26
CUST_10873,24,Female,0,Yes,No,4,Month-to-month,No,Mailed check,Fiber optic,Yes,No,Yes,636.1,2,0,4.0,113.91,436.2,1,1674.93
CUST_10874,32,Male,0,Yes,No,7,Month-to-month,No,Credit card (automatic),DSL,No,Yes,Yes,80.8,3,0,4.0,88.53,575.93,0,2248.17
CUST_10875,42,Female,0,No,No,69,One year,No,Electronic check,Fiber optic,Yes,Yes,Yes,465.3,1,2,4.0,128.0,8852.06,0,4540.35
CUST_10876,65,Female,1,No,No,58,One year,Yes,Electronic check,No,No internet service,No internet service,No internet service,15.0,0,0,5.0,20.29,1183.29,0,1174.23
CUST_10877,35,Female,0,No,No,40,Two year,No,Bank transfer (automatic),DSL,Yes,No,No,86.2,1,1,4.0,61.39,2426.37,0,2039.27
CUST_10878,45,Male,0,No,No,9,Month-to-month,No,Electronic check,Fiber optic,No,Yes,Yes,220.2,4,3,3.0,115.88,1084.22,1,1360.44
CUST_10879,42,Female,0,No,No,45,Month-to-month,No,Electronic check,DSL,Yes,No,No,83.9,1,3,4.0,60.54,2734.16,0,2170.08
CUST_10880,57,Male,0,Yes,Yes,48,Two year,No,Electronic check,Fiber optic,Yes,No,No,260.6,0,1,5.0,87.79,4173.78,0,2936.97
CUST_10881,75,Male,1,No,No,23,Month-to-month,No,Mailed check,Fiber optic,Yes,No,Yes,207.7,1,0,4.0,111.47,2578.27,0,3129.08
CUST_10882,35,Male,0,No,No,16,Two year,Yes,Bank transfer (automatic),Fiber optic,Yes,No,Yes,485.0,1,1,4.0,110.78,1806.71,0,3479.57
CUST_10883,36,Male,0,Yes,No,39,Two year,Yes,Credit card (automatic),DSL,Yes,Yes,No,119.6,1,0,5.0,83.05,3231.59,0,2359.72
CUST_10884,56,Male,0,Yes,Yes,28,Two year,Yes,Mailed check,No,No internet service,No internet service,No internet service,17.2,1,2,4.0,18.5,564.65,0,1004.47
CUST_10885,51,Male,0,Yes,Yes,37,Two year,Yes,Bank transfer (automatic),DSL,No,Yes,Yes,71.6,0,1,4.0,85.51,3160.67,0,2285.47
CUST_10886,66,Female,1,Yes,Yes,56,Two year,Yes,Electronic check,DSL,No,Yes,Yes,170.5,1,2,4.0,84.87,4780.82,0,2961.36
CUST_10887,50,Female,0,Yes,No,22,One year,Yes,Bank transfer (automatic),DSL,No,No,Yes,97.7,0,0,5.0,72.15,1531.2,1,919.75
CUST_10888,37,Female,0,No,No,15,One year,No,Bank transfer (automatic),DSL,No,Yes,No,174.5,0,0,5.0,63.38,950.38,0,1757.26
CUST_10889,50,Male,0,No,No,3,Month-to-month,Yes,Electronic check,DSL,No,No,Yes,138.8,4,0,2.0,76.21,260.52,1,1136.18
CUST_10890,56,Male,0,No,No,45,One year,Yes,Bank transfer (automatic),Fiber optic,Yes,No,No,232.9,1,0,4.0,91.46,4066.46,0,2811.83
CUST_10891,53,Male,0,Yes,No,21,One year,No,Electronic check,Fiber optic,No,No,Yes,394.8,1,2,4.0,103.91,2222.04,1,1313.43
CUST_10892,49,Female,0,Yes,No,38,Two year,Yes,Bank transfer (automatic),No,No internet service,No internet service,No internet service,14.8,0,0,5.0,19.94,782.64,0,851.38
CUST_10893,56,Male,0,No,No,27,One year,Yes,Bank transfer (automatic),Fiber optic,Yes,No,No,231.2,0,0,5.0,81.9,2233.33,0,2749.6
CUST_10894,57,Female,0,Yes,Yes,56,Two year,Yes,Bank transfer (automatic),DSL,No,No,Yes,75.2,1,1,4.0,67.28,3777.69,0,2417.03
CUST_10895,60,Female,0,No,No,45,Two year,Yes,Credit card (automatic),DSL,No,No,Yes,154.5,0,3,4.0,73.41,3277.74,0,2460.76
CUST_10896,50,Female,0,No,No,45,Two year,No,Credit card (automatic),Fiber optic,No,No,No,498.0,1,0,5.0,80.76,3638.95,0,2799.03
CUST_10897,40,Female,0,Yes,No,24,Month-to-month,No,Credit card (automatic),Fiber optic,No,Yes,No,222.2,2,0,5.0,96.79,2329.05,0,2557.64
CUST_10898,44,Male,0,Yes,No,8,Month-to-month,No,Credit card (automatic),Fiber optic,No,No,No,363.4,1,0,5.0,81.15,595.94,1,998.72
CUST_10899,58,Female,0,Yes,No,21,Month-to-month,No,Electronic check,Fiber optic,No,No,No,169.2,1,0,5.0,78.15,1629.07,0,2241.96
CUST_10900,31,Female,0,No,No,39,One year,Yes,Mailed check,DSL,No,No,No,155.2,1,1,5.0,50.79,1976.81,0,1795.59
CUST_10901,47,Male,0,No,No,59,Month-to-month,No,Electronic check,DSL,Yes,No,Yes,123.3,1,0,5.0,86.68,5127.54,0,2932.79
CUST_10902,37,Male,0,No,No,64,Two year,No,Electronic check,Fiber optic,No,Yes,No,187.1,1,1,4.0,99.43,6349.5,0,3402.47
CUST_10903,42,Male,0,Yes,No,17,Month-to-month,No,Mailed check,Fiber optic,No,No,Yes,295.0,4,0,4.0,106.35,1796.39,1,1209.73
CUST_10904,59,Female,0,No,No,54,One year,Yes,Credit card (automatic),DSL,No,No,Yes,97.1,0,0,5.0,79.53,4271.17,0,2699.19
CUST_10905,44,Male,0,Yes,Yes,40,Two year,Yes,Mailed check,DSL,No,No,No,83.9,2,0,4.0,42.57,1762.38,0,1490.88
CUST_10906,43,Male,0,Yes,Yes,59,Month-to-month,Yes,Bank transfer (automatic),No,No internet service,No internet service,No internet service,20.0,4,1,3.0,18.5,1061.47,0,1164.34
CUST_10907,24,Female,0,No,No,11,Month-to-month,Yes,Mailed check,Fiber optic,No,Yes,No,246.9,0,0,4.0,88.23,934.35,1,1314.54
CUST_10908,52,Male,0,No,No,7,One year,No,Bank transfer (automatic),Fiber optic,No,Yes,Yes,555.7,1,0,4.0,111.2,794.57,0,3020.93
CUST_10909,50,Female,0,Yes,Yes,0,Month-to-month,Yes,Credit card (automatic),DSL,No,No,No,156.2,0,0,5.0,52.37,,0,1586.45
CUST_10910,70,Female,1,Yes,No,26,One year,Yes,Electronic check,Fiber optic,No,No,No,309.7,0,0,5.0,77.9,1990.51,0,2622.84
CUST_10911,38,Male,0,Yes,Yes,5,One year,No,Credit card (automatic),DSL,Yes,Yes,No,216.0,0,0,5.0,79.39,391.73,0,1910.21
CUST_10912,45,Male,0,Yes,No,50,One year,Yes,Electronic check,DSL,No,No,Yes,104.6,1,2,4.0,68.67,3432.82,0,2246.35
CUST_10913,45,Female,0,Yes,No,9,Month-to-month,Yes,Credit card (automatic),DSL,Yes,No,Yes,61.8,1,0,,87.3,798.93,0,2185.03
CUST_10914,63,Male,0,No,No,29,Month-to-month,No,Electronic check,Fiber optic,Yes,No,Yes,471.9,3,2,2.0,112.94,3280.58,1,1535.97
CUST_10915,41,Male,0,No,No,31,Month-to-month,No,Mailed check,DSL,No,No,No,83.9,3,1,4.0,48.88,1517.44,0,1691.29
CUST_10916,46,Male,0,No,No,2,Month-to-month,No,Credit card (automatic),DSL,No,No,Yes,172.5,4,0,4.0,72.99,158.38,1,687.76
CUST_10917,50,Female,0,No,No,11,Month-to-month,No,Bank transfer (automatic),Fiber optic,No,No,No,180.2,3,0,4.0,77.77,876.43,1,671.71
CUST_10918,44,Male,0,No,No,43,Two year,Yes,Mailed check,DSL,No,No,Yes,84.4,0,0,5.0,66.41,2841.35,0,2185.57
CUST_10919,36,Female,0,No,No,27,Two year,Yes,Bank transfer (automatic),DSL,No,No,Yes,97.4,1,0,4.0,64.17,1719.5,0,1922.06
CUST_10920,45,Male,0,No,No,34,Month-to-month,Yes,Electronic check,Fiber optic,No,Yes,Yes,420.0,1,0,5.0,121.65,4154.78,1,1747.71
CUST_10921,56,Female,0,Yes,Yes,46,One year,Yes,Electronic check,Fiber optic,Yes,No,Yes,290.9,0,3,3.0,111.37,5116.14,0,3275.96
CUST_10922,29,Female,0,No,No,21,One year,Yes,Electronic check,No,No internet service,No internet service,No internet service,12.2,0,0,5.0,18.5,369.21,0,803.93
CUST_10923,44,Male,0,No,No,42,Two year,Yes,Electronic check,Fiber optic,No,No,Yes,431.0,2,1,4.0,99.26,4152.09,0,3145.97
CUST_10924,33,Female,0,No,No,16,Month-to-month,Yes,Credit card (automatic),DSL,Yes,No,Yes,169.3,2,0,4.0,77.75,1207.26,0,2217.56
CUST_10925,58,Female,0,No,No,62,One year,No,Credit card (automatic),Fiber optic,No,No,No,313.9,1,0,4.0,79.8,4958.0,0,3104.67
CUST_10926,22,Female,0,Yes,Yes,11,Month-to-month,Yes,Electronic check,DSL,No,No,No,78.2,7,2,1.0,49.13,586.3,0,1300.52
CUST_10927,35,Male,0,No,No,35,Month-to-month,No,Credit card (automatic),Fiber optic,No,Yes,No,528.0,3,0,3.0,95.04,3350.45,0,3399.57
CUST_10928,47,Female,0,Yes,Yes,42,Two year,Yes,Electronic check,DSL,No,No,No,113.8,1,1,4.0,46.83,1950.61,0,1609.77
CUST_10929,62,Male,0,No,No,4,Month-to-month,No,Electronic check,Fiber optic,No,No,No,401.3,5,0,4.0,84.17,284.74,1,1445.87
CUST_10930,41,Female,0,Yes,Yes,19,Month-to-month,No,Bank transfer (automatic),Fiber optic,No,No,No,292.2,1,1,5.0,80.39,1501.43,0,2294.82
CUST_10931,35,Female,0,Yes,Yes,60,Month-to-month,No,Electronic check,Fiber optic,No,No,No,302.9,2,1,4.0,83.72,5020.96,0,2949.28
CUST_10932,66,Female,1,Yes,No,8,One year,Yes,Electronic check,Fiber optic,No,No,No,292.2,0,0,5.0,74.6,616.49,0,2237.67
CUST_10933,23,Female,0,No,No,20,Month-to-month,Yes,Bank transfer (automatic),No,No internet service,No internet service,No internet service,19.4,3,1,3.0,24.94,517.69,1,421.86
CUST_10934,18,Female,0,Yes,Yes,57,Month-to-month,Yes,Credit card (automatic),DSL,No,Yes,No,170.0,2,0,4.0,60.88,3459.73,0,2408.42
CUST_10935,48,Female,0,No,No,38,Two year,No,Bank transfer (automatic),DSL,Yes,No,Yes,98.5,2,0,4.0,82.16,3120.52,0,2482.84
CUST_10936,35,Male,0,Yes,No,26,One year,Yes,Electronic check,No,No internet service,No internet service,No internet service,12.9,1,0,5.0,20.78,525.09,0,858.49
CUST_10937,29,Male,0,No,No,13,One year,Yes,Mailed check,Fiber optic,No,No,Yes,500.7,1,0,4.0,99.26,1277.97,0,2947.71
CUST_10938,51,Female,0,No,No,9,Month-to-month,Yes,Bank transfer (automatic),Fiber optic,Yes,No,No,582.6,0,0,5.0,94.08,852.92,1,1529.55
CUST_10939,45,Female,0,Yes,Yes,67,Two year,Yes,Bank transfer (automatic),Fiber optic,No,No,Yes,419.9,1,1,4.0,101.94,6817.07,0,3447.79
CUST_10940,35,Male,0,Yes,Yes,53,Month-to-month,Yes,Credit card (automatic),DSL,No,Yes,Yes,134.6,0,0,5.0,77.25,4062.97,0,2598.21
CUST_10941,25,Female,0,No,No,35,One year,No,Credit card (automatic),DSL,No,No,No,200.9,2,0,4.0,54.98,1926.69,0,1947.34
CUST_10942,53,Female,0,No,No,24,One year,No,Credit card (automatic),DSL,No,No,Yes,130.4,0,0,5.0,73.7,1783.91,0,2310.76
CUST_10943,50,Male,0,No,No,64,Month-to-month,Yes,Bank transfer (automatic),DSL,Yes,Yes,No,130.5,3,0,4.0,81.32,5192.5,0,2647.35
CUST_10944,41,Male,0,Yes,Yes,52,One year,No,Mailed check,Fiber optic,No,No,Yes,292.9,1,0,5.0,99.67,5243.08,0,3428.41
CUST_10945,66,Male,1,No,No,2,One year,Yes,Bank transfer (automatic),DSL,No,Yes,No,149.5,0,0,5.0,62.08,122.01,1,709.19
CUST_10946,28,Female,0,No,No,50,One year,No,Bank transfer (automatic),Fiber optic,Yes,Yes,No,273.9,0,1,5.0,102.94,5126.62,0,3156.58
CUST_10947,22,Female,0,Yes,Yes,47,Two year,Yes,Electronic check,DSL,No,No,Yes,102.4,1,0,5.0,70.08,3339.24,0,2443.21
CUST_10948,33,Male,0,Yes,No,13,One year,No,Mailed check,DSL,Yes,No,Yes,108.6,1,0,5.0,84.53,1134.5,0,2211.67
CUST_10949,41,Female,0,Yes,Yes,45,Two year,Yes,Electronic check,DSL,No,Yes,No,144.5,0,2,5.0,62.74,2883.52,0,2508.21
CUST_10950,45,Male,0,No,No,24,Two year,Yes,Credit card (automatic),Fiber optic,Yes,Yes,No,314.8,0,0,5.0,102.49,2458.91,0,2998.65
CUST_10951,39,Male,0,No,No,25,One year,Yes,Electronic check,DSL,Yes,Yes,No,157.7,1,1,4.0,78.2,1945.81,0,2527.46
CUST_10952,47,Female,0,Yes,Yes,17,One year,Yes,Credit card (automatic),Fiber optic,No,Yes,Yes,232.3,1,0,5.0,114.33,1941.68,0,3388.8
CUST_10953,26,Male,0,Yes,No,68,Two year,Yes,Mailed check,DSL,No,No,No,106.0,0,0,5.0,49.46,3379.13,0,2012.56
CUST_10954,61,Male,0,Yes,Yes,31,One year,No,Bank transfer (automatic),DSL,Yes,Yes,No,125.0,0,0,5.0,69.77,2193.16,0,2214.68
CUST_10955,41,Male,0,Yes,Yes,4,Month-to-month,Yes,Electronic check,Fiber optic,Yes,Yes,No,373.4,1,2,5.0,100.88,429.06,1,1499.92
CUST_10956,57,Female,0,Yes,No,2,Month-to-month,Yes,Bank transfer (automatic),DSL,No,No,No,151.2,1,0,5.0,44.93,90.28,0,1520.15
CUST_10957,46,Female,0,No,No,53,Two year,No,Electronic check,No,No internet service,No internet service,No internet service,10.3,1,3,4.0,19.58,1055.9,0,1029.83
CUST_10958,48,Female,0,Yes,No,68,One year,Yes,Mailed check,No,No internet service,No internet service,No internet service,15.3,0,0,5.0,18.5,1233.69,0,1483.23
CUST_10959,49,Female,0,Yes,No,58,One year,Yes,Electronic check,Fiber optic,No,No,No,232.6,2,0,5.0,77.85,4492.42,0,2822.12
CUST_10960,48,Male,0,No,No,48,One year,Yes,Mailed check,Fiber optic,No,Yes,Yes,429.0,0,0,5.0,112.4,5398.65,0,3530.5
CUST_10961,50,Female,0,No,No,11,Month-to-month,No,Credit card (automatic),Fiber optic,No,No,Yes,294.6,1,1,4.0,108.07,1133.31,0,2850.03
CUST_10962,59,Female,0,No,No,15,Two year,No,Bank transfer (automatic),Fiber optic,Yes,No,No,451.3,0,1,4.0,92.81,1392.23,0,2959.41
CUST_10963,45,Female,0,Yes,No,16,Two year,No,Electronic check,Fiber optic,Yes,No,Yes,352.7,0,1,5.0,111.07,1801.14,0,3371.02
CUST_10964,51,Male,0,Yes,No,31,One year,Yes,Mailed check,DSL,Yes,No,No,125.2,1,0,5.0,64.72,2016.08,0,2272.86
CUST_10965,41,Female,0,No,No,49,One year,Yes,Credit card (automatic),DSL,No,No,Yes,231.6,1,1,4.0,71.43,3535.15,0,2544.94
CUST_10966,61,Female,0,No,No,62,One year,No,Bank transfer (automatic),DSL,No,No,No,162.4,0,0,5.0,47.84,2955.58,0,2046.44
CUST_10967,33,Female,0,Yes,Yes,22,Month-to-month,No,Electronic check,DSL,No,Yes,No,149.0,1,3,4.0,59.24,1266.95,1,958.21
CUST_10968,65,Male,1,No,No,55,One year,No,Electronic check,DSL,No,Yes,No,120.7,2,2,4.0,63.35,3464.55,0,2114.22
CUST_10969,41,Female,0,No,No,14,Month-to-month,Yes,Mailed check,Fiber optic,Yes,No,Yes,307.7,1,0,5.0,111.43,1562.34,0,3114.6
CUST_10970,23,Male,0,Yes,Yes,62,Two year,Yes,Electronic check,Fiber optic,Yes,No,Yes,292.6,3,2,3.0,117.94,7354.47,0,4096.76
CUST_10971,44,Male,0,No,No,2,Month-to-month,Yes,Bank transfer (automatic),Fiber optic,No,Yes,No,521.0,2,1,3.0,86.88,221.14,0,2569.93
CUST_10972,33,Female,0,No,No,4,Month-to-month,Yes,Bank transfer (automatic),DSL,No,No,No,95.1,5,0,3.0,47.52,139.9,1,681.45
CUST_10973,53,Male,0,Yes,Yes,31,Two year,Yes,Electronic check,DSL,No,No,Yes,144.2,0,1,5.0,67.02,2072.15,0,2206.25
CUST_10974,34,Female,0,No,No,3,Month-to-month,Yes,Mailed check,Fiber optic,No,Yes,Yes,282.7,1,1,4.0,113.42,321.09,1,1022.63
CUST_10975,36,Male,0,No,No,14,Month-to-month,Yes,Credit card (automatic),Fiber optic,Yes,No,Yes,246.0,1,1,4.0,108.71,1505.53,0,3098.49
CUST_10976,18,Male,0,No,No,23,Month-to-month,No,Mailed check,Fiber optic,No,No,Yes,302.5,1,0,5.0,99.68,2286.95,0,3031.41
CUST_10977,36,Female,0,Yes,No,22,Month-to-month,Yes,Electronic check,DSL,No,Yes,No,150.7,2,2,4.0,57.51,1246.1,1,928.26
CUST_10978,18,Female,0,Yes,Yes,8,Month-to-month,Yes,Bank transfer (automatic),Fiber optic,No,No,No,482.7,5,0,3.0,77.08,631.51,1,1185.65
CUST_10979,21,Female,0,No,No,46,One year,No,Electronic check,Fiber optic,No,Yes,No,380.6,0,3,4.0,96.52,4480.92,0,3271.49
CUST_10980,52,Male,0,Yes,No,32,One year,Yes,Credit card (automatic),Fiber optic,No,Yes,Yes,337.6,1,1,5.0,115.69,3742.03,0,3356.95
CUST_10981,52,Female,0,Yes,Yes,19,Two year,Yes,Credit card (automatic),DSL,Yes,No,No,144.9,0,1,5.0,61.01,1139.46,0,1720.72
CUST_10982,48,Male,0,Yes,No,38,One year,No,Credit card (automatic),Fiber optic,Yes,No,No,332.6,1,0,5.0,93.24,3539.59,0,2824.23
CUST_10983,29,Female,0,Yes,No,52,Month-to-month,Yes,Mailed check,DSL,Yes,No,Yes,105.4,3,1,4.0,84.84,4451.39,0,2700.91
CUST_10984,41,Male,0,No,No,33,One year,No,Bank transfer (automatic),DSL,Yes,No,Yes,83.8,0,0,5.0,78.32,2596.61,0,2251.83
CUST_10985,42,Female,0,Yes,Yes,43,One year,Yes,Credit card (automatic),Fiber optic,No,No,No,487.4,2,2,3.0,80.61,3498.35,0,2780.38
CUST_10986,27,Male,0,No,No,21,One year,Yes,Electronic check,Fiber optic,No,Yes,No,289.6,0,2,5.0,91.42,1935.61,0,2712.98
CUST_10987,62,Female,0,Yes,No,66,Two year,No,Electronic check,DSL,No,Yes,No,81.2,1,1,5.0,67.3,4467.37,0,2367.89
CUST_10988,53,Male,0,No,No,16,Month-to-month,No,Mailed check,Fiber optic,No,Yes,No,328.0,2,0,5.0,96.01,1523.82,0,3059.92
CUST_10989,39,Female,0,Yes,Yes,38,Two year,No,Credit card (automatic),DSL,No,No,Yes,158.4,3,1,3.0,67.91,2564.57,0,2075.1
CUST_10990,42,Female,0,No,No,37,One year,Yes,Mailed check,Fiber optic,No,Yes,Yes,443.1,0,0,5.0,109.38,3999.49,0,3462.27
CUST_10991,45,Female,0,No,No,60,One year,Yes,Mailed check,Fiber optic,No,No,Yes,331.3,2,0,4.0,102.67,6130.6,0,3627.78
CUST_10992,18,Male,0,Yes,Yes,17,Two year,Yes,Bank transfer (automatic),DSL,No,No,No,102.6,0,0,5.0,48.4,813.44,0,1508.94
CUST_10993,39,Female,0,No,No,49,Month-to-month,Yes,Bank transfer (automatic),Fiber optic,Yes,Yes,No,625.8,5,0,3.0,108.98,5292.12,1,2011.03
CUST_10994,33,Male,0,Yes,Yes,1,Month-to-month,Yes,Electronic check,DSL,Yes,No,No,89.5,0,4,4.0,60.1,82.26,1,634.35
CUST_10995,29,Female,0,No,No,58,Two year,Yes,Bank transfer (automatic),Fiber optic,Yes,Yes,Yes,356.3,0,1,4.0,125.26,7266.23,0,4207.34
CUST_10996,38,Male,0,No,No,34,Month-to-month,Yes,Bank transfer (automatic),DSL,No,No,No,94.3,0,0,4.0,43.94,1486.82,0,1569.99
CUST_10997,65,Male,1,No,No,28,Month-to-month,Yes,Bank transfer (automatic),Fiber optic,No,Yes,No,460.9,2,0,5.0,90.03,2517.63,0,2909.43
CUST_10998,50,Male,0,No,No,57,One year,Yes,Bank transfer (automatic),Fiber optic,No,No,Yes,463.9,0,0,5.0,105.31,6030.98,0,3941.46
CUST_10999,35,Female,0,Yes,Yes,21,Month-to-month,No,Mailed check,No,No internet service,No internet service,No internet service,9.8,3,0,4.0,19.44,383.79,0,1091.0
CUST_11000,49,Female,0,Yes,No,48,Two year,Yes,Credit card (automatic),DSL,No,Yes,No,130.6,1,0,4.0,66.19,3146.83,0,2314.34
CUST_11001,60,Female,0,Yes,Yes,15,One year,Yes,Mailed check,DSL,Yes,No,No,23.1,1,0,5.0,56.07,829.34,0,1687.68
CUST_11002,54,Female,0,No,No,6,Month-to-month,Yes,Mailed check,DSL,Yes,No,Yes,126.7,2,0,4.0,76.4,495.76,0,2079.3
CUST_11003,43,Male,0,No,No,11,Month-to-month,No,Credit card (automatic),DSL,No,No,No,5.9,2,1,4.0,49.42,524.49,0,1389.24
CUST_11004,34,Male,0,Yes,Yes,28,Two year,No,Credit card (automatic),DSL,No,No,No,135.5,1,0,4.0,51.42,1446.72,0,1773.88
CUST_11005,51,Male,0,No,No,11,Month-to-month,No,Bank transfer (automatic),No,No internet service,No internet service,No internet service,13.6,4,1,2.0,30.55,321.59,1,514.08
CUST_11006,47,Female,0,Yes,No,7,Month-to-month,No,Electronic check,DSL,Yes,Yes,Yes,62.4,3,1,4.0,90.22,578.72,1,730.42
CUST_11007,54,Male,0,Yes,No,50,Two year,Yes,Electronic check,Fiber optic,Yes,Yes,Yes,419.5,1,1,4.0,123.43,6144.31,0,3886.55
CUST_11008,50,Female,0,No,No,40,One year,Yes,Electronic check,Fiber optic,Yes,No,No,359.4,1,1,4.0,93.93,3730.0,0,2960.07
CUST_11009,56,Male,0,Yes,Yes,58,Month-to-month,No,Electronic check,DSL,No,No,Yes,82.7,4,1,3.0,65.7,3817.12,0,2333.43
CUST_11010,35,Female,0,No,No,40,Month-to-month,Yes,Bank transfer (automatic),DSL,No,No,No,151.6,2,1,4.0,49.62,2004.62,0,1875.59
CUST_11011,59,Female,0,Yes,Yes,49,Two year,Yes,Credit card (automatic),No,No internet service,No internet service,No internet service,14.7,1,0,4.0,20.79,972.54,0,1201.15
CUST_11012,45,Female,0,No,No,19,One year,No,Bank transfer (automatic),DSL,No,Yes,No,137.9,2,0,4.0,67.68,1283.43,0,1869.3
CUST_11013,69,Male,1,Yes,No,22,Two year,Yes,Electronic check,Fiber optic,No,No,No,313.1,0,1,4.0,83.11,1824.01,0,2439.76
CUST_11014,33,Male,0,Yes,Yes,33,One year,No,Electronic check,DSL,No,No,No,114.2,0,1,5.0,49.59,1687.9,0,1624.49
CUST_11015,65,Female,1,No,No,23,Month-to-month,Yes,Bank transfer (automatic),Fiber optic,No,Yes,Yes,543.0,0,0,5.0,120.16,2762.9,0,3405.0
CUST_11016,45,Female,0,No,No,45,Month-to-month,No,Bank transfer (automatic),DSL,No,Yes,No,96.6,2,0,5.0,64.89,2944.72,0,2074.32
CUST_11017,34,Female,0,Yes,No,37,Two year,No,Credit card (automatic),DSL,No,No,Yes,132.6,0,0,5.0,67.64,2465.58,0,2195.1
CUST_11018,36,Male,0,Yes,Yes,33,One year,No,Credit card (automatic),DSL,No,No,Yes,133.0,0,0,5.0,64.79,2127.69,0,2047.68
CUST_11019,38,Female,0,No,No,15,Month-to-month,Yes,Credit card (automatic),DSL,Yes,No,No,71.9,3,1,2.0,57.02,815.87,1,635.54
CUST_11020,48,Male,0,Yes,Yes,21,One year,No,Mailed check,No,No internet service,No internet service,No internet service,16.7,1,1,,18.5,376.42,0,938.91
CUST_11021,49,Male,0,No,No,32,Month-to-month,Yes,Bank transfer (automatic),DSL,No,No,No,53.3,1,0,5.0,58.36,1865.5,0,2001.35
CUST_11022,35,Male,0,No,No,64,One year,Yes,Electronic check,Fiber optic,Yes,No,Yes,600.1,1,5,3.0,113.95,7249.51,0,4081.54
CUST_11023,42,Female,0,Yes,No,62,Two year,No,Electronic check,No,No internet service,No internet service,No internet service,22.5,1,2,4.0,18.5,1168.36,0,1539.26
CUST_11024,70,Male,1,Yes,No,38,Month-to-month,Yes,Electronic check,DSL,No,No,No,37.8,3,1,4.0,47.66,1824.73,1,453.91
CUST_11025,64,Male,0,No,No,19,Month-to-month,Yes,Electronic check,Fiber optic,No,No,Yes,488.6,4,1,3.0,92.1,1771.61,1,1254.56
CUST_11026,48,Female,0,Yes,Yes,27,One year,Yes,Electronic check,Fiber optic,Yes,No,Yes,361.5,2,2,4.0,110.03,2975.68,0,2977.81
CUST_11027,42,Male,0,No,No,31,One year,No,Credit card (automatic),Fiber optic,No,Yes,Yes,169.7,0,1,4.0,108.02,3321.2,0,3202.43
CUST_11028,44,Male,0,Yes,Yes,15,Month-to-month,Yes,Mailed check,Fiber optic,Yes,Yes,Yes,131.0,3,0,4.0,126.49,1919.88,1,1367.78
CUST_11029,50,Female,0,No,No,11,Month-to-month,No,Credit card (automatic),DSL,Yes,No,Yes,118.4,4,0,3.0,75.38,805.65,0,2189.51
CUST_11030,29,Female,0,Yes,No,37,Two year,Yes,Credit card (automatic),DSL,No,No,No,189.7,3,0,4.0,46.0,1663.23,0,1548.47
CUST_11031,39,Female,0,No,No,69,Month-to-month,Yes,Credit card (automatic),DSL,No,No,No,219.3,2,1,4.0,44.87,3083.82,0,2218.81
CUST_11032,20,Male,0,Yes,No,65,Month-to-month,No,Credit card (automatic),No,No internet service,No internet service,No internet service,16.5,2,1,4.0,18.5,1196.56,0,1307.2
CUST_11033,47,Female,0,Yes,No,18,Month-to-month,Yes,Bank transfer (automatic),DSL,No,No,No,78.0,1,0,4.0,43.17,780.67,0,1307.57
CUST_11034,50,Male,0,No,No,7,Month-to-month,Yes,Mailed check,No,No internet service,No internet service,No internet service,24.7,3,0,4.0,19.93,115.95,0,563.7
CUST_11035,36,Male,0,Yes,Yes,69,One year,Yes,Bank transfer (automatic),DSL,Yes,No,Yes,81.0,1,1,5.0,87.15,6051.78,0,2957.99
CUST_11036,62,Male,0,Yes,Yes,43,Two year,No,Credit card (automatic),Fiber optic,Yes,No,No,308.8,1,1,4.0,96.89,4178.21,0,2810.77
CUST_11037,26,Female,0,Yes,Yes,55,One year,No,Credit card (automatic),Fiber optic,No,No,Yes,433.6,1,0,4.0,92.76,5118.48,0,3274.13
CUST_11038,23,Male,0,Yes,No,58,Two year,No,Credit card (automatic),No,No internet service,No internet service,No internet service,21.9,0,1,4.0,18.5,1100.02,0,1277.39
CUST_11039,45,Female,0,No,No,40,Two year,Yes,Bank transfer (automatic),DSL,No,Yes,Yes,72.1,0,1,5.0,88.9,3563.23,0,3085.7
CUST_11040,56,Female,0,No,No,15,Month-to-month,Yes,Mailed check,DSL,Yes,No,No,119.2,3,0,4.0,57.56,871.25,0,1885.12
CUST_11041,64,Male,0,Yes,Yes,37,One year,No,Credit card (automatic),Fiber optic,No,Yes,Yes,430.0,0,0,5.0,117.99,4361.05,0,3600.07
CUST_11042,36,Female,0,No,No,10,Month-to-month,No,Credit card (automatic),No,No internet service,No internet service,No internet service,5.0,0,0,5.0,21.06,206.79,0,764.53
CUST_11043,56,Male,0,No,No,52,One year,No,Mailed check,DSL,Yes,Yes,Yes,42.2,1,0,4.0,98.11,5117.0,0,3240.9
CUST_11044,41,Female,0,No,No,47,Two year,No,Bank transfer (automatic),Fiber optic,No,No,Yes,149.0,0,0,5.0,92.98,4339.0,0,3160.45
CUST_11045,40,Female,0,Yes,No,1,Month-to-month,Yes,Credit card (automatic),DSL,Yes,Yes,No,131.1,3,0,3.0,79.45,53.83,1,785.04
CUST_11046,53,Female,0,No,No,57,One year,Yes,Mailed check,Fiber optic,Yes,Yes,No,423.2,1,0,5.0,110.07,6326.54,0,3655.97
CUST_11047,50,Male,0,No,No,29,Month-to-month,No,Credit card (automatic),Fiber optic,No,No,Yes,497.8,1,1,3.0,98.61,2853.46,1,1682.92
CUST_11048,22,Male,0,No,No,28,Month-to-month,Yes,Electronic check,Fiber optic,No,No,Yes,390.4,2,1,3.0,100.95,2908.9,0,3006.25
CUST_11049,61,Male,0,Yes,Yes,24,Month-to-month,Yes,Mailed check,DSL,No,No,No,219.3,3,1,3.0,46.9,1145.6,0,1592.15
CUST_11050,60,Female,0,Yes,No,30,Month-to-month,Yes,Mailed check,DSL,No,Yes,No,146.6,2,1,4.0,63.13,1907.64,1,1014.5
CUST_11051,34,Female,0,No,No,49,Two year,Yes,Bank transfer (automatic),Fiber optic,No,No,No,514.4,0,0,5.0,81.74,3985.1,0,2927.93
CUST_11052,47,Male,0,Yes,Yes,31,Month-to-month,Yes,Electronic check,Fiber optic,Yes,Yes,No,467.1,3,0,4.0,101.97,3153.86,0,3386.84
CUST_11053,48,Female,0,No,No,22,One year,Yes,Electronic check,No,No internet service,No internet service,No internet service,16.4,0,0,4.0,22.58,449.36,1,390.88
CUST_11054,45,Female,0,Yes,Yes,27,Month-to-month,No,Credit card (automatic),Fiber optic,Yes,No,Yes,547.2,3,1,3.0,114.98,3106.82,0,3694.96
CUST_11055,35,Male,0,No,No,65,Two year,Yes,Electronic check,DSL,No,Yes,No,148.1,1,1,4.0,66.99,4334.18,0,2438.72
CUST_11056,33,Female,0,No,No,16,Two year,No,Electronic check,DSL,No,No,Yes,95.4,0,1,5.0,70.04,1108.89,0,2037.03
CUST_11057,42,Male,0,No,No,2,One year,No,Bank transfer (automatic),Fiber optic,Yes,No,No,374.3,0,0,5.0,85.92,157.66,0,2129.45
CUST_11058,57,Male,0,No,No,32,One year,Yes,Mailed check,Fiber optic,No,Yes,No,310.5,3,0,4.0,91.9,2913.05,1,1404.2
CUST_11059,49,Female,0,No,No,36,Month-to-month,Yes,Credit card (automatic),Fiber optic,No,No,Yes,255.3,0,1,5.0,100.72,3556.11,0,3117.62
CUST_11060,37,Female,0,Yes,No,5,Month-to-month,Yes,Mailed check,DSL,No,Yes,Yes,91.3,2,0,4.0,89.39,443.73,0,2480.69
CUST_11061,52,Female,0,No,No,30,Month-to-month,Yes,Bank transfer (automatic),DSL,No,Yes,No,146.4,3,0,3.0,65.31,1955.26,0,1936.1
CUST_11062,18,Male,0,Yes,No,45,Two year,Yes,Mailed check,No,No internet service,No internet service,No internet service,7.8,3,1,3.0,18.5,789.76,0,969.2
CUST_11063,57,Male,0,No,No,13,One year,Yes,Credit card (automatic),Fiber optic,No,No,No,383.7,2,0,4.0,71.83,919.37,0,2272.01
CUST_11064,19,Female,0,Yes,No,19,One year,No,Electronic check,DSL,No,No,No,98.4,0,2,5.0,44.7,839.78,0,1558.64
CUST_11065,37,Female,0,No,No,22,One year,No,Mailed check,Fiber optic,No,No,Yes,227.1,0,0,5.0,97.62,2157.45,0,2824.35
CUST_11066,27,Male,0,No,No,5,Month-to-month,Yes,Credit card (automatic),No,No internet service,No internet service,No internet service,14.5,3,0,3.0,18.5,75.82,1,176.74
CUST_11067,25,Male,0,Yes,Yes,62,One year,Yes,Bank transfer (automatic),DSL,Yes,No,No,126.1,1,0,5.0,48.38,3009.12,0,1970.98
CUST_11068,57,Female,0,Yes,No,13,Month-to-month,No,Bank transfer (automatic),Fiber optic,No,No,No,599.9,0,0,4.0,74.41,990.17,0,2254.61
CUST_11069,36,Female,0,No,No,26,Month-to-month,No,Electronic check,DSL,No,Yes,Yes,76.8,5,3,2.0,85.35,2197.01,1,962.92
CUST_11070,47,Female,0,Yes,No,38,Two year,Yes,Mailed check,Fiber optic,No,Yes,No,387.6,2,0,3.0,97.87,3690.21,0,3373.55
CUST_11071,41,Male,0,Yes,Yes,61,Two year,No,Electronic check,Fiber optic,Yes,Yes,No,406.8,1,1,4.0,110.21,6691.78,0,3610.65
CUST_11072,48,Male,0,Yes,Yes,68,One year,Yes,Electronic check,Fiber optic,Yes,Yes,No,338.2,0,1,5.0,108.8,7410.66,0,3840.93
CUST_11073,43,Female,0,No,No,16,One year,No,Mailed check,Fiber optic,Yes,Yes,Yes,526.3,1,0,4.0,127.76,2035.4,0,3504.71
CUST_11074,25,Male,0,No,No,31,Month-to-month,No,Credit card (automatic),DSL,Yes,No,Yes,130.6,1,0,4.0,89.38,2760.37,0,2425.75
CUST_11075,55,Female,0,No,No,18,One year,Yes,Electronic check,DSL,Yes,Yes,Yes,156.9,1,2,4.0,96.24,1735.51,0,2748.43
CUST_11076,36,Female,0,No,No,45,One year,Yes,Electronic check,DSL,Yes,No,No,93.5,0,3,4.0,62.32,2757.16,0,2114.41
CUST_11077,22,Female,0,Yes,Yes,25,One year,Yes,Electronic check,Fiber optic,Yes,No,No,197.8,2,1,4.0,89.12,2240.84,0,2580.24
CUST_11078,36,Male,0,No,No,12,One year,Yes,Credit card (automatic),DSL,No,No,Yes,112.0,0,0,5.0,69.87,826.0,0,1731.72
CUST_11079,62,Female,0,Yes,Yes,10,Month-to-month,Yes,Mailed check,DSL,Yes,No,No,111.4,3,0,4.0,63.04,612.73,0,1848.93
CUST_11080,53,Male,0,Yes,No,48,Month-to-month,Yes,Mailed check,DSL,No,No,No,105.1,2,0,5.0,44.51,2129.86,0,1741.47
CUST_11081,37,Female,0,Yes,Yes,59,Two year,Yes,Credit card (automatic),Fiber optic,Yes,No,Yes,384.5,3,0,4.0,115.09,6798.79,0,3900.05
CUST_11082,37,Female,0,No,No,12,Month-to-month,Yes,Electronic check,No,No internet service,No internet service,No internet service,12.6,2,3,3.0,18.5,211.04,1,275.6
CUST_11083,38,Female,0,No,No,4,Month-to-month,Yes,Mailed check,DSL,Yes,No,No,101.7,3,0,4.0,60.94,221.5,0,1705.3
CUST_11084,69,Male,1,Yes,No,12,Month-to-month,No,Electronic check,DSL,Yes,Yes,No,180.9,3,0,4.0,76.68,946.67,0,2249.54
CUST_11085,47,Female,0,No,No,10,Month-to-month,Yes,Electronic check,Fiber optic,No,No,No,231.6,2,2,4.0,80.75,785.57,1,1180.16
CUST_11086,48,Male,0,Yes,Yes,13,Month-to-month,No,Electronic check,Fiber optic,No,No,No,513.5,2,2,4.0,77.45,975.56,1,1139.82
CUST_11087,55,Female,0,Yes,Yes,13,Two year,No,Mailed check,Fiber optic,No,Yes,Yes,454.7,0,0,5.0,109.66,1413.35,0,3155.67
CUST_11088,45,Female,0,Yes,No,35,Month-to-month,Yes,Mailed check,DSL,Yes,No,No,167.9,4,0,3.0,65.09,2277.8,1,1026.53
CUST_11089,39,Female,0,No,No,9,Month-to-month,Yes,Electronic check,Fiber optic,No,No,No,489.7,2,0,4.0,78.66,678.8,0,2443.67
CUST_11090,39,Female,0,No,No,26,One year,No,Electronic check,DSL,No,No,Yes,115.2,0,5,4.0,65.02,1687.67,0,1971.03
CUST_11091,41,Female,0,Yes,Yes,46,Two year,Yes,Electronic check,DSL,Yes,Yes,No,91.4,0,0,5.0,85.76,3959.92,0,2791.01
CUST_11092,42,Female,0,No,No,0,Month-to-month,No,Electronic check,Fiber optic,No,No,No,312.0,3,1,3.0,81.63,26.67,1,810.41
CUST_11093,51,Male,0,Yes,No,18,Two year,Yes,Electronic check,Fiber optic,Yes,No,Yes,349.2,0,3,3.0,117.44,2075.6,1,1407.69
CUST_11094,43,Male,0,No,No,59,Two year,No,Electronic check,DSL,No,No,No,70.8,0,0,5.0,47.34,2807.13,0,1964.45
CUST_11095,52,Female,0,No,No,13,Month-to-month,No,Credit card (automatic),Fiber optic,No,No,Yes,400.0,1,1,4.0,106.63,1375.65,0,2999.08
CUST_11096,41,Female,0,Yes,No,39,Two year,Yes,Bank transfer (automatic),DSL,Yes,No,Yes,102.6,0,0,5.0,77.3,3018.16,0,2426.83
CUST_11097,43,Female,0,No,No,0,Month-to-month,Yes,Bank transfer (automatic),Fiber optic,No,No,Yes,372.2,0,0,5.0,100.97,0.0,1,1201.8
CUST_11098,18,Female,0,No,No,42,Month-to-month,Yes,Credit card (automatic),DSL,No,No,Yes,111.9,1,0,5.0,71.95,3001.08,0,2325.49
CUST_11099,54,Female,0,Yes,Yes,54,One year,Yes,Bank transfer (automatic),DSL,Yes,Yes,No,158.9,0,0,5.0,71.21,3836.85,0,2801.35
CUST_11100,47,Male,0,No,No,28,Two year,Yes,Bank transfer (automatic),No,No internet service,No internet service,No internet service,17.8,0,1,4.0,18.5,502.42,0,551.19
CUST_11101,55,Female,0,No,No,62,Two year,Yes,Bank transfer (automatic),DSL,Yes,Yes,No,94.2,0,0,5.0,74.7,4610.83,0,2468.85
CUST_11102,18,Female,0,Yes,No,27,One year,No,Bank transfer (automatic),Fiber optic,No,No,Yes,360.5,0,1,4.0,93.77,2506.12,0,2933.31
CUST_11103,69,Female,1,Yes,Yes,11,Month-to-month,Yes,Credit card (automatic),Fiber optic,Yes,No,No,83.9,2,0,4.0,91.5,1007.26,0,2463.79
CUST_11104,40,Female,0,Yes,No,29,One year,No,Electronic check,Fiber optic,Yes,No,No,295.4,0,3,4.0,87.89,2538.58,0,2543.27
CUST_11105,56,Male,0,No,No,39,One year,Yes,Electronic check,Fiber optic,No,No,Yes,383.3,1,1,5.0,99.7,3851.36,0,3121.08
CUST_11106,28,Female,0,No,No,22,One year,Yes,Electronic check,DSL,No,No,No,79.7,1,1,5.0,51.62,1112.41,0,1607.98
CUST_11107,50,Female,0,No,No,37,Month-to-month,No,Credit card (automatic),No,No internet service,No internet service,No internet service,19.0,3,0,4.0,22.72,860.75,0,1166.64
CUST_11108,28,Male,0,Yes,Yes,48,One year,Yes,Mailed check,DSL,No,No,No,65.5,2,0,4.0,44.62,2107.95,0,1763.11
CUST_11109,34,Female,0,Yes,Yes,7,One year,Yes,Credit card (automatic),No,No internet service,No internet service,No internet service,16.6,1,0,4.0,18.59,150.98,1,206.24
CUST_11110,67,Male,1,Yes,Yes,22,Two year,Yes,Mailed check,Fiber optic,No,No,No,331.2,1,0,5.0,76.07,1659.97,0,2239.0
CUST_11111,40,Male,0,No,No,38,Two year,Yes,Mailed check,Fiber optic,No,No,No,483.7,0,1,4.0,75.63,2896.6,0,2449.44
CUST_11112,45,Female,0,No,No,54,One year,Yes,Mailed check,DSL,No,Yes,Yes,96.6,1,0,4.0,83.52,4496.72,0,2396.9
CUST_11113,53,Male,0,No,No,54,Two year,Yes,Bank transfer (automatic),DSL,No,Yes,No,112.5,1,0,4.0,61.22,3330.05,0,2112.89
CUST_11114,48,Female,0,Yes,Yes,19,Two year,Yes,Bank transfer (automatic),Fiber optic,Yes,No,No,512.8,1,0,4.0,87.08,1690.35,0,2335.81
CUST_11115,44,Male,0,No,No,4,One year,Yes,Mailed check,Fiber optic,No,No,No,514.5,1,0,4.0,72.43,295.7,0,2208.62
CUST_11116,47,Female,0,No,No,19,Two year,No,Bank transfer (automatic),Fiber optic,No,Yes,Yes,116.8,0,1,4.0,115.74,2199.9,0,3279.14
CUST_11117,73,Female,1,Yes,Yes,49,Two year,No,Electronic check,Fiber optic,Yes,No,No,169.1,2,0,4.0,87.51,4311.93,0,2984.43
CUST_11118,41,Male,0,No,No,39,One year,Yes,Mailed check,No,No internet service,No internet service,No internet service,22.4,0,1,5.0,18.5,720.05,0,817.44
CUST_11119,45,Male,0,Yes,Yes,2,Month-to-month,Yes,Mailed check,No,No internet service,No internet service,No internet service,21.1,2,0,4.0,18.5,12.39,1,150.0
CUST_11120,56,Male,0,Yes,Yes,26,One year,Yes,Credit card (automatic),DSL,No,No,Yes,154.1,0,0,4.0,70.23,1796.66,0,2345.87
CUST_11121,56,Male,0,Yes,No,26,One year,Yes,Credit card (automatic),DSL,Yes,Yes,No,115.5,1,0,4.0,69.53,1812.91,0,2054.95
CUST_11122,57,Female,0,Yes,Yes,41,One year,No,Mailed check,Fiber optic,Yes,Yes,Yes,347.1,0,1,5.0,128.0,5237.07,0,3849.68
CUST_11123,50,Female,0,Yes,Yes,23,One year,No,Electronic check,Fiber optic,No,Yes,Yes,170.4,0,0,5.0,117.02,2699.01,0,3172.55
CUST_11124,27,Female,0,Yes,Yes,13,Month-to-month,Yes,Credit card (automatic),Fiber optic,Yes,No,Yes,296.9,1,0,5.0,110.1,1435.5,0,3055.08
CUST_11125,63,Female,0,Yes,Yes,59,Month-to-month,Yes,Electronic check,DSL,No,No,Yes,157.6,1,2,3.0,64.8,3800.45,0,2308.77
CUST_11126,27,Female,0,No,No,27,Month-to-month,Yes,Mailed check,Fiber optic,No,Yes,Yes,336.0,1,0,5.0,118.25,3202.34,0,3455.92
CUST_11127,46,Male,0,No,No,46,Month-to-month,No,Electronic check,Fiber optic,No,Yes,No,463.1,1,2,5.0,90.93,4210.69,0,3070.97
CUST_11128,32,Female,0,No,No,17,One year,No,Mailed check,No,No internet service,No internet service,No internet service,20.5,0,0,5.0,18.5,312.47,0,533.3
CUST_11129,41,Female,0,Yes,Yes,43,Two year,Yes,Bank transfer (automatic),Fiber optic,Yes,No,Yes,467.4,0,0,4.0,108.89,4667.58,0,3519.02
CUST_11130,46,Female,0,Yes,No,43,Two year,Yes,Mailed check,No,No internet service,No internet service,No internet service,17.4,0,1,5.0,18.5,771.52,0,1213.08
CUST_11131,46,Male,0,Yes,Yes,47,Two year,Yes,Credit card (automatic),DSL,No,Yes,Yes,108.7,0,0,5.0,86.02,4065.46,0,2602.25
CUST_11132,47,Male,0,Yes,Yes,29,Month-to-month,No,Bank transfer (automatic),Fiber optic,No,No,No,379.1,3,1,3.0,76.13,2186.46,0,2335.72
CUST_11133,63,Male,0,No,No,58,One year,Yes,Bank transfer (automatic),DSL,No,No,Yes,78.5,2,0,5.0,72.95,4270.62,0,2328.16
CUST_11134,48,Female,0,No,No,33,Two year,Yes,Mailed check,Fiber optic,No,Yes,Yes,150.7,1,0,3.0,113.79,3754.62,0,3208.0
CUST_11135,39,Male,0,No,No,62,Two year,Yes,Electronic check,No,No internet service,No internet service,No internet service,16.1,3,1,3.0,20.72,1297.84,0,1454.36
CUST_11136,55,Female,0,No,No,55,One year,Yes,Bank transfer (automatic),Fiber optic,No,Yes,Yes,277.2,1,0,4.0,110.34,6058.34,0,3518.52
CUST_11137,57,Male,0,Yes,Yes,59,Two year,Yes,Bank transfer (automatic),Fiber optic,No,No,Yes,265.9,3,0,5.0,99.29,5882.02,0,3784.52
CUST_11138,26,Male,0,Yes,Yes,43,Two year,No,Mailed check,No,No internet service,No internet service,No internet service,14.1,2,0,4.0,18.78,786.32,0,898.16
CUST_11139,50,Female,0,No,No,35,Month-to-month,Yes,Mailed check,DSL,Yes,No,No,156.9,2,0,3.0,59.92,2126.51,0,1901.34
CUST_11140,51,Female,0,Yes,Yes,36,One year,No,Mailed check,Fiber optic,Yes,No,Yes,493.1,0,0,4.0,110.14,3944.22,0,3101.45
CUST_11141,38,Male,0,Yes,Yes,41,One year,No,Bank transfer (automatic),No,No internet service,No internet service,No internet service,10.1,0,0,5.0,18.5,744.68,0,962.05
CUST_11142,60,Female,0,Yes,No,55,Month-to-month,Yes,Bank transfer (automatic),Fiber optic,No,No,Yes,590.5,0,0,5.0,97.87,5374.47,0,3710.7
CUST_11143,40,Male,0,Yes,No,45,Two year,No,Bank transfer (automatic),Fiber optic,No,No,Yes,399.9,0,0,5.0,95.35,4346.21,0,3142.73
CUST_11144,44,Female,0,Yes,Yes,42,Two year,Yes,Credit card (automatic),Fiber optic,No,Yes,Yes,417.7,1,0,5.0,116.12,4864.35,0,3699.61
CUST_11145,40,Female,0,No,No,54,Two year,Yes,Bank transfer (automatic),Fiber optic,No,Yes,No,229.7,0,1,4.0,91.76,4951.06,0,3096.69
CUST_11146,42,Female,0,No,No,27,One year,No,Electronic check,DSL,No,No,Yes,117.9,0,1,5.0,62.19,1711.22,1,760.93
CUST_11147,28,Female,0,Yes,No,16,One year,Yes,Bank transfer (automatic),DSL,Yes,No,Yes,115.8,0,0,5.0,82.83,1352.81,0,2422.66
CUST_11148,23,Female,0,Yes,Yes,11,Month-to-month,Yes,Bank transfer (automatic),Fiber optic,Yes,Yes,No,134.9,0,0,5.0,100.94,1138.72,0,2265.94
CUST_11149,63,Female,0,No,No,44,Two year,Yes,Electronic check,DSL,No,No,No,118.4,0,1,4.0,44.75,1936.97,0,1888.34
CUST_11150,31,Male,0,Yes,Yes,35,Two year,Yes,Mailed check,DSL,Yes,No,No,153.6,1,0,5.0,73.11,2550.55,0,2311.17
CUST_11151,29,Female,0,Yes,Yes,31,Two year,Yes,Bank transfer (automatic),No,No internet service,No internet service,No internet service,12.2,0,0,5.0,22.2,708.94,0,925.71
CUST_11152,18,Male,0,Yes,Yes,5,Month-to-month,Yes,Bank transfer (automatic),Fiber optic,Yes,No,Yes,257.7,2,0,4.0,109.78,567.76,0,2768.98
CUST_11153,34,Male,0,Yes,No,28,One year,Yes,Credit card (automatic),DSL,Yes,Yes,No,164.6,1,0,5.0,75.15,2116.19,0,2289.24
CUST_11154,25,Male,0,No,No,43,One year,No,Credit card (automatic),Fiber optic,Yes,Yes,Yes,374.2,0,0,4.0,125.78,5379.34,0,3900.82
CUST_11155,63,Female,0,No,No,12,One year,No,Electronic check,Fiber optic,Yes,No,Yes,342.0,1,2,3.0,124.06,1483.47,1,1326.62
CUST_11156,55,Female,0,Yes,Yes,66,One year,Yes,Bank transfer (automatic),No,No internet service,No internet service,No internet service,15.9,1,0,4.0,21.2,1366.46,0,1218.93
CUST_11157,33,Female,0,Yes,No,5,Month-to-month,Yes,Bank transfer (automatic),Fiber optic,No,Yes,No,420.1,9,0,1.0,95.15,478.05,1,1064.39
CUST_11158,71,Male,1,Yes,Yes,5,Month-to-month,Yes,Electronic check,Fiber optic,No,No,No,456.7,3,4,3.0,71.79,358.11,1,1315.16
CUST_11159,55,Male,0,Yes,Yes,27,One year,Yes,Electronic check,DSL,No,No,No,162.1,0,3,5.0,47.53,1277.7,0,1466.8
CUST_11160,38,Female,0,No,No,5,Month-to-month,Yes,Electronic check,No,No internet service,No internet service,No internet service,17.3,3,2,3.0,18.5,103.02,0,693.66
CUST_11161,18,Female,0,No,No,15,Two year,No,Electronic check,Fiber optic,No,No,No,508.9,2,2,4.0,82.03,1228.88,0,2689.85
CUST_11162,72,Male,1,No,No,11,Month-to-month,Yes,Credit card (automatic),DSL,No,Yes,Yes,43.5,5,0,3.0,90.41,987.47,1,1149.16
CUST_11163,24,Female,0,No,No,25,Month-to-month,Yes,Electronic check,Fiber optic,Yes,No,Yes,484.0,2,0,4.0,107.86,2688.41,0,3341.71
CUST_11164,21,Male,0,No,No,1,Month-to-month,No,Electronic check,DSL,No,No,No,111.5,4,0,4.0,43.48,54.31,1,542.75
CUST_11165,55,Male,0,No,No,18,Month-to-month,No,Electronic check,No,No internet service,No internet service,No internet service,8.9,3,1,4.0,18.5,343.43,1,220.56
CUST_11166,74,Male,1,Yes,Yes,50,One year,Yes,Bank transfer (automatic),Fiber optic,Yes,No,Yes,479.3,1,0,5.0,119.76,5972.79,0,3961.86
CUST_11167,60,Female,0,Yes,No,56,Two year,Yes,Electronic check,DSL,Yes,Yes,No,122.0,1,0,5.0,72.25,4015.22,0,2754.18
CUST_11168,49,Female,0,No,No,8,Month-to-month,No,Electronic check,DSL,No,No,No,159.4,0,1,5.0,46.76,380.02,0,1253.32
CUST_11169,50,Male,0,Yes,No,5,Month-to-month,Yes,Mailed check,DSL,No,No,Yes,109.9,4,0,3.0,72.25,379.09,1,828.0
CUST_11170,53,Male,0,No,No,28,Month-to-month,Yes,Electronic check,Fiber optic,Yes,Yes,Yes,395.0,1,1,5.0,118.6,3329.68,0,3704.81
CUST_11171,52,Female,0,No,No,16,One year,Yes,Mailed check,Fiber optic,No,No,Yes,331.5,1,2,4.0,103.17,1660.15,0,2929.88
CUST_11172,46,Female,0,No,No,0,Month-to-month,Yes,Bank transfer (automatic),DSL,No,No,Yes,121.3,2,0,4.0,71.48,0.0,1,802.36
CUST_11173,43,Male,0,Yes,Yes,18,Month-to-month,Yes,Electronic check,Fiber optic,Yes,No,No,281.0,0,0,4.0,85.28,1535.71,1,1135.09
CUST_11174,41,Male,0,No,No,38,One year,No,Electronic check,No,No internet service,No internet service,No internet service,8.8,1,3,5.0,18.5,691.47,0,872.37
CUST_11175,32,Male,0,Yes,Yes,5,Month-to-month,Yes,Electronic check,DSL,No,No,No,77.1,3,2,4.0,45.17,226.81,1,355.05
CUST_11176,38,Male,0,No,No,37,Month-to-month,No,Credit card (automatic),DSL,No,No,Yes,129.8,2,2,4.0,72.17,2650.19,0,2533.72
CUST_11177,20,Female,0,Yes,Yes,50,Month-to-month,Yes,Electronic check,Fiber optic,No,No,Yes,283.4,0,1,5.0,104.58,5219.65,1,1799.13
CUST_11178,41,Female,0,No,No,40,Two year,Yes,Credit card (automatic),Fiber optic,No,No,Yes,417.2,0,0,5.0,99.52,3959.59,0,3134.48
CUST_11179,29,Male,0,No,No,48,One year,No,Credit card (automatic),DSL,No,Yes,Yes,114.5,1,1,3.0,88.24,4231.38,1,1464.94
CUST_11180,28,Male,0,Yes,No,50,Month-to-month,No,Mailed check,DSL,No,Yes,No,100.2,2,0,4.0,59.91,2984.75,0,2175.82
CUST_11181,44,Female,0,Yes,No,17,One year,No,Bank transfer (automatic),DSL,No,Yes,Yes,193.5,1,0,4.0,85.04,1443.41,0,2317.15
CUST_11182,60,Female,0,No,No,50,One year,Yes,Mailed check,DSL,No,No,Yes,94.5,0,0,5.0,68.18,3386.18,0,2415.75
CUST_11183,54,Male,0,Yes,No,32,Month-to-month,Yes,Bank transfer (automatic),No,No internet service,No internet service,No internet service,15.9,5,0,3.0,19.44,581.37,1,611.98
CUST_11184,22,Female,0,No,No,6,Month-to-month,No,Bank transfer (automatic),DSL,Yes,Yes,No,193.1,1,0,5.0,70.74,444.55,1,828.88
CUST_11185,29,Female,0,Yes,No,41,Two year,Yes,Bank transfer (automatic),DSL,Yes,No,Yes,159.2,0,0,4.0,75.01,3037.1,0,2536.77
CUST_11186,54,Male,0,No,No,56,Two year,No,Electronic check,DSL,No,No,Yes,133.3,0,1,4.0,71.1,4003.67,0,2701.99
CUST_11187,29,Male,0,No,No,18,Month-to-month,No,Bank transfer (automatic),DSL,Yes,Yes,Yes,91.3,0,0,4.0,95.98,1711.16,0,2700.46
CUST_11188,39,Male,0,Yes,No,53,One year,Yes,Bank transfer (automatic),Fiber optic,Yes,Yes,No,100.8,0,1,4.0,103.27,5499.23,0,3246.15
CUST_11189,49,Female,0,Yes,Yes,57,Month-to-month,No,Electronic check,Fiber optic,No,Yes,Yes,32.2,1,1,4.0,114.37,6535.82,0,3259.23
CUST_11190,29,Male,0,No,No,38,Two year,Yes,Credit card (automatic),DSL,Yes,Yes,No,103.7,0,0,5.0,78.84,2984.74,0,2470.14
CUST_11191,43,Male,0,Yes,No,27,One year,No,Electronic check,No,No internet service,No internet service,No internet service,24.0,0,1,5.0,18.5,474.21,0,566.12
CUST_11192,25,Male,0,Yes,No,11,Month-to-month,No,Credit card (automatic),Fiber optic,No,No,Yes,255.7,3,0,4.0,110.71,1233.97,1,1449.61
CUST_11193,34,Male,0,No,No,39,One year,Yes,Bank transfer (automatic),Fiber optic,No,Yes,Yes,225.9,1,0,5.0,111.29,4316.87,0,3459.91
CUST_11194,46,Female,0,Yes,Yes,10,One year,No,Bank transfer (automatic),DSL,Yes,Yes,No,110.0,2,2,5.0,72.85,700.59,0,1916.78
CUST_11195,21,Female,0,Yes,No,5,Month-to-month,No,Credit card (automatic),DSL,No,No,No,125.6,2,1,4.0,53.0,271.31,0,1565.88
CUST_11196,48,Female,0,No,No,59,One year,Yes,Credit card (automatic),Fiber optic,Yes,No,No,384.2,1,0,5.0,95.43,5663.45,0,3201.5
CUST_11197,42,Female,0,Yes,Yes,22,One year,No,Mailed check,Fiber optic,Yes,Yes,No,491.9,1,0,5.0,98.01,2102.39,0,2883.59
CUST_11198,49,Male,0,Yes,No,8,Month-to-month,Yes,Bank transfer (automatic),DSL,No,No,Yes,83.2,2,0,3.0,66.43,525.1,0,1805.12
CUST_11199,45,Male,0,Yes,No,32,One year,No,Electronic check,No,No internet service,No internet service,No internet service,21.7,0,2,5.0,20.85,647.6,0,818.6
CUST_11200,60,Male,0,No,No,1,Month-to-month,Yes,Mailed check,Fiber optic,No,No,No,429.8,3,2,4.0,73.6,28.04,1,968.96
CUST_11201,44,Male,0,No,No,20,Two year,Yes,Credit card (automatic),DSL,No,No,Yes,95.1,1,0,4.0,71.81,1433.0,0,2289.04
CUST_11202,36,Female,0,No,No,17,One year,Yes,Electronic check,No,No internet service,No internet service,No internet service,10.2,0,1,4.0,19.4,342.86,0,892.51
CUST_11203,44,Female,0,Yes,No,33,Month-to-month,Yes,Electronic check,Fiber optic,Yes,No,No,187.8,1,1,5.0,82.48,2731.95,0,2489.03
CUST_11204,49,Female,0,Yes,Yes,66,Two year,No,Bank transfer (automatic),DSL,No,Yes,Yes,168.9,1,0,5.0,89.69,5912.32,0,3022.25
CUST_11205,43,Female,0,Yes,Yes,33,Two year,Yes,Mailed check,DSL,No,No,No,107.0,1,1,5.0,51.05,1741.05,0,1362.56
CUST_11206,43,Female,0,Yes,No,38,One year,No,Mailed check,DSL,No,Yes,Yes,106.9,3,0,4.0,85.67,3263.33,0,3033.41
CUST_11207,33,Male,0,No,No,34,Month-to-month,Yes,Bank transfer (automatic),DSL,No,No,Yes,130.2,5,0,3.0,77.22,2643.05,0,1949.37
CUST_11208,33,Male,0,Yes,No,24,Two year,Yes,Bank transfer (automatic),DSL,Yes,Yes,No,73.4,0,0,5.0,77.03,1844.99,0,2221.08
CUST_11209,24,Female,0,Yes,Yes,11,Month-to-month,No,Mailed check,Fiber optic,No,No,Yes,536.3,1,0,4.0,96.2,1104.06,1,1259.6
CUST_11210,65,Female,1,Yes,No,18,Month-to-month,No,Mailed check,DSL,No,No,Yes,133.8,2,0,5.0,64.5,1167.14,0,2011.1
CUST_11211,26,Male,0,No,No,14,Month-to-month,No,Credit card (automatic),DSL,No,No,Yes,132.7,1,0,5.0,60.68,839.55,0,1708.93
CUST_11212,33,Female,0,No,No,9,Month-to-month,Yes,Credit card (automatic),DSL,No,No,Yes,116.0,2,0,4.0,65.77,582.11,0,1791.21
CUST_11213,33,Male,0,No,No,22,One year,No,Bank transfer (automatic),DSL,No,No,Yes,62.4,0,1,5.0,71.1,1535.48,0,1987.2
CUST_11214,54,Male,0,No,No,61,One year,Yes,Electronic check,DSL,Yes,No,No,164.5,0,0,5.0,59.2,3634.27,0,2277.58
CUST_11215,38,Male,0,No,No,32,Month-to-month,No,Mailed check,DSL,No,Yes,No,215.3,1,0,4.0,61.43,1966.11,0,2111.73
CUST_11216,58,Female,0,Yes,Yes,29,One year,No,Credit card (automatic),Fiber optic,No,No,No,245.9,0,0,4.0,78.9,2305.61,0,2411.39
CUST_11217,33,Male,0,Yes,Yes,24,One year,No,Mailed check,DSL,No,No,Yes,81.1,0,0,5.0,70.95,1720.22,0,2127.38
CUST_11218,46,Female,0,No,No,25,Two year,No,Credit card (automatic),DSL,No,No,Yes,84.2,1,1,4.0,74.38,1806.87,0,2263.26
CUST_11219,31,Male,0,No,No,6,Month-to-month,Yes,Mailed check,No,No internet service,No internet service,No internet service,11.2,2,0,4.0,22.95,147.85,1,150.0
CUST_11220,70,Female,1,No,No,16,Month-to-month,No,Credit card (automatic),DSL,No,No,No,181.4,3,0,4.0,47.46,752.51,1,989.05
CUST_11221,27,Female,0,No,No,28,One year,Yes,Electronic check,Fiber optic,No,Yes,Yes,225.6,1,1,5.0,113.96,3183.15,0,3251.92
CUST_11222,46,Male,0,No,No,35,Month-to-month,Yes,Mailed check,DSL,No,Yes,Yes,219.0,1,0,5.0,88.62,3114.66,0,2742.27
CUST_11223,50,Male,0,No,No,62,Month-to-month,Yes,Bank transfer (automatic),Fiber optic,No,Yes,Yes,579.3,2,0,3.0,115.85,7181.12,0,3808.43
CUST_11224,47,Male,0,No,No,14,One year,Yes,Credit card (automatic),No,No internet service,No internet service,No internet service,19.2,1,0,5.0,18.5,283.95,0,625.11
CUST_11225,40,Male,0,No,No,42,One year,No,Bank transfer (automatic),DSL,Yes,Yes,No,145.1,1,1,4.0,69.24,2915.38,0,2165.19
CUST_11226,40,Male,0,Yes,No,13,One year,Yes,Electronic check,DSL,No,No,Yes,157.0,0,2,4.0,76.08,974.18,0,2254.32
CUST_11227,43,Female,0,No,No,34,One year,No,Credit card (automatic),Fiber optic,No,No,No,284.4,1,1,4.0,82.49,2769.25,0,2646.33
CUST_11228,40,Male,0,No,No,60,One year,No,Bank transfer (automatic),DSL,No,Yes,No,72.1,1,1,5.0,60.31,3612.25,0,2136.07
CUST_11229,55,Male,0,Yes,No,58,Month-to-month,Yes,Electronic check,No,No internet service,No internet service,No internet service,15.7,2,1,5.0,20.69,1203.42,0,1256.15
CUST_11230,71,Male,1,No,No,38,One year,Yes,Mailed check,Fiber optic,No,Yes,Yes,185.4,1,1,5.0,118.06,4498.32,0,3554.33
CUST_11231,35,Male,0,No,No,65,Month-to-month,Yes,Bank transfer (automatic),DSL,Yes,No,Yes,89.3,3,0,4.0,86.63,5589.01,0,2620.02
CUST_11232,24,Female,0,Yes,No,5,Two year,Yes,Mailed check,DSL,No,No,No,153.1,1,1,4.0,47.92,225.33,0,1348.74
CUST_11233,41,Male,0,No,No,67,Two year,Yes,Credit card (automatic),DSL,No,No,No,137.8,1,1,4.0,42.03,2860.39,0,1698.39
CUST_11234,76,Female,1,Yes,No,47,One year,Yes,Mailed check,DSL,Yes,No,No,179.5,1,0,4.0,63.39,2985.32,0,2303.0
CUST_11235,32,Female,0,No,No,6,Month-to-month,No,Bank transfer (automatic),Fiber optic,No,No,Yes,315.7,0,0,5.0,95.56,599.36,0,2778.83
CUST_11236,63,Male,0,No,No,37,Month-to-month,Yes,Electronic check,DSL,No,Yes,Yes,194.7,3,1,4.0,82.78,3030.56,1,1377.42
CUST_11237,64,Female,0,Yes,No,15,Two year,Yes,Mailed check,DSL,Yes,Yes,No,92.7,3,0,4.0,74.67,1141.34,0,2064.33
CUST_11238,35,Male,0,Yes,Yes,55,Two year,No,Electronic check,DSL,Yes,No,Yes,158.7,0,2,4.0,82.72,4543.19,0,2945.74
CUST_11239,49,Female,0,No,No,33,Month-to-month,No,Electronic check,Fiber optic,No,No,Yes,371.4,2,0,4.0,100.36,3309.48,0,3097.05
CUST_11240,63,Female,0,Yes,No,46,Two year,No,Electronic check,DSL,No,No,No,166.8,0,0,5.0,56.1,2554.85,0,2245.03
CUST_11241,37,Male,0,Yes,Yes,44,One year,Yes,Electronic check,DSL,No,No,No,89.7,1,1,5.0,48.58,2140.96,0,1889.19
CUST_11242,39,Male,0,No,No,7,Month-to-month,No,Electronic check,DSL,No,Yes,Yes,157.6,1,4,2.0,81.16,593.57,1,1041.84
CUST_11243,34,Male,0,Yes,Yes,35,Month-to-month,Yes,Mailed check,DSL,No,No,Yes,140.4,3,0,4.0,58.73,2019.81,0,1730.92
CUST_11244,29,Male,0,Yes,No,60,Two year,Yes,Electronic check,No,No internet service,No internet service,No internet service,10.6,2,0,4.0,19.04,1123.68,0,1271.66
CUST_11245,34,Male,0,No,No,26,One year,Yes,Electronic check,Fiber optic,Yes,No,Yes,628.8,0,2,4.0,112.75,2929.5,0,3720.0
CUST_11246,26,Female,0,No,No,3,One year,Yes,Credit card (automatic),DSL,Yes,No,No,115.5,2,0,4.0,67.75,247.27,0,1780.89
CUST_11247,42,Female,0,No,No,48,One year,No,Mailed check,No,No internet service,No internet service,No internet service,19.6,0,0,5.0,18.5,880.5,0,1366.3
CUST_11248,32,Female,0,No,No,27,One year,No,Mailed check,DSL,No,No,Yes,146.8,1,0,5.0,76.07,2035.24,0,2342.86
CUST_11249,45,Male,0,Yes,Yes,62,Month-to-month,Yes,Electronic check,Fiber optic,No,No,No,202.5,3,1,4.0,81.32,5064.46,1,1548.11
CUST_11250,22,Male,0,Yes,Yes,24,Month-to-month,Yes,Mailed check,Fiber optic,No,No,Yes,472.7,1,1,4.0,104.08,2505.81,0,3193.68
CUST_11251,46,Female,0,Yes,No,20,Month-to-month,Yes,Bank transfer (automatic),Fiber optic,No,Yes,No,206.8,2,0,4.0,94.54,1869.98,0,2985.86
CUST_11252,53,Male,0,No,No,54,Two year,No,Mailed check,DSL,Yes,Yes,Yes,103.4,0,0,5.0,90.2,4892.34,0,3180.88
CUST_11253,18,Male,0,No,No,45,Two year,Yes,Mailed check,Fiber optic,No,No,Yes,394.4,1,0,5.0,93.51,4226.58,0,2995.06
CUST_11254,47,Female,0,No,No,65,Month-to-month,Yes,Bank transfer (automatic),Fiber optic,No,Yes,Yes,359.3,3,0,4.0,111.65,7234.68,0,3664.56
CUST_11255,58,Female,0,No,No,15,Month-to-month,Yes,Credit card (automatic),DSL,No,No,Yes,147.3,1,0,5.0,74.01,1154.39,0,2315.81
CUST_11256,26,Male,0,No,No,23,One year,Yes,Credit card (automatic),DSL,Yes,Yes,Yes,23.1,0,0,5.0,97.23,2240.92,0,2631.18
CUST_11257,64,Male,0,Yes,Yes,47,One year,No,Electronic check,DSL,No,No,No,61.2,1,2,4.0,47.87,2225.18,0,1824.26
CUST_11258,47,Male,0,Yes,Yes,8,One year,No,Bank transfer (automatic),DSL,No,Yes,Yes,149.5,0,0,5.0,86.49,735.94,0,2316.65
CUST_11259,33,Female,0,Yes,No,64,Two year,Yes,Electronic check,DSL,No,Yes,No,114.0,0,2,5.0,65.97,4247.84,0,2555.38
CUST_11260,41,Male,0,Yes,No,27,One year,Yes,Bank transfer (automatic),DSL,No,No,No,136.3,0,0,5.0,46.06,1240.92,0,1651.95
CUST_11261,49,Female,0,No,No,19,One year,Yes,Mailed check,Fiber optic,No,No,No,406.3,1,0,4.0,76.7,1476.25,1,1144.09
CUST_11262,43,Female,0,Yes,Yes,37,Two year,No,Mailed check,Fiber optic,Yes,No,Yes,233.5,1,0,5.0,110.24,4064.91,0,3421.42
CUST_11263,49,Male,0,No,No,22,Month-to-month,Yes,Bank transfer (automatic),DSL,No,Yes,Yes,66.9,2,0,4.0,83.06,1818.14,0,2407.46
CUST_11264,30,Female,0,No,No,53,One year,Yes,Bank transfer (automatic),DSL,No,No,No,154.1,1,0,4.0,45.65,2417.76,0,2296.63
CUST_11265,44,Male,0,Yes,Yes,49,Month-to-month,Yes,Bank transfer (automatic),DSL,Yes,No,No,92.0,3,1,4.0,64.03,3117.59,0,2360.04
CUST_11266,24,Female,0,Yes,No,7,One year,Yes,Electronic check,DSL,No,No,No,131.3,0,1,4.0,52.42,334.76,0,1668.78
CUST_11267,41,Male,0,Yes,Yes,28,One year,No,Bank transfer (automatic),Fiber optic,No,No,Yes,342.6,0,0,5.0,102.93,2922.44,0,3083.58
CUST_11268,30,Male,0,Yes,Yes,34,Month-to-month,Yes,Credit card (automatic),DSL,No,No,Yes,74.9,0,0,5.0,64.32,2132.7,0,2221.25
CUST_11269,32,Female,0,No,No,22,One year,Yes,Electronic check,Fiber optic,Yes,Yes,No,296.0,1,0,5.0,103.68,2309.54,0,3241.96
CUST_11270,58,Male,0,Yes,Yes,25,Month-to-month,No,Electronic check,DSL,No,No,Yes,165.3,3,2,4.0,65.56,1658.82,0,2060.62
CUST_11271,56,Female,0,No,No,4,One year,No,Credit card (automatic),DSL,No,Yes,No,130.5,0,0,4.0,62.69,216.66,0,1797.65
CUST_11272,50,Male,0,No,No,24,Month-to-month,Yes,Mailed check,No,No internet service,No internet service,No internet service,13.6,4,0,4.0,22.0,522.12,1,481.15
CUST_11273,28,Female,0,No,No,62,Two year,Yes,Bank transfer (automatic),Fiber optic,No,Yes,No,407.7,2,0,3.0,95.06,5900.47,0,3136.39
CUST_11274,38,Female,0,No,No,38,Month-to-month,No,Mailed check,DSL,Yes,No,No,180.9,6,0,3.0,55.05,2110.48,0,2072.38
CUST_11275,58,Female,0,Yes,Yes,34,One year,Yes,Credit card (automatic),No,No internet service,No internet service,No internet service,15.3,1,0,5.0,26.04,861.71,0,1142.16
CUST_11276,44,Female,0,Yes,Yes,28,Month-to-month,No,Credit card (automatic),DSL,No,Yes,No,212.1,2,1,3.0,57.54,1607.96,1,1218.95
CUST_11277,72,Male,1,Yes,No,14,Month-to-month,Yes,Electronic check,No,No internet service,No internet service,No internet service,17.1,2,1,5.0,19.94,288.97,0,688.66
CUST_11278,47,Female,0,Yes,Yes,36,Two year,Yes,Mailed check,DSL,Yes,No,Yes,110.9,0,0,4.0,85.77,3060.59,0,2648.19
CUST_11279,44,Female,0,No,No,48,Two year,Yes,Mailed check,Fiber optic,Yes,Yes,No,405.1,0,0,5.0,106.96,5098.91,0,3535.9
CUST_11280,38,Female,0,No,No,13,Two year,Yes,Electronic check,DSL,No,No,No,218.4,1,1,4.0,48.5,629.74,0,1152.78
CUST_11281,44,Female,0,Yes,Yes,61,Two year,Yes,Mailed check,No,No internet service,No internet service,No internet service,22.6,1,0,4.0,20.22,1201.2,0,1267.64
CUST_11282,40,Male,0,Yes,No,50,One year,No,Bank transfer (automatic),Fiber optic,No,Yes,No,186.3,1,1,3.0,89.72,4455.84,0,3068.36
CUST_11283,51,Male,0,Yes,No,26,Two year,Yes,Credit card (automatic),DSL,Yes,Yes,Yes,60.1,0,0,5.0,101.67,2647.25,0,2832.88
CUST_11284,54,Female,0,No,No,9,One year,No,Credit card (automatic),Fiber optic,No,No,Yes,324.8,2,0,,98.39,868.8,1,1260.92
CUST_11285,32,Male,0,No,No,5,Month-to-month,No,Electronic check,DSL,No,No,No,215.9,2,2,4.0,41.3,191.01,1,754.16
CUST_11286,25,Male,0,No,No,46,One year,Yes,Credit card (automatic),Fiber optic,No,No,No,378.7,2,0,4.0,75.92,3531.01,1,1557.42
CUST_11287,18,Female,0,No,No,26,Two year,No,Mailed check,Fiber optic,Yes,No,Yes,270.8,0,0,5.0,111.78,2925.63,0,3281.71
CUST_11288,49,Male,0,Yes,No,52,Two year,No,Electronic check,Fiber optic,No,No,No,608.1,1,3,4.0,78.37,4101.34,0,2847.44
CUST_11289,28,Male,0,Yes,Yes,44,Two year,Yes,Mailed check,DSL,No,No,No,165.0,0,1,5.0,50.33,2195.4,0,1803.47
CUST_11290,18,Male,0,Yes,Yes,17,Month-to-month,Yes,Credit card (automatic),No,No internet service,No internet service,No internet service,13.7,2,0,4.0,23.35,397.95,1,616.51
CUST_11291,47,Male,0,Yes,No,65,Two year,No,Mailed check,Fiber optic,No,Yes,No,283.5,0,1,4.0,87.56,5713.71,0,3253.12
CUST_11292,74,Female,1,No,No,51,One year,No,Credit card (automatic),DSL,No,No,Yes,164.2,1,0,4.0,67.98,3472.76,0,2571.45
CUST_11293,42,Male,0,No,No,43,Month-to-month,No,Bank transfer (automatic),DSL,No,No,No,81.8,6,0,3.0,44.44,1929.66,1,1215.64
CUST_11294,53,Male,0,No,No,41,Two year,No,Mailed check,Fiber optic,Yes,Yes,No,293.6,0,1,5.0,106.26,4341.08,0,3341.12
CUST_11295,43,Female,0,No,No,65,Two year,No,Electronic check,Fiber optic,No,No,Yes,372.0,1,1,3.0,97.88,6342.69,0,3357.13
CUST_11296,41,Male,0,Yes,Yes,39,One year,Yes,Electronic check,Fiber optic,Yes,No,No,295.2,2,0,4.0,92.57,3575.09,0,2879.89
CUST_11297,54,Female,0,Yes,Yes,24,Month-to-month,No,Bank transfer (automatic),DSL,No,Yes,Yes,83.7,3,0,5.0,81.87,1976.41,0,2283.01
CUST_11298,38,Male,0,No,No,26,Month-to-month,No,Bank transfer (automatic),DSL,No,Yes,No,137.1,1,0,4.0,64.47,1691.48,1,1006.59
CUST_11299,45,Male,0,No,No,50,Month-to-month,No,Mailed check,Fiber optic,No,Yes,No,373.7,3,1,3.0,90.94,4562.83,0,3005.34
CUST_11300,46,Female,0,Yes,Yes,28,Month-to-month,Yes,Mailed check,DSL,No,Yes,Yes,131.5,2,0,5.0,89.98,2502.51,0,2494.35
CUST_11301,33,Female,0,No,No,12,Month-to-month,No,Credit card (automatic),DSL,No,No,No,37.3,2,0,5.0,48.21,590.03,0,1586.1
CUST_11302,55,Male,0,No,No,63,One year,No,Electronic check,Fiber optic,Yes,Yes,Yes,489.9,0,2,4.0,120.4,7619.73,0,4212.37
CUST_11303,40,Female,0,Yes,Yes,47,Two year,No,Mailed check,DSL,Yes,No,Yes,41.0,0,0,5.0,82.5,3904.9,0,2839.23
CUST_11304,32,Female,0,No,No,30,Month-to-month,Yes,Bank transfer (automatic),DSL,Yes,No,No,133.8,1,0,3.0,55.34,1689.85,0,1686.71
CUST_11305,49,Female,0,Yes,Yes,56,Month-to-month,No,Electronic check,DSL,No,No,No,216.7,3,1,4.0,52.22,2875.56,0,2255.98
CUST_11306,30,Female,0,No,No,13,Two year,Yes,Credit card (automatic),Fiber optic,No,Yes,Yes,463.8,2,2,4.0,114.62,1522.36,1,1787.47
CUST_11307,42,Female,0,No,No,23,One year,No,Bank transfer (automatic),Fiber optic,No,No,No,316.8,2,0,5.0,78.2,1775.21,0,2407.41
CUST_11308,42,Female,0,No,No,52,Month-to-month,Yes,Electronic check,Fiber optic,No,No,No,289.6,2,2,4.0,71.25,3714.56,0,2524.26
CUST_11309,56,Female,0,Yes,No,30,Month-to-month,Yes,Credit card (automatic),Fiber optic,Yes,Yes,No,338.6,5,0,3.0,104.41,3128.82,0,3261.64
CUST_11310,48,Male,0,Yes,No,13,One year,Yes,Credit card (automatic),DSL,Yes,No,No,169.3,0,0,5.0,53.27,670.81,0,1688.0
CUST_11311,42,Male,0,Yes,Yes,58,One year,Yes,Credit card (automatic),No,No internet service,No internet service,No internet service,18.3,0,0,5.0,21.62,1231.63,0,1273.27
CUST_11312,53,Female,0,Yes,No,12,One year,No,Mailed check,Fiber optic,No,Yes,Yes,355.7,0,0,5.0,113.79,1383.22,0,3254.6
CUST_11313,60,Female,0,No,No,11,Month-to-month,Yes,Credit card (automatic),No,No internet service,No internet service,No internet service,20.5,0,0,5.0,19.99,225.1,1,620.77
CUST_11314,49,Male,0,No,No,12,Two year,Yes,Electronic check,No,No internet service,No internet service,No internet service,8.3,0,5,4.0,20.84,234.28,0,741.0
CUST_11315,42,Female,0,Yes,Yes,9,Month-to-month,No,Mailed check,Fiber optic,No,No,No,279.3,3,0,4.0,80.26,679.41,1,1292.07
CUST_11316,25,Female,0,Yes,Yes,12,Month-to-month,No,Electronic check,No,No internet service,No internet service,No internet service,12.4,2,3,3.0,23.68,245.13,0,621.5
CUST_11317,28,Female,0,Yes,No,22,Month-to-month,No,Mailed check,DSL,Yes,No,Yes,167.4,3,0,3.0,80.98,1745.69,1,855.25
CUST_11318,38,Male,0,Yes,No,11,Month-to-month,Yes,Credit card (automatic),DSL,No,No,Yes,131.6,3,0,4.0,69.04,804.54,0,1953.79
CUST_11319,34,Male,0,Yes,Yes,1,Month-to-month,No,Credit card (automatic),DSL,Yes,No,No,224.2,4,0,3.0,64.35,84.21,1,921.39
CUST_11320,40,Male,0,Yes,No,22,Month-to-month,Yes,Credit card (automatic),Fiber optic,No,No,Yes,452.5,3,1,3.0,103.63,2311.21,1,1386.17
CUST_11321,43,Male,0,No,No,28,Month-to-month,No,Mailed check,Fiber optic,Yes,No,No,265.6,2,0,5.0,92.4,2576.76,1,1324.85
CUST_11322,49,Male,0,Yes,No,31,One year,No,Credit card (automatic),No,No internet service,No internet service,No internet service,20.1,1,0,4.0,21.01,611.86,0,1155.37
CUST_11323,41,Female,0,No,No,58,Two year,No,Mailed check,Fiber optic,No,Yes,No,266.3,0,1,4.0,98.53,5729.94,0,3519.04
CUST_11324,48,Male,0,No,No,59,Month-to-month,Yes,Electronic check,Fiber optic,Yes,No,No,299.6,3,4,4.0,87.53,5173.71,1,1701.1
CUST_11325,43,Female,0,Yes,Yes,8,Month-to-month,No,Bank transfer (automatic),No,No internet service,No internet service,No internet service,14.6,1,0,5.0,23.8,187.79,1,391.74
CUST_11326,18,Male,0,No,No,21,One year,No,Mailed check,Fiber optic,Yes,No,No,390.5,0,0,5.0,86.7,1821.15,0,2828.81
CUST_11327,30,Male,0,No,No,9,Two year,Yes,Electronic check,DSL,Yes,Yes,Yes,129.3,0,1,5.0,92.91,899.12,0,2531.5
CUST_11328,40,Male,0,No,No,2,One year,Yes,Credit card (automatic),Fiber optic,No,No,No,376.8,0,0,5.0,87.11,179.54,0,2689.68
CUST_11329,26,Female,0,Yes,No,43,Two year,No,Bank transfer (automatic),Fiber optic,No,Yes,No,230.6,1,0,5.0,97.55,4153.98,0,2999.44
CUST_11330,50,Female,0,Yes,Yes,8,Two year,Yes,Credit card (automatic),Fiber optic,Yes,No,No,349.6,0,0,5.0,89.19,709.02,0,2625.25
CUST_11331,62,Male,0,No,No,26,Month-to-month,Yes,Bank transfer (automatic),Fiber optic,Yes,Yes,Yes,388.2,1,0,4.0,118.97,3074.36,0,3651.18
CUST_11332,58,Male,0,No,No,35,One year,No,Electronic check,DSL,Yes,No,Yes,156.3,2,3,3.0,75.44,2635.45,0,2200.66
CUST_11333,39,Male,0,Yes,Yes,7,Month-to-month,No,Electronic check,DSL,Yes,Yes,No,100.4,3,1,5.0,77.27,567.54,0,1893.4
CUST_11334,61,Female,0,Yes,No,16,One year,Yes,Credit card (automatic),DSL,No,Yes,Yes,5.0,4,1,2.0,87.85,1416.11,0,2337.73
CUST_11335,44,Male,0,Yes,Yes,61,Month-to-month,Yes,Electronic check,DSL,Yes,No,No,167.1,4,1,3.0,60.76,3690.09,0,2553.19
CUST_11336,38,Male,0,Yes,No,42,Two year,Yes,Bank transfer (automatic),Fiber optic,No,No,Yes,419.6,2,0,4.0,101.84,4296.52,0,3413.44
CUST_11337,34,Male,0,No,No,55,Month-to-month,No,Electronic check,Fiber optic,Yes,Yes,No,186.8,2,1,3.0,93.26,5161.52,0,3025.86
CUST_11338,38,Male,0,Yes,Yes,19,Month-to-month,No,Bank transfer (automatic),DSL,Yes,Yes,No,58.0,1,0,5.0,74.85,1423.51,0,2079.02
CUST_11339,37,Male,0,Yes,No,7,Month-to-month,No,Electronic check,DSL,Yes,No,No,147.8,0,0,5.0,64.61,472.78,0,1966.39
CUST_11340,44,Male,0,No,No,22,Two year,Yes,Electronic check,Fiber optic,Yes,No,No,313.0,0,1,4.0,89.34,1941.92,0,2776.16
CUST_11341,44,Male,0,Yes,No,63,Month-to-month,No,Bank transfer (automatic),DSL,Yes,Yes,No,60.3,4,0,3.0,78.99,4999.76,0,2799.12
CUST_11342,42,Male,0,No,No,65,Two year,Yes,Electronic check,DSL,No,Yes,No,75.3,0,1,5.0,70.71,4629.51,0,2589.36
CUST_11343,48,Female,0,No,No,21,Month-to-month,No,Mailed check,DSL,No,Yes,Yes,114.1,1,0,3.0,83.21,1761.35,1,1051.37
CUST_11344,57,Female,0,Yes,Yes,59,Two year,Yes,Bank transfer (automatic),Fiber optic,No,No,Yes,257.1,1,0,5.0,103.02,6101.64,0,3381.79
CUST_11345,54,Male,0,No,No,49,One year,Yes,Bank transfer (automatic),No,No internet service,No internet service,No internet service,12.4,0,1,5.0,18.6,926.41,0,1246.6
CUST_11346,23,Male,0,No,No,36,One year,Yes,Mailed check,No,No internet service,No internet service,No internet service,15.4,2,0,5.0,19.16,650.41,0,869.3
CUST_11347,18,Male,0,Yes,No,20,Two year,No,Bank transfer (automatic),Fiber optic,Yes,No,No,478.1,1,0,5.0,92.34,1829.25,0,3081.79
CUST_11348,54,Female,0,Yes,Yes,32,Month-to-month,No,Credit card (automatic),Fiber optic,Yes,No,No,420.6,1,0,5.0,89.82,2895.53,0,2780.4
CUST_11349,24,Female,0,No,No,1,Month-to-month,Yes,Bank transfer (automatic),Fiber optic,Yes,No,No,377.6,2,1,5.0,98.52,82.8,1,1097.12
CUST_11350,39,Male,0,No,No,22,One year,Yes,Bank transfer (automatic),DSL,No,No,Yes,179.4,1,1,5.0,65.15,1423.98,0,2457.87
CUST_11351,27,Male,0,No,No,31,One year,Yes,Credit card (automatic),DSL,Yes,No,No,80.5,0,0,5.0,61.25,1910.07,0,2109.39
CUST_11352,19,Female,0,Yes,No,7,Two year,Yes,Credit card (automatic),DSL,Yes,Yes,Yes,117.5,1,2,4.0,97.28,698.13,0,2356.98
CUST_11353,49,Female,0,No,No,21,One year,No,Mailed check,DSL,No,Yes,Yes,94.7,1,0,5.0,91.68,1920.05,0,2695.17
CUST_11354,52,Male,0,Yes,No,15,One year,Yes,Credit card (automatic),DSL,No,Yes,Yes,114.4,0,0,5.0,85.42,1255.28,0,2508.62
CUST_11355,35,Female,0,No,No,13,Month-to-month,No,Electronic check,Fiber optic,No,No,Yes,344.5,2,2,3.0,99.44,1301.11,0,2963.33
CUST_11356,18,Male,0,No,No,61,One year,No,Credit card (automatic),DSL,Yes,No,No,93.1,2,0,4.0,61.17,3702.82,0,2294.86
CUST_11357,35,Female,0,No,No,62,Two year,Yes,Electronic check,DSL,No,Yes,Yes,104.3,0,0,4.0,90.33,5625.96,0,2930.41
CUST_11358,47,Male,0,No,No,28,Month-to-month,No,Mailed check,Fiber optic,No,Yes,Yes,432.3,4,0,3.0,114.7,3218.53,1,1862.61
CUST_11359,23,Male,0,No,No,27,One year,No,Credit card (automatic),Fiber optic,No,No,Yes,336.6,1,0,4.0,97.5,2657.71,0,2967.33
CUST_11360,44,Male,0,No,No,48,One year,No,Electronic check,DSL,No,No,No,5.0,0,0,5.0,42.83,2053.29,0,1455.99
CUST_11361,42,Female,0,Yes,Yes,27,One year,Yes,Electronic check,Fiber optic,No,No,Yes,435.4,1,0,4.0,98.58,2662.29,0,3017.11
CUST_11362,50,Male,0,No,No,22,Month-to-month,Yes,Bank transfer (automatic),Fiber optic,No,No,Yes,416.8,3,0,4.0,100.19,2182.91,0,2821.74
CUST_11363,44,Female,0,No,No,36,One year,No,Bank transfer (automatic),DSL,No,No,Yes,66.4,0,0,5.0,60.98,2123.67,0,1845.98
CUST_11364,29,Female,0,Yes,No,1,Month-to-month,Yes,Electronic check,No,No internet service,No internet service,No internet service,23.0,1,4,3.0,18.5,0.0,0,624.82
CUST_11365,58,Male,0,No,No,25,Month-to-month,No,Mailed check,DSL,No,No,No,109.6,4,0,4.0,48.64,1185.62,1,817.69
CUST_11366,40,Male,0,Yes,Yes,39,Month-to-month,Yes,Mailed check,Fiber optic,No,No,No,474.0,2,0,4.0,71.87,2782.4,0,2813.65
CUST_11367,42,Male,0,No,No,10,Month-to-month,Yes,Electronic check,DSL,Yes,Yes,No,121.8,0,2,5.0,77.18,770.69,0,1960.64
CUST_11368,30,Female,0,No,No,20,Month-to-month,No,Mailed check,DSL,No,No,Yes,99.6,4,0,3.0,68.09,1366.67,1,721.26
CUST_11369,36,Female,0,Yes,Yes,40,Month-to-month,Yes,Electronic check,DSL,No,Yes,No,136.3,0,1,5.0,59.2,2366.76,0,2129.52
CUST_11370,30,Female,0,No,No,53,Two year,Yes,Electronic check,Fiber optic,No,No,Yes,286.0,1,3,4.0,101.56,5349.31,0,3188.33
CUST_11371,40,Male,0,Yes,No,32,Month-to-month,Yes,Bank transfer (automatic),DSL,Yes,No,No,113.5,1,0,4.0,60.47,1961.14,0,1851.49
CUST_11372,64,Male,0,No,No,26,One year,Yes,Credit card (automatic),No,No internet service,No internet service,No internet service,6.7,0,1,5.0,20.9,551.93,0,754.63
CUST_11373,24,Male,0,Yes,No,12,One year,Yes,Bank transfer (automatic),Fiber optic,No,Yes,Yes,312.7,0,0,5.0,115.8,1337.37,0,3249.02
CUST_11374,21,Male,0,Yes,Yes,30,One year,Yes,Electronic check,No,No internet service,No internet service,No internet service,8.5,0,0,5.0,19.2,562.68,0,660.44
CUST_11375,61,Female,0,Yes,Yes,39,Month-to-month,No,Bank transfer (automatic),DSL,No,No,No,119.7,1,0,4.0,42.08,1626.25,0,1642.82
CUST_11376,39,Female,0,Yes,No,29,Two year,Yes,Credit card (automatic),DSL,No,Yes,No,141.1,1,0,4.0,56.25,1650.68,0,2032.77
CUST_11377,33,Female,0,No,No,3,Two year,No,Mailed check,DSL,Yes,No,Yes,122.2,1,0,5.0,72.87,193.56,0,1851.94
CUST_11378,56,Female,0,No,No,28,Month-to-month,No,Mailed check,Fiber optic,No,Yes,No,463.7,0,0,5.0,94.82,2602.02,0,2951.31
CUST_11379,34,Female,0,Yes,Yes,11,Month-to-month,No,Credit card (automatic),DSL,Yes,No,Yes,203.1,1,0,5.0,80.4,902.05,0,2327.58
CUST_11380,66,Male,1,Yes,Yes,0,Month-to-month,No,Bank transfer (automatic),No,No internet service,No internet service,No internet service,14.4,2,0,4.0,18.75,1.71,1,187.65
CUST_11381,51,Female,0,Yes,Yes,12,Month-to-month,Yes,Credit card (automatic),DSL,No,Yes,No,123.2,2,1,3.0,54.79,646.14,1,735.41
CUST_11382,36,Male,0,No,No,43,One year,Yes,Bank transfer (automatic),No,No internet service,No internet service,No internet service,11.6,1,0,5.0,18.5,824.58,0,1143.54
CUST_11383,70,Female,1,No,No,12,Two year,Yes,Electronic check,Fiber optic,No,No,Yes,118.3,0,2,5.0,94.95,1106.0,0,2600.31
CUST_11384,34,Male,0,Yes,No,37,Two year,No,Electronic check,Fiber optic,No,Yes,No,366.6,0,3,4.0,87.71,3272.64,0,2846.7
CUST_11385,52,Male,0,No,No,27,Month-to-month,No,Bank transfer (automatic),No,No internet service,No internet service,No internet service,18.6,2,1,5.0,18.87,539.65,0,729.75
CUST_11386,46,Male,0,Yes,Yes,31,Month-to-month,No,Mailed check,Fiber optic,No,No,No,352.2,0,0,5.0,74.7,2354.7,0,2621.71
CUST_11387,59,Female,0,No,No,19,One year,No,Mailed check,No,No internet service,No internet service,No internet service,10.7,0,0,5.0,25.46,499.73,0,751.01
CUST_11388,62,Male,0,No,No,55,One year,Yes,Electronic check,Fiber optic,Yes,No,No,231.4,0,3,3.0,92.76,5079.07,0,3178.36
CUST_11389,42,Male,0,No,No,60,Two year,No,Credit card (automatic),No,No internet service,No internet service,No internet service,8.4,0,0,5.0,28.02,1673.61,0,1473.32
CUST_11390,32,Female,0,No,No,30,One year,Yes,Credit card (automatic),Fiber optic,Yes,No,No,336.9,2,1,4.0,90.5,2724.56,0,2799.33
CUST_11391,48,Female,0,No,No,36,One year,No,Mailed check,Fiber optic,No,No,Yes,227.3,0,1,5.0,91.68,3332.65,0,2568.57
CUST_11392,33,Female,0,No,No,8,Month-to-month,Yes,Bank transfer (automatic),Fiber optic,No,No,No,491.8,2,2,3.0,92.07,725.53,1,1495.2
CUST_11393,68,Male,1,No,No,32,Two year,Yes,Electronic check,Fiber optic,No,No,Yes,442.6,2,0,4.0,97.63,3102.76,1,1283.33
CUST_11394,44,Male,0,Yes,No,27,One year,Yes,Mailed check,Fiber optic,Yes,Yes,Yes,478.4,1,1,4.0,128.0,3470.17,0,3467.53
CUST_11395,37,Male,0,Yes,Yes,11,Month-to-month,No,Mailed check,Fiber optic,No,No,No,506.3,2,0,5.0,81.0,896.43,0,2613.98
CUST_11396,44,Female,0,Yes,No,62,One year,No,Bank transfer (automatic),DSL,Yes,Yes,No,104.1,2,0,5.0,76.33,4741.41,0,2810.37
CUST_11397,24,Female,0,No,No,32,Month-to-month,Yes,Mailed check,Fiber optic,No,No,No,452.1,2,0,3.0,73.08,2362.86,0,2413.49
CUST_11398,29,Male,0,Yes,Yes,38,Two year,Yes,Mailed check,DSL,Yes,Yes,Yes,109.2,0,1,5.0,95.8,3651.19,0,3092.45
CUST_11399,58,Female,0,Yes,No,27,Month-to-month,Yes,Electronic check,Fiber optic,No,Yes,Yes,319.9,1,1,4.0,110.07,2963.67,0,3089.19
CUST_11400,33,Male,0,Yes,Yes,44,Month-to-month,Yes,Electronic check,Fiber optic,No,No,Yes,325.3,5,2,3.0,99.69,4412.5,0,3358.06
CUST_11401,28,Male,0,Yes,No,23,Month-to-month,Yes,Credit card (automatic),No,No internet service,No internet service,No internet service,10.7,0,0,5.0,18.5,430.16,0,882.31
CUST_11402,49,Female,0,No,No,44,One year,No,Electronic check,Fiber optic,No,No,No,332.9,2,1,4.0,77.94,3442.08,1,1568.51
CUST_11403,57,Male,0,No,No,14,One year,No,Electronic check,Fiber optic,No,Yes,No,334.7,1,2,4.0,92.66,1328.58,1,1453.55
CUST_11404,51,Female,0,No,No,57,One year,No,Mailed check,DSL,No,No,No,148.2,0,0,5.0,54.24,3084.65,0,2024.36
CUST_11405,55,Male,0,No,No,29,Month-to-month,Yes,Electronic check,Fiber optic,No,No,No,323.0,1,2,4.0,79.85,2317.49,1,1237.47
CUST_11406,32,Female,0,No,No,47,Month-to-month,No,Mailed check,DSL,No,No,No,97.2,4,1,3.0,48.14,2293.62,0,1756.05
CUST_11407,24,Male,0,No,No,35,Month-to-month,Yes,Mailed check,No,No internet service,No internet service,No internet service,18.6,2,0,4.0,18.5,642.93,0,1090.81
CUST_11408,62,Female,0,Yes,No,15,Month-to-month,Yes,Electronic check,Fiber optic,No,No,No,239.2,4,0,3.0,76.98,1173.98,0,2255.41
CUST_11409,38,Female,0,No,No,57,Two year,Yes,Electronic check,DSL,No,No,No,114.4,1,2,3.0,43.15,2439.25,0,1751.08
CUST_11410,39,Male,0,Yes,Yes,30,Month-to-month,No,Electronic check,No,No internet service,No internet service,No internet service,18.5,1,3,5.0,22.85,702.19,0,734.32
CUST_11411,59,Female,0,Yes,No,35,Month-to-month,No,Mailed check,DSL,Yes,No,No,154.6,2,0,4.0,61.55,2186.64,0,1786.1
CUST_11412,49,Male,0,No,No,41,Two year,No,Credit card (automatic),DSL,No,No,No,175.3,1,1,5.0,34.58,1414.71,0,1688.7
CUST_11413,48,Female,0,Yes,Yes,46,Two year,Yes,Electronic check,DSL,Yes,No,No,136.8,1,3,4.0,62.99,2921.39,0,2285.71
CUST_11414,70,Male,1,Yes,Yes,57,One year,No,Bank transfer (automatic),No,No internet service,No internet service,No internet service,15.6,0,0,5.0,20.09,1160.1,0,1445.05
CUST_11415,34,Female,0,Yes,No,28,Month-to-month,No,Credit card (automatic),Fiber optic,No,No,Yes,545.0,1,0,4.0,107.2,2972.83,0,3431.93
CUST_11416,54,Male,0,Yes,Yes,16,One year,Yes,Electronic check,No,No internet service,No internet service,No internet service,10.6,0,0,5.0,18.5,299.63,0,639.92
CUST_11417,43,Female,0,Yes,No,33,Month-to-month,Yes,Bank transfer (automatic),DSL,Yes,No,Yes,153.0,2,0,4.0,90.96,3014.2,0,2794.14
CUST_11418,45,Female,0,Yes,Yes,57,Two year,No,Bank transfer (automatic),DSL,No,Yes,No,125.4,2,0,3.0,65.8,3779.03,0,2685.52
CUST_11419,62,Female,0,No,No,63,Two year,No,Bank transfer (automatic),Fiber optic,Yes,Yes,No,86.3,1,0,5.0,106.85,6735.73,0,3333.33
CUST_11420,49,Male,0,No,No,41,One year,No,Credit card (automatic),Fiber optic,Yes,No,No,545.8,0,0,4.0,87.65,3615.52,0,3117.84
CUST_11421,49,Female,0,Yes,No,1,Month-to-month,Yes,Mailed check,Fiber optic,No,Yes,No,250.9,3,0,3.0,80.92,74.37,1,736.33
CUST_11422,56,Male,0,No,No,65,Month-to-month,Yes,Electronic check,Fiber optic,No,No,No,699.0,2,4,3.0,78.47,5075.05,1,1784.98
CUST_11423,37,Male,0,Yes,Yes,51,Two year,No,Mailed check,DSL,No,Yes,No,126.5,1,0,4.0,66.13,3327.32,0,2395.9
CUST_11424,31,Female,0,Yes,Yes,22,One year,No,Electronic check,DSL,No,No,No,80.0,0,1,5.0,49.94,1083.08,0,1614.82
CUST_11425,28,Male,0,Yes,No,29,Month-to-month,Yes,Electronic check,Fiber optic,Yes,Yes,No,448.2,5,1,1.0,104.9,2994.85,1,1636.49
CUST_11426,18,Female,0,No,No,36,Month-to-month,No,Credit card (automatic),DSL,Yes,No,Yes,103.8,3,0,4.0,82.7,2944.43,0,2468.41
CUST_11427,69,Female,1,Yes,Yes,64,Two year,Yes,Mailed check,No,No internet service,No internet service,No internet service,15.3,0,0,4.0,18.5,1113.87,0,1397.66
CUST_11428,28,Male,0,No,No,50,Two year,Yes,Mailed check,No,No internet service,No internet service,No internet service,17.9,1,0,4.0,19.82,970.94,0,1094.71
CUST_11429,39,Male,0,No,No,2,Month-to-month,Yes,Electronic check,Fiber optic,No,No,No,363.2,2,2,3.0,76.28,115.14,1,1040.35
CUST_11430,38,Male,0,No,No,36,Month-to-month,Yes,Electronic check,DSL,No,Yes,No,120.6,4,0,3.0,60.24,2159.67,0,2265.23
CUST_11431,46,Female,0,No,No,13,Month-to-month,Yes,Electronic check,DSL,No,No,No,99.0,3,1,3.0,40.57,528.29,0,1325.79
CUST_11432,53,Female,0,No,No,58,Month-to-month,No,Credit card (automatic),Fiber optic,No,No,No,86.1,3,0,4.0,78.08,4488.86,0,2834.76
CUST_11433,53,Female,0,Yes,Yes,50,Two year,No,Credit card (automatic),Fiber optic,Yes,No,Yes,397.5,2,0,4.0,115.71,5820.63,0,3791.25
CUST_11434,34,Male,0,Yes,No,18,Month-to-month,No,Mailed check,No,No internet service,No internet service,No internet service,18.0,2,0,3.0,18.5,367.04,1,150.0
CUST_11435,40,Male,0,No,No,35,One year,Yes,Electronic check,No,No internet service,No internet service,No internet service,25.8,0,0,5.0,23.47,817.43,0,1178.41
CUST_11436,46,Male,0,No,No,57,Month-to-month,No,Bank transfer (automatic),DSL,No,No,No,155.0,2,0,5.0,49.56,2837.71,0,2143.24
CUST_11437,39,Female,0,Yes,Yes,47,Month-to-month,No,Credit card (automatic),No,No internet service,No internet service,No internet service,9.7,3,0,4.0,22.79,1076.25,0,1154.14
CUST_11438,63,Female,0,Yes,Yes,36,Two year,Yes,Credit card (automatic),DSL,Yes,No,No,34.0,0,1,5.0,55.89,1997.5,0,1667.42
CUST_11439,48,Female,0,Yes,No,25,Two year,Yes,Bank transfer (automatic),Fiber optic,Yes,No,Yes,64.3,1,0,5.0,111.21,2744.27,0,3182.42
CUST_11440,52,Female,0,Yes,No,29,Month-to-month,No,Mailed check,Fiber optic,Yes,No,Yes,355.9,0,0,5.0,112.29,3241.02,1,1616.63
CUST_11441,51,Female,0,Yes,No,61,One year,Yes,Bank transfer (automatic),Fiber optic,No,No,No,426.5,1,0,5.0,81.54,4960.56,0,3043.57
CUST_11442,57,Male,0,No,No,22,One year,Yes,Electronic check,Fiber optic,No,No,Yes,402.4,0,5,4.0,96.31,2149.06,1,1427.81
CUST_11443,44,Male,0,No,No,59,Two year,No,Bank transfer (automatic),Fiber optic,No,No,Yes,390.6,1,0,4.0,100.57,5965.77,0,3305.88
CUST_11444,25,Male,0,No,No,5,Month-to-month,No,Bank transfer (automatic),Fiber optic,No,Yes,No,519.9,1,0,4.0,94.02,440.68,0,2821.75
CUST_11445,47,Female,0,No,No,45,Month-to-month,Yes,Bank transfer (automatic),Fiber optic,Yes,Yes,No,397.9,0,0,4.0,110.68,4979.92,1,1791.49
CUST_11446,34,Female,0,No,No,3,Month-to-month,Yes,Bank transfer (automatic),DSL,No,Yes,Yes,80.6,3,1,3.0,82.09,255.84,1,831.86
CUST_11447,35,Male,0,Yes,Yes,49,Two year,Yes,Bank transfer (automatic),Fiber optic,Yes,No,No,281.2,1,0,4.0,87.86,4375.16,0,2825.88
CUST_11448,50,Female,0,Yes,Yes,50,Two year,Yes,Bank transfer (automatic),No,No internet service,No internet service,No internet service,17.4,0,2,5.0,23.97,1158.81,0,1481.43
CUST_11449,58,Male,0,No,No,14,One year,Yes,Electronic check,Fiber optic,No,No,No,375.9,0,3,5.0,79.24,1162.6,0,2418.98
CUST_11450,42,Female,0,No,No,61,Two year,Yes,Credit card (automatic),No,No internet service,No internet service,No internet service,14.8,0,1,4.0,24.54,1492.82,0,1307.35
CUST_11451,46,Female,0,Yes,Yes,52,Month-to-month,Yes,Bank transfer (automatic),DSL,Yes,Yes,No,100.4,1,0,4.0,75.32,3897.29,0,2324.83
CUST_11452,64,Male,0,No,No,26,One year,No,Bank transfer (automatic),Fiber optic,No,No,No,239.7,2,0,4.0,78.91,2023.34,0,2456.3
CUST_11453,45,Female,0,Yes,Yes,55,Two year,Yes,Mailed check,DSL,Yes,Yes,Yes,190.7,1,0,4.0,91.68,5019.71,0,3036.69
CUST_11454,76,Male,1,Yes,Yes,0,Month-to-month,Yes,Credit card (automatic),Fiber optic,Yes,No,No,237.1,5,1,2.0,82.46,31.38,1,1176.62
CUST_11455,49,Male,0,Yes,No,60,Two year,No,Mailed check,Fiber optic,Yes,No,Yes,278.2,0,0,5.0,109.49,6599.31,0,3554.19
CUST_11456,19,Female,0,Yes,Yes,5,Month-to-month,Yes,Bank transfer (automatic),Fiber optic,No,Yes,No,356.6,2,0,4.0,92.59,464.64,0,2656.61
CUST_11457,52,Female,0,No,No,12,Month-to-month,No,Credit card (automatic),Fiber optic,Yes,No,Yes,395.1,0,0,5.0,111.44,1343.23,1,1348.69
CUST_11458,47,Male,0,No,No,0,Month-to-month,No,Credit card (automatic),DSL,No,Yes,No,130.1,1,1,3.0,61.82,7.76,0,1522.89
CUST_11459,59,Male,0,Yes,No,31,Month-to-month,No,Bank transfer (automatic),No,No internet service,No internet service,No internet service,6.6,2,0,4.0,23.32,676.37,1,796.28
CUST_11460,51,Female,0,No,No,5,Month-to-month,Yes,Electronic check,DSL,No,No,Yes,135.8,2,1,3.0,71.16,326.36,1,755.04
CUST_11461,40,Male,0,No,No,51,One year,Yes,Credit card (automatic),Fiber optic,No,Yes,Yes,487.5,0,2,5.0,116.33,5977.06,0,3758.76
CUST_11462,26,Female,0,No,No,33,Month-to-month,Yes,Credit card (automatic),Fiber optic,No,No,No,383.6,1,0,5.0,77.14,2573.32,0,2572.33
CUST_11463,39,Female,0,No,No,4,One year,Yes,Electronic check,No,No internet service,No internet service,No internet service,25.9,0,2,5.0,18.5,86.0,0,330.96
CUST_11464,31,Female,0,Yes,No,36,Month-to-month,No,Mailed check,Fiber optic,Yes,No,Yes,525.0,1,0,4.0,115.76,4140.12,0,3585.09
CUST_11465,34,Female,0,No,No,18,Two year,No,Mailed check,Fiber optic,Yes,No,Yes,309.8,1,0,5.0,111.56,2018.89,0,3353.81
CUST_11466,50,Female,0,Yes,No,60,One year,No,Electronic check,Fiber optic,No,No,Yes,286.5,0,1,4.0,95.58,5739.17,0,3246.36
CUST_11467,64,Male,0,No,No,10,Month-to-month,Yes,Electronic check,Fiber optic,Yes,No,Yes,226.7,2,1,3.0,120.14,1199.74,0,3419.01
CUST_11468,47,Female,0,Yes,Yes,26,Month-to-month,No,Mailed check,DSL,Yes,Yes,Yes,122.2,3,0,4.0,101.92,2676.59,0,2922.81
CUST_11469,26,Female,0,No,No,26,One year,Yes,Credit card (automatic),Fiber optic,No,Yes,No,393.7,0,1,5.0,93.28,2414.12,0,3139.13
CUST_11470,48,Female,0,No,No,37,Two year,No,Electronic check,Fiber optic,Yes,Yes,No,495.9,0,6,3.0,102.01,3776.89,0,3345.76
CUST_11471,58,Male,0,Yes,Yes,20,Two year,Yes,Credit card (automatic),Fiber optic,Yes,No,Yes,349.4,1,0,4.0,105.17,2088.58,0,3323.84
CUST_11472,34,Male,0,Yes,No,60,One year,No,Credit card (automatic),Fiber optic,No,No,No,257.7,0,0,5.0,78.77,4738.38,0,2789.16
CUST_11473,40,Female,0,No,No,48,One year,Yes,Credit card (automatic),Fiber optic,Yes,Yes,Yes,489.0,2,0,5.0,122.79,5867.01,0,4261.54
CUST_11474,42,Female,0,No,No,49,One year,Yes,Mailed check,DSL,No,Yes,No,71.4,0,2,4.0,62.75,3067.23,0,2294.49
CUST_11475,32,Female,0,Yes,No,56,Two year,No,Mailed check,Fiber optic,Yes,No,Yes,406.8,2,0,4.0,112.76,6329.45,0,3633.46
CUST_11476,50,Female,0,No,No,1,One year,No,Mailed check,Fiber optic,Yes,No,Yes,377.7,3,0,4.0,114.68,101.28,0,2714.98
CUST_11477,40,Female,0,Yes,Yes,44,One year,No,Credit card (automatic),DSL,No,No,No,125.2,1,0,,51.23,2251.24,0,1882.21
CUST_11478,47,Female,0,Yes,Yes,52,One year,Yes,Mailed check,Fiber optic,Yes,No,No,317.7,0,0,4.0,87.03,4572.63,0,2917.56
CUST_11479,30,Female,0,Yes,No,21,Month-to-month,Yes,Electronic check,Fiber optic,No,No,No,498.9,2,0,4.0,82.74,1772.02,0,2911.87
CUST_11480,36,Male,0,Yes,Yes,41,Two year,Yes,Electronic check,DSL,No,Yes,Yes,134.8,0,2,5.0,85.16,3510.18,0,2779.01
CUST_11481,51,Female,0,No,No,48,Two year,No,Mailed check,DSL,No,No,No,138.7,2,0,,44.85,2158.11,0,1748.57
CUST_11482,37,Male,0,No,No,8,Two year,Yes,Credit card (automatic),DSL,No,No,No,149.8,0,2,5.0,51.35,409.21,0,1451.84
CUST_11483,64,Male,0,Yes,No,40,One year,No,Bank transfer (automatic),Fiber optic,Yes,No,Yes,179.2,1,0,5.0,118.65,4723.57,0,3534.83
CUST_11484,37,Male,0,No,No,60,Two year,No,Bank transfer (automatic),DSL,No,No,Yes,76.3,0,1,4.0,71.81,4283.11,0,2753.52
CUST_11485,45,Female,0,Yes,No,26,Month-to-month,Yes,Electronic check,DSL,No,No,No,88.0,1,0,5.0,48.42,1238.7,0,1614.8
CUST_11486,54,Female,0,No,No,8,Month-to-month,No,Credit card (automatic),DSL,No,Yes,No,123.6,2,0,4.0,66.63,545.04,0,1814.22
CUST_11487,24,Female,0,Yes,No,59,One year,No,Mailed check,DSL,Yes,No,Yes,85.2,0,0,5.0,76.01,4480.11,0,2628.73
CUST_11488,19,Male,0,No,No,12,One year,Yes,Credit card (automatic),Fiber optic,No,No,No,255.0,1,0,5.0,72.33,860.15,0,2259.42
CUST_11489,22,Female,0,No,No,0,Month-to-month,Yes,Mailed check,Fiber optic,Yes,No,No,325.2,2,0,4.0,93.21,,0,2497.45
CUST_11490,58,Male,0,Yes,No,23,Month-to-month,Yes,Bank transfer (automatic),DSL,No,Yes,Yes,161.2,5,1,3.0,89.26,2014.03,1,1307.12
CUST_11491,35,Male,0,No,No,7,Month-to-month,Yes,Mailed check,Fiber optic,No,No,Yes,467.6,2,0,5.0,96.51,660.72,0,2785.73
CUST_11492,75,Female,1,Yes,Yes,37,Two year,Yes,Electronic check,DSL,No,No,No,147.2,2,1,4.0,43.69,1606.43,0,1577.59
CUST_11493,35,Male,0,Yes,Yes,7,Month-to-month,No,Electronic check,Fiber optic,Yes,Yes,No,422.2,2,1,4.0,102.02,669.27,1,1438.51
CUST_11494,44,Female,0,Yes,No,11,Month-to-month,Yes,Electronic check,DSL,Yes,Yes,Yes,120.2,5,1,4.0,100.52,1116.21,0,2566.21
CUST_11495,62,Female,0,Yes,Yes,6,One year,No,Mailed check,Fiber optic,No,Yes,Yes,384.2,2,0,4.0,113.07,688.28,0,3109.13
CUST_11496,68,Female,1,Yes,Yes,13,Month-to-month,No,Bank transfer (automatic),DSL,No,No,No,121.3,1,0,5.0,45.4,621.4,0,1534.1
CUST_11497,69,Female,1,Yes,Yes,2,Month-to-month,No,Electronic check,Fiber optic,Yes,No,No,365.8,1,2,5.0,86.81,172.09,0,2490.16
CUST_11498,58,Male,0,Yes,Yes,3,Two year,Yes,Mailed check,DSL,Yes,Yes,Yes,130.4,0,0,5.0,98.18,281.6,0,2734.97
CUST_11499,55,Female,0,Yes,Yes,39,Two year,No,Mailed check,DSL,Yes,No,Yes,107.9,0,0,5.0,77.34,2997.73,0,2350.27
CUST_11500,50,Female,0,No,No,17,Month-to-month,No,Mailed check,Fiber optic,Yes,No,Yes,109.9,3,0,3.0,112.1,1925.41,1,1336.84
CUST_11501,52,Male,0,No,No,24,Month-to-month,Yes,Electronic check,Fiber optic,No,Yes,No,438.4,3,1,4.0,83.57,2024.56,1,1664.08
CUST_11502,35,Male,0,Yes,Yes,36,Two year,No,Mailed check,DSL,No,No,No,124.8,1,0,5.0,45.95,1663.8,0,1699.87
CUST_11503,31,Female,0,Yes,No,8,Month-to-month,Yes,Mailed check,DSL,No,No,No,53.1,2,0,4.0,46.86,367.45,1,631.32
CUST_11504,42,Male,0,Yes,No,51,Month-to-month,Yes,Electronic check,Fiber optic,No,Yes,Yes,439.3,1,2,4.0,122.96,6313.26,1,2254.84
CUST_11505,40,Male,0,No,No,44,Month-to-month,Yes,Bank transfer (automatic),DSL,No,No,Yes,135.6,2,0,4.0,62.16,2731.83,0,2346.13
CUST_11506,36,Female,0,No,No,51,Two year,Yes,Electronic check,DSL,Yes,Yes,No,56.5,1,0,5.0,78.23,3976.77,0,2795.74
CUST_11507,51,Female,0,Yes,No,11,Month-to-month,No,Credit card (automatic),DSL,No,No,No,194.0,2,0,4.0,48.55,549.99,0,1363.5
CUST_11508,54,Female,0,Yes,Yes,30,Month-to-month,Yes,Credit card (automatic),Fiber optic,Yes,Yes,No,343.5,4,1,4.0,109.17,3262.95,1,1631.57
CUST_11509,43,Male,0,Yes,No,49,One year,Yes,Bank transfer (automatic),DSL,No,No,Yes,216.9,2,0,4.0,76.21,3700.32,0,2723.76
CUST_11510,61,Male,0,Yes,Yes,52,Month-to-month,No,Electronic check,No,No internet service,No internet service,No internet service,21.1,2,1,4.0,20.21,1104.64,0,1134.61
CUST_11511,27,Male,0,No,No,46,One year,No,Bank transfer (automatic),Fiber optic,No,No,No,547.5,0,0,5.0,74.56,3449.27,0,2681.35
CUST_11512,39,Female,0,No,No,18,Month-to-month,Yes,Bank transfer (automatic),No,No internet service,No internet service,No internet service,15.3,2,0,4.0,28.35,512.48,0,857.23
CUST_11513,33,Female,0,Yes,Yes,33,Month-to-month,No,Mailed check,No,No internet service,No internet service,No internet service,16.1,2,0,4.0,23.4,775.81,0,609.19
CUST_11514,18,Female,0,No,No,3,One year,Yes,Electronic check,No,No internet service,No internet service,No internet service,18.5,1,3,4.0,18.5,26.55,0,571.13
CUST_11515,41,Female,0,Yes,No,8,Month-to-month,No,Electronic check,No,No internet service,No internet service,No internet service,16.7,3,2,3.0,26.43,213.61,1,150.0
CUST_11516,40,Male,0,Yes,No,55,One year,No,Electronic check,DSL,No,No,No,148.5,0,5,4.0,44.4,2435.65,0,1792.69
CUST_11517,62,Male,0,No,No,0,Month-to-month,Yes,Bank transfer (automatic),DSL,No,No,Yes,117.0,3,0,3.0,71.66,0.0,1,861.49
CUST_11518,50,Female,0,No,No,21,Month-to-month,Yes,Credit card (automatic),DSL,No,Yes,No,47.9,5,0,3.0,69.77,1435.85,1,858.45
CUST_11519,29,Female,0,Yes,Yes,22,Month-to-month,Yes,Mailed check,Fiber optic,No,Yes,No,296.5,2,1,4.0,91.04,1974.5,0,2770.05
CUST_11520,66,Female,1,Yes,No,28,One year,Yes,Electronic check,Fiber optic,Yes,No,No,406.9,0,1,5.0,89.67,2510.56,0,3172.76
CUST_11521,58,Female,0,No,No,22,Month-to-month,Yes,Electronic check,No,No internet service,No internet service,No internet service,17.0,4,3,3.0,22.74,498.85,1,483.47
CUST_11522,50,Female,0,No,No,32,One year,Yes,Mailed check,No,No internet service,No internet service,No internet service,25.5,1,1,4.0,18.5,596.59,0,945.3
CUST_11523,39,Female,0,Yes,Yes,5,One year,Yes,Electronic check,DSL,No,No,No,105.3,1,0,4.0,55.81,265.52,0,1643.17
CUST_11524,30,Female,0,Yes,Yes,35,Month-to-month,Yes,Electronic check,Fiber optic,Yes,No,No,398.6,4,0,4.0,91.7,3191.09,0,2897.8
CUST_11525,37,Female,0,Yes,No,20,Month-to-month,Yes,Electronic check,Fiber optic,Yes,Yes,Yes,435.8,4,2,3.0,128.0,2579.57,1,1513.95
CUST_11526,56,Female,0,No,No,7,One year,Yes,Bank transfer (automatic),Fiber optic,Yes,No,Yes,409.5,0,0,5.0,116.11,819.67,1,1553.54
CUST_11527,66,Female,1,No,No,10,One year,No,Bank transfer (automatic),Fiber optic,No,No,Yes,253.6,1,0,4.0,105.26,1068.03,0,2972.86
CUST_11528,62,Male,0,Yes,Yes,21,Two year,No,Credit card (automatic),No,No internet service,No internet service,No internet service,17.3,1,0,5.0,18.5,424.09,0,658.29
CUST_11529,36,Female,0,No,No,6,Month-to-month,Yes,Bank transfer (automatic),No,No internet service,No internet service,No internet service,9.8,3,0,4.0,21.94,128.89,0,481.66
CUST_11530,27,Male,0,No,No,30,Two year,Yes,Electronic check,DSL,No,Yes,Yes,101.7,1,0,4.0,87.63,2599.58,0,2715.22
CUST_11531,44,Female,0,Yes,Yes,37,Two year,Yes,Bank transfer (automatic),DSL,No,No,Yes,113.1,0,0,4.0,72.24,2650.45,0,2347.18
CUST_11532,19,Female,0,Yes,Yes,54,One year,No,Electronic check,Fiber optic,Yes,No,No,328.3,2,4,4.0,84.15,4524.79,0,2928.24
CUST_11533,46,Female,0,No,No,5,Month-to-month,No,Mailed check,Fiber optic,No,Yes,No,162.0,2,1,4.0,93.68,453.86,1,1151.28
CUST_11534,40,Female,0,No,No,37,Month-to-month,No,Electronic check,Fiber optic,No,No,No,345.4,2,2,4.0,75.79,2797.5,1,1328.88
CUST_11535,36,Male,0,No,No,33,One year,Yes,Electronic check,No,No internet service,No internet service,No internet service,15.7,0,1,5.0,19.46,665.73,0,590.66
CUST_11536,21,Female,0,No,No,5,Month-to-month,No,Mailed check,DSL,No,No,No,129.8,2,1,4.0,51.51,233.58,1,535.56
CUST_11537,49,Male,0,Yes,No,14,Month-to-month,No,Electronic check,Fiber optic,No,No,No,318.9,2,5,2.0,76.55,1064.06,1,1000.81
CUST_11538,35,Male,0,Yes,Yes,37,Month-to-month,Yes,Electronic check,No,No internet service,No internet service,No internet service,25.4,4,2,3.0,27.94,1042.58,0,1097.18
CUST_11539,27,Male,0,No,No,40,One year,No,Electronic check,Fiber optic,No,No,No,372.5,0,0,5.0,81.49,3267.09,0,2704.47
CUST_11540,18,Male,0,Yes,No,3,Month-to-month,Yes,Bank transfer (automatic),Fiber optic,No,Yes,No,297.7,0,0,5.0,94.62,282.0,0,2229.23
CUST_11541,42,Male,0,No,No,4,Month-to-month,Yes,Electronic check,DSL,Yes,Yes,Yes,133.2,4,0,4.0,98.43,413.72,0,2657.11
CUST_11542,65,Female,1,No,No,16,Month-to-month,Yes,Mailed check,DSL,No,Yes,Yes,93.3,6,0,3.0,85.66,1380.06,1,893.96
CUST_11543,64,Male,0,No,No,42,Two year,Yes,Bank transfer (automatic),DSL,No,No,No,160.5,5,0,3.0,54.47,2359.12,0,1677.1
CUST_11544,36,Female,0,Yes,Yes,12,One year,No,Electronic check,Fiber optic,No,Yes,Yes,412.7,1,2,3.0,108.48,1261.89,1,1503.53
CUST_11545,34,Female,0,No,No,31,One year,No,Credit card (automatic),Fiber optic,No,Yes,No,548.0,1,1,5.0,96.48,2996.83,0,2785.34
CUST_11546,48,Female,0,No,No,64,One year,Yes,Credit card (automatic),No,No internet service,No internet service,No internet service,20.2,0,0,5.0,18.5,1144.58,0,1176.93
CUST_11547,29,Male,0,No,No,61,Two year,Yes,Credit card (automatic),DSL,No,Yes,Yes,183.0,0,1,4.0,84.17,5147.05,0,3175.52
CUST_11548,46,Male,0,No,No,20,One year,Yes,Mailed check,DSL,Yes,No,No,29.1,1,1,5.0,60.57,1242.05,0,1473.6
CUST_11549,52,Female,0,Yes,Yes,65,Two year,No,Mailed check,DSL,No,Yes,No,77.1,0,0,5.0,60.12,3915.79,0,2509.36
CUST_11550,58,Male,0,Yes,Yes,19,Month-to-month,Yes,Bank transfer (automatic),Fiber optic,Yes,No,Yes,436.3,1,0,5.0,113.86,2216.42,0,3287.53
CUST_11551,41,Female,0,Yes,Yes,2,Month-to-month,No,Electronic check,No,No internet service,No internet service,No internet service,12.0,3,0,5.0,29.26,32.3,0,769.94
CUST_11552,39,Female,0,Yes,Yes,70,Month-to-month,No,Electronic check,No,No internet service,No internet service,No internet service,23.1,5,1,2.0,22.48,1581.57,0,1573.34
CUST_11553,31,Female,0,No,No,32,Month-to-month,Yes,Electronic check,Fiber optic,No,No,Yes,320.7,4,1,3.0,99.14,3174.42,0,2891.65
CUST_11554,31,Female,0,No,No,12,Month-to-month,Yes,Bank transfer (automatic),DSL,No,No,No,167.3,2,0,4.0,42.8,524.6,1,487.02
CUST_11555,39,Female,0,No,No,60,Two year,Yes,Electronic check,DSL,Yes,No,No,140.4,0,0,5.0,55.7,3349.97,0,2041.02
CUST_11556,47,Male,0,No,No,22,One year,Yes,Bank transfer (automatic),Fiber optic,No,No,No,339.4,0,1,5.0,71.19,1585.63,0,2162.35
CUST_11557,54,Male,0,Yes,No,2,Month-to-month,Yes,Electronic check,Fiber optic,Yes,Yes,Yes,264.6,2,1,3.0,126.34,220.12,1,1271.9
CUST_11558,32,Female,0,No,No,19,One year,No,Bank transfer (automatic),DSL,Yes,No,Yes,133.7,1,0,5.0,83.11,1606.27,0,2082.93
CUST_11559,61,Female,0,Yes,Yes,3,Month-to-month,Yes,Mailed check,Fiber optic,Yes,No,No,329.1,0,0,5.0,88.62,253.36,0,2479.52
CUST_11560,38,Male,0,Yes,No,59,One year,Yes,Electronic check,DSL,No,No,No,86.5,2,1,4.0,45.86,2728.05,0,2025.57
CUST_11561,42,Male,0,No,No,51,Two year,Yes,Electronic check,Fiber optic,No,No,Yes,176.4,0,1,5.0,101.23,5184.25,0,3076.24
CUST_11562,32,Female,0,No,No,24,One year,No,Electronic check,No,No internet service,No internet service,No internet service,15.5,0,1,5.0,21.85,501.07,0,679.87
CUST_11563,18,Female,0,No,No,23,One year,Yes,Electronic check,DSL,No,Yes,No,161.6,1,1,5.0,64.12,1464.96,0,1898.84
CUST_11564,53,Male,0,Yes,Yes,40,One year,No,Mailed check,Fiber optic,No,No,Yes,385.8,0,0,5.0,99.5,3956.82,0,3261.22
CUST_11565,52,Male,0,No,No,38,One year,Yes,Credit card (automatic),DSL,No,No,No,150.4,3,0,4.0,45.54,1717.9,0,1659.81
CUST_11566,38,Female,0,Yes,Yes,24,Two year,No,Bank transfer (automatic),No,No internet service,No internet service,No internet service,14.4,0,1,4.0,25.06,620.57,0,1199.52
CUST_11567,43,Female,0,Yes,No,17,Two year,No,Credit card (automatic),DSL,No,Yes,Yes,86.7,2,0,4.0,83.51,1439.3,0,2406.4
CUST_11568,49,Male,0,No,No,60,One year,Yes,Credit card (automatic),Fiber optic,Yes,No,Yes,442.7,1,1,4.0,116.15,6989.39,0,3937.23
CUST_11569,22,Female,0,No,No,49,Two year,Yes,Mailed check,DSL,No,Yes,No,110.2,0,1,5.0,61.62,3014.36,0,2062.07
CUST_11570,35,Male,0,No,No,30,Month-to-month,No,Electronic check,No,No internet service,No internet service,No internet service,15.3,2,1,4.0,20.11,557.53,1,526.9
CUST_11571,52,Female,0,No,No,25,Month-to-month,No,Credit card (automatic),DSL,Yes,Yes,Yes,151.0,3,1,4.0,98.2,2454.84,1,1240.84
CUST_11572,26,Male,0,No,No,10,One year,Yes,Bank transfer (automatic),DSL,No,No,Yes,151.7,2,0,4.0,68.35,717.16,1,1208.7
CUST_11573,46,Female,0,No,No,4,Month-to-month,Yes,Credit card (automatic),DSL,No,No,Yes,124.3,3,1,3.0,65.78,290.56,0,1675.47
CUST_11574,24,Female,0,No,No,38,Two year,Yes,Bank transfer (automatic),Fiber optic,Yes,No,Yes,457.7,2,0,5.0,101.79,3847.22,0,3518.82
CUST_11575,48,Male,0,No,No,7,Month-to-month,No,Bank transfer (automatic),DSL,No,No,Yes,142.6,3,0,4.0,68.32,516.38,1,629.27
CUST_11576,42,Female,0,No,No,6,Month-to-month,No,Credit card (automatic),DSL,No,Yes,Yes,143.5,4,0,3.0,85.27,486.55,0,2304.33
CUST_11577,21,Male,0,No,No,11,Month-to-month,Yes,Bank transfer (automatic),Fiber optic,Yes,No,Yes,515.7,0,0,4.0,114.64,1262.05,0,3497.12
CUST_11578,57,Female,0,Yes,No,56,Two year,Yes,Bank transfer (automatic),Fiber optic,Yes,No,No,422.3,1,0,4.0,97.32,5429.08,0,3471.28
CUST_11579,32,Female,0,No,No,29,Two year,Yes,Mailed check,Fiber optic,No,No,No,574.5,0,0,4.0,80.2,2384.43,0,2837.81
CUST_11580,31,Female,0,No,No,35,One year,No,Credit card (automatic),DSL,No,No,Yes,63.5,2,0,4.0,70.67,2472.64,0,2191.55
CUST_11581,45,Male,0,Yes,Yes,61,Month-to-month,No,Bank transfer (automatic),Fiber optic,No,Yes,Yes,238.9,4,0,3.0,114.33,6939.56,1,1949.9
CUST_11582,57,Female,0,No,No,5,Two year,No,Mailed check,Fiber optic,No,No,Yes,291.2,0,1,4.0,101.43,539.77,0,2713.15
CUST_11583,29,Female,0,Yes,Yes,31,Month-to-month,No,Mailed check,Fiber optic,No,No,Yes,219.5,1,0,5.0,103.05,3162.51,0,2907.63
CUST_11584,43,Female,0,No,No,2,Month-to-month,Yes,Bank transfer (automatic),DSL,Yes,No,No,196.2,1,1,4.0,67.72,126.02,1,846.14
CUST_11585,48,Male,0,No,No,53,Month-to-month,No,Electronic check,No,No internet service,No internet service,No internet service,23.4,3,3,3.0,20.81,1134.92,1,913.67
CUST_11586,51,Male,0,Yes,No,56,Month-to-month,No,Electronic check,DSL,No,No,Yes,151.3,1,1,3.0,67.6,3776.41,0,2520.46
CUST_11587,44,Female,0,Yes,No,22,Month-to-month,Yes,Electronic check,DSL,Yes,Yes,No,135.1,3,2,4.0,73.68,1630.37,0,1961.1
CUST_11588,37,Female,0,No,No,25,One year,No,Credit card (automatic),DSL,No,No,No,76.7,1,0,5.0,44.22,1080.38,0,1368.36
CUST_11589,31,Male,0,Yes,Yes,63,One year,Yes,Electronic check,No,No internet service,No internet service,No internet service,17.5,1,1,4.0,31.27,2018.27,0,1534.68
CUST_11590,43,Female,0,Yes,No,23,One year,No,Mailed check,Fiber optic,No,No,No,367.4,0,0,4.0,72.79,1641.5,0,2392.23
CUST_11591,28,Male,0,Yes,Yes,22,One year,No,Credit card (automatic),Fiber optic,Yes,No,Yes,455.2,0,0,5.0,110.77,2422.07,1,1360.36
CUST_11592,18,Male,0,No,No,41,One year,Yes,Electronic check,DSL,No,No,Yes,101.5,0,1,5.0,69.53,2844.29,0,1977.79
CUST_11593,48,Male,0,No,No,6,One year,No,Electronic check,Fiber optic,No,No,Yes,420.7,0,1,5.0,100.8,565.02,0,2998.32
CUST_11594,54,Female,0,No,No,18,Two year,Yes,Credit card (automatic),DSL,No,No,No,162.7,0,0,5.0,47.31,856.21,0,1442.84
CUST_11595,18,Male,0,Yes,No,52,One year,No,Bank transfer (automatic),No,No internet service,No internet service,No internet service,19.8,3,1,4.0,18.5,992.43,0,1300.85
CUST_11596,29,Male,0,No,No,13,Month-to-month,Yes,Electronic check,Fiber optic,Yes,Yes,No,369.2,5,2,2.0,103.25,1384.61,0,2989.22
CUST_11597,50,Male,0,No,No,37,One year,No,Credit card (automatic),Fiber optic,Yes,No,Yes,517.4,0,0,5.0,114.19,4239.44,0,3744.75
CUST_11598,69,Female,1,Yes,Yes,48,Month-to-month,Yes,Credit card (automatic),DSL,No,No,Yes,83.5,2,0,3.0,70.74,3374.28,0,2372.85
CUST_11599,42,Female,0,No,No,58,Two year,Yes,Credit card (automatic),Fiber optic,No,No,No,384.2,0,0,4.0,78.09,4492.12,0,2981.15
CUST_11600,33,Female,0,No,No,45,One year,Yes,Electronic check,Fiber optic,No,Yes,No,420.8,1,1,4.0,91.92,4211.46,0,3284.75
CUST_11601,40,Male,0,No,No,12,One year,Yes,Mailed check,Fiber optic,No,No,No,349.9,0,0,5.0,76.68,948.84,0,2138.91
CUST_11602,60,Male,0,Yes,Yes,17,Month-to-month,No,Bank transfer (automatic),Fiber optic,No,No,Yes,443.4,3,0,4.0,105.4,1830.69,1,1277.29
CUST_11603,34,Female,0,Yes,No,18,One year,Yes,Mailed check,Fiber optic,No,Yes,No,476.9,0,0,5.0,94.69,1712.16,0,2904.65
CUST_11604,32,Female,0,Yes,No,24,Month-to-month,Yes,Electronic check,Fiber optic,No,No,Yes,130.9,2,1,5.0,102.91,2499.74,1,1056.89
CUST_11605,36,Female,0,Yes,No,4,One year,Yes,Electronic check,No,No internet service,No internet service,No internet service,23.1,1,1,4.0,26.61,102.2,1,150.0
CUST_11606,30,Male,0,No,No,34,Two year,Yes,Bank transfer (automatic),DSL,No,No,No,98.3,1,0,5.0,53.65,1792.75,0,1672.96
CUST_11607,44,Male,0,Yes,No,12,Month-to-month,Yes,Mailed check,DSL,Yes,No,No,169.5,2,0,4.0,58.63,672.12,0,1843.42
CUST_11608,63,Female,0,No,No,40,One year,No,Electronic check,Fiber optic,No,No,Yes,268.8,1,2,4.0,98.35,3932.42,0,3152.41
CUST_11609,46,Female,0,Yes,Yes,35,Month-to-month,Yes,Bank transfer (automatic),DSL,Yes,No,Yes,141.0,0,0,5.0,79.68,2792.96,1,1576.33
CUST_11610,39,Female,0,Yes,Yes,40,Two year,No,Mailed check,DSL,No,Yes,Yes,142.2,1,0,4.0,82.27,3296.49,0,2701.56
CUST_11611,38,Male,0,No,No,30,Month-to-month,No,Electronic check,DSL,No,No,No,113.7,5,2,2.0,51.61,1514.46,1,1123.88
CUST_11612,22,Male,0,Yes,No,46,Two year,No,Bank transfer (automatic),Fiber optic,Yes,Yes,Yes,295.7,1,0,4.0,127.3,5862.32,0,3855.33
CUST_11613,53,Male,0,No,No,31,Month-to-month,No,Mailed check,DSL,No,No,Yes,241.9,0,0,4.0,69.68,2088.71,0,2242.86
CUST_11614,41,Female,0,Yes,Yes,50,Month-to-month,No,Bank transfer (automatic),Fiber optic,No,No,No,289.1,1,0,5.0,80.6,4035.77,0,3068.31
CUST_11615,40,Male,0,Yes,No,63,One year,Yes,Electronic check,No,No internet service,No internet service,No internet service,22.9,0,2,4.0,25.04,1556.55,1,967.49
CUST_11616,80,Female,1,No,No,41,Month-to-month,No,Electronic check,Fiber optic,No,Yes,Yes,703.0,0,5,3.0,120.16,4915.48,1,2167.39
CUST_11617,46,Male,0,No,No,7,Month-to-month,Yes,Mailed check,Fiber optic,Yes,Yes,Yes,309.4,1,1,5.0,128.0,931.62,0,3666.9
CUST_11618,32,Female,0,Yes,Yes,21,Month-to-month,Yes,Credit card (automatic),DSL,Yes,Yes,Yes,53.9,2,0,4.0,93.37,1965.25,0,2599.8
CUST_11619,36,Male,0,Yes,No,19,Two year,No,Electronic check,DSL,No,No,No,120.7,2,0,4.0,52.53,993.35,0,1797.9
CUST_11620,57,Male,0,No,No,47,One year,Yes,Bank transfer (automatic),DSL,No,No,No,101.1,0,1,5.0,46.39,2183.76,0,1495.11
CUST_11621,43,Male,0,No,No,17,One year,Yes,Electronic check,No,No internet service,No internet service,No internet service,18.6,1,1,5.0,22.45,413.37,0,616.04
CUST_11622,23,Male,0,No,No,1,Month-to-month,No,Electronic check,Fiber optic,No,No,Yes,296.1,3,1,4.0,101.27,126.96,0,2823.2
CUST_11623,54,Female,0,Yes,Yes,61,Month-to-month,Yes,Electronic check,DSL,No,No,Yes,112.4,0,4,4.0,59.49,3679.23,0,2201.28
CUST_11624,33,Female,0,No,No,12,One year,Yes,Credit card (automatic),Fiber optic,No,No,Yes,345.7,0,0,5.0,98.83,1160.9,0,2853.22
CUST_11625,66,Male,1,Yes,Yes,33,Month-to-month,No,Electronic check,DSL,Yes,No,No,70.3,3,1,4.0,65.34,2148.67,1,994.73
CUST_11626,56,Female,0,Yes,Yes,43,One year,Yes,Electronic check,Fiber optic,No,No,Yes,327.5,0,1,4.0,104.73,4527.44,0,3228.02
CUST_11627,36,Female,0,No,No,22,One year,Yes,Bank transfer (automatic),DSL,Yes,No,No,117.3,1,0,5.0,60.11,1351.04,0,1553.11
CUST_11628,59,Female,0,Yes,Yes,22,Month-to-month,No,Electronic check,DSL,No,No,No,91.3,1,0,5.0,45.4,1006.87,0,1506.48
CUST_11629,43,Male,0,Yes,Yes,52,Two year,No,Electronic check,DSL,Yes,No,No,135.0,1,1,4.0,58.68,3076.66,0,2073.32
CUST_11630,53,Female,0,Yes,No,18,Two year,Yes,Electronic check,DSL,No,No,Yes,168.5,3,0,4.0,74.35,1335.72,0,2322.53
CUST_11631,48,Female,0,Yes,No,16,Month-to-month,Yes,Credit card (automatic),Fiber optic,Yes,Yes,Yes,322.0,4,0,2.0,128.0,2034.6,1,1706.25
CUST_11632,31,Female,0,No,No,48,Two year,No,Electronic check,Fiber optic,Yes,Yes,No,348.8,1,4,4.0,112.14,5388.1,0,3530.6
CUST_11633,34,Female,0,No,No,44,Two year,Yes,Credit card (automatic),DSL,Yes,Yes,Yes,109.6,1,0,5.0,96.65,4230.59,0,3030.43
CUST_11634,55,Male,0,Yes,Yes,17,Month-to-month,Yes,Electronic check,Fiber optic,No,Yes,No,570.8,1,3,3.0,103.96,1774.48,1,1523.81
CUST_11635,38,Male,0,No,No,43,Month-to-month,Yes,Electronic check,DSL,Yes,No,Yes,94.1,0,1,4.0,79.42,3407.65,0,2439.51
CUST_11636,37,Male,0,No,No,40,One year,No,Credit card (automatic),Fiber optic,No,No,Yes,269.6,1,0,5.0,109.59,4344.23,0,3367.65
CUST_11637,30,Female,0,No,No,3,Month-to-month,Yes,Bank transfer (automatic),DSL,No,No,No,97.9,0,0,5.0,55.0,187.35,0,1522.07
CUST_11638,48,Male,0,Yes,No,6,Month-to-month,Yes,Mailed check,DSL,Yes,No,No,174.0,1,0,5.0,59.08,358.96,0,1771.62
CUST_11639,69,Male,1,No,No,47,One year,Yes,Mailed check,DSL,Yes,Yes,Yes,177.6,3,0,4.0,99.46,4669.92,0,3005.4
CUST_11640,28,Female,0,No,No,6,Month-to-month,Yes,Electronic check,Fiber optic,No,No,Yes,249.2,2,3,3.0,97.76,601.19,0,2467.0
CUST_11641,42,Male,0,Yes,Yes,67,Two year,Yes,Bank transfer (automatic),No,No internet service,No internet service,No internet service,19.3,0,0,4.0,20.63,1399.73,0,1296.16
CUST_11642,60,Male,0,Yes,Yes,22,Month-to-month,Yes,Bank transfer (automatic),DSL,Yes,No,Yes,104.1,1,0,5.0,87.43,1945.8,1,973.72
CUST_11643,41,Male,0,Yes,Yes,70,Two year,No,Electronic check,DSL,No,No,Yes,63.1,0,0,5.0,69.8,4867.06,0,2452.37
CUST_11644,48,Male,0,No,No,19,Two year,No,Credit card (automatic),DSL,No,No,Yes,63.0,0,0,4.0,65.8,1223.17,0,1838.15
CUST_11645,28,Female,0,Yes,Yes,53,Two year,No,Mailed check,DSL,Yes,No,No,114.3,1,0,5.0,54.42,2862.76,0,1935.06
CUST_11646,48,Female,0,No,No,19,Month-to-month,Yes,Electronic check,DSL,No,No,No,156.3,1,2,4.0,45.65,933.14,1,751.98
CUST_11647,40,Male,0,Yes,No,36,Month-to-month,Yes,Electronic check,DSL,No,Yes,Yes,121.8,3,0,4.0,85.79,3064.15,0,2675.77
CUST_11648,55,Female,0,No,No,36,One year,Yes,Credit card (automatic),Fiber optic,No,No,Yes,369.2,0,1,5.0,105.2,3813.93,0,3222.48
CUST_11649,57,Female,0,Yes,No,41,Two year,Yes,Mailed check,DSL,No,No,Yes,46.2,1,0,5.0,67.85,2754.64,0,2224.18
CUST_11650,76,Male,1,No,No,46,Two year,No,Bank transfer (automatic),Fiber optic,Yes,No,No,310.0,1,1,4.0,92.12,4208.01,0,3084.04
CUST_11651,50,Male,0,No,No,16,One year,Yes,Credit card (automatic),DSL,No,No,No,110.2,3,0,5.0,55.92,853.9,0,1796.37
CUST_11652,46,Female,0,Yes,No,33,Month-to-month,No,Bank transfer (automatic),DSL,Yes,Yes,Yes,104.8,3,0,4.0,90.89,2963.1,0,2682.36
CUST_11653,45,Male,0,Yes,No,37,Two year,No,Bank transfer (automatic),Fiber optic,No,Yes,Yes,230.5,0,0,5.0,117.13,4326.44,0,3305.06
CUST_11654,37,Male,0,Yes,Yes,30,Two year,No,Electronic check,Fiber optic,Yes,No,Yes,588.7,1,1,4.0,109.89,3302.16,0,3386.54
CUST_11655,46,Male,0,No,No,16,Two year,Yes,Bank transfer (automatic),DSL,Yes,Yes,Yes,145.7,0,0,5.0,93.26,1502.06,0,2820.8
CUST_11656,38,Female,0,No,No,59,Two year,Yes,Mailed check,DSL,No,No,Yes,156.9,1,0,5.0,71.26,4214.61,0,2401.95
CUST_11657,44,Female,0,Yes,Yes,43,One year,Yes,Credit card (automatic),DSL,Yes,No,No,125.7,1,1,4.0,67.26,2907.87,0,2098.73
CUST_11658,59,Female,0,Yes,Yes,19,One year,No,Electronic check,DSL,No,No,Yes,177.7,1,3,3.0,70.02,1321.54,1,609.83
CUST_11659,29,Female,0,Yes,No,7,Two year,No,Electronic check,No,No internet service,No internet service,No internet service,10.3,1,2,4.0,18.5,74.88,0,746.63
CUST_11660,57,Female,0,No,No,6,Month-to-month,Yes,Electronic check,Fiber optic,No,Yes,Yes,460.0,3,1,4.0,110.92,662.56,1,1403.12
CUST_11661,59,Female,0,No,No,54,One year,Yes,Mailed check,No,No internet service,No internet service,No internet service,9.0,1,1,4.0,21.07,1121.23,0,988.25
CUST_11662,40,Female,0,No,No,61,Two year,Yes,Electronic check,DSL,No,No,Yes,124.1,1,2,5.0,69.37,4247.38,0,2154.12
CUST_11663,18,Male,0,Yes,No,5,One year,No,Credit card (automatic),Fiber optic,No,No,Yes,356.2,0,0,4.0,96.76,503.03,0,2648.38
CUST_11664,34,Female,0,Yes,No,25,One year,Yes,Credit card (automatic),DSL,No,Yes,Yes,126.0,1,0,5.0,82.66,2048.94,0,2361.0
CUST_11665,59,Male,0,No,No,31,One year,No,Bank transfer (automatic),Fiber optic,Yes,No,No,356.8,1,0,4.0,91.92,2871.31,0,3142.18
CUST_11666,42,Male,0,Yes,Yes,21,One year,Yes,Electronic check,DSL,Yes,No,Yes,30.3,1,1,5.0,79.87,1674.98,0,2205.86
CUST_11667,29,Female,0,No,No,37,Two year,No,Mailed check,Fiber optic,Yes,No,No,305.6,1,0,5.0,88.63,3256.23,0,2712.51
CUST_11668,35,Male,0,Yes,No,21,Month-to-month,Yes,Credit card (automatic),DSL,No,No,No,118.6,1,0,4.0,47.1,1047.11,0,1537.95
CUST_11669,53,Male,0,Yes,No,10,Month-to-month,Yes,Electronic check,Fiber optic,No,No,No,293.7,0,1,5.0,81.15,802.42,1,928.97
CUST_11670,49,Female,0,No,No,12,Month-to-month,No,Mailed check,Fiber optic,No,No,Yes,163.4,3,0,4.0,101.76,1239.71,0,2548.24
CUST_11671,39,Male,0,No,No,36,Two year,No,Mailed check,Fiber optic,Yes,No,Yes,311.7,1,0,5.0,111.69,4053.47,0,3296.94
CUST_11672,37,Female,0,No,No,33,Two year,Yes,Credit card (automatic),DSL,No,No,Yes,147.7,1,0,4.0,72.08,2392.43,0,2022.73
CUST_11673,37,Male,0,Yes,No,6,Month-to-month,No,Electronic check,Fiber optic,No,Yes,Yes,538.6,0,0,5.0,116.04,684.86,0,3545.53
CUST_11674,30,Female,0,Yes,Yes,0,Two year,Yes,Electronic check,DSL,Yes,Yes,Yes,115.5,1,2,5.0,100.43,0.0,0,2584.2
CUST_11675,63,Male,0,No,No,22,Month-to-month,No,Bank transfer (automatic),DSL,Yes,Yes,No,111.6,0,0,4.0,68.68,1457.14,1,935.86
CUST_11676,38,Female,0,No,No,44,Two year,Yes,Electronic check,Fiber optic,Yes,Yes,No,259.0,0,1,5.0,112.89,4944.05,0,3492.4
CUST_11677,58,Male,0,No,No,21,Month-to-month,Yes,Bank transfer (automatic),No,No internet service,No internet service,No internet service,23.3,3,0,4.0,19.38,427.01,0,695.14
CUST_11678,62,Female,0,Yes,No,33,Month-to-month,Yes,Electronic check,No,No internet service,No internet service,No internet service,11.4,0,0,5.0,18.5,607.06,1,641.89
CUST_11679,55,Male,0,No,No,17,Two year,Yes,Mailed check,DSL,Yes,Yes,Yes,107.1,1,0,4.0,95.67,1639.5,0,2755.03
CUST_11680,36,Male,0,No,No,17,Two year,Yes,Mailed check,No,No internet service,No internet service,No internet service,17.5,0,0,5.0,20.64,320.95,0,733.5
CUST_11681,47,Female,0,No,No,28,One year,Yes,Mailed check,Fiber optic,Yes,Yes,No,469.7,2,0,5.0,101.44,2833.65,0,3380.95
CUST_11682,42,Male,0,No,No,7,Month-to-month,Yes,Credit card (automatic),DSL,Yes,No,Yes,99.3,1,1,4.0,82.76,589.57,0,2180.7
CUST_11683,30,Female,0,Yes,Yes,43,One year,Yes,Credit card (automatic),Fiber optic,No,No,No,328.2,3,1,4.0,78.94,3392.83,0,2682.49
CUST_11684,46,Male,0,No,No,25,Two year,Yes,Bank transfer (automatic),Fiber optic,Yes,No,No,323.6,0,0,5.0,95.6,2434.05,0,3093.63
CUST_11685,27,Female,0,No,No,66,One year,No,Bank transfer (automatic),Fiber optic,No,No,No,185.9,0,0,5.0,74.83,4924.07,0,2628.61
CUST_11686,57,Male,0,No,No,14,Month-to-month,No,Mailed check,DSL,No,No,Yes,138.9,2,0,5.0,77.97,1092.94,1,896.78
CUST_11687,36,Male,0,No,No,24,One year,Yes,Electronic check,Fiber optic,No,Yes,Yes,277.1,0,3,5.0,113.07,2718.98,0,3158.6
CUST_11688,45,Female,0,No,No,41,Two year,Yes,Bank transfer (automatic),DSL,Yes,No,No,102.0,1,0,5.0,57.19,2321.46,0,2037.17
CUST_11689,46,Female,0,No,No,21,Month-to-month,Yes,Electronic check,DSL,Yes,No,No,134.3,2,0,4.0,58.2,1190.06,1,853.6
CUST_11690,39,Female,0,Yes,No,31,Two year,No,Electronic check,Fiber optic,Yes,No,No,361.7,2,1,4.0,90.83,2822.75,0,3085.91
CUST_11691,50,Male,0,Yes,Yes,27,One year,No,Bank transfer (automatic),DSL,Yes,No,No,194.5,0,0,5.0,61.61,1683.73,0,2131.74
CUST_11692,36,Female,0,Yes,No,22,Month-to-month,Yes,Bank transfer (automatic),Fiber optic,No,Yes,No,566.9,0,0,5.0,95.99,2126.04,0,3054.69
CUST_11693,53,Male,0,Yes,No,57,Two year,No,Electronic check,DSL,No,No,Yes,181.2,0,0,5.0,65.96,3777.8,0,2679.52
CUST_11694,25,Male,0,Yes,No,11,Month-to-month,Yes,Bank transfer (automatic),Fiber optic,Yes,No,Yes,596.7,2,0,4.0,105.22,1143.92,0,3098.75
CUST_11695,44,Female,0,Yes,Yes,48,Month-to-month,Yes,Credit card (automatic),Fiber optic,Yes,No,Yes,547.3,2,0,5.0,113.83,5443.49,0,3670.08
CUST_11696,67,Male,1,Yes,No,64,One year,Yes,Mailed check,Fiber optic,No,Yes,No,148.9,0,0,5.0,94.39,6034.98,0,3254.08
CUST_11697,29,Female,0,Yes,No,11,One year,Yes,Bank transfer (automatic),No,No internet service,No internet service,No internet service,17.9,1,0,5.0,21.82,273.17,0,636.74
CUST_11698,33,Female,0,Yes,Yes,16,Month-to-month,No,Electronic check,Fiber optic,No,No,Yes,389.2,1,1,5.0,100.78,1630.04,1,1435.97
CUST_11699,49,Male,0,Yes,No,4,Month-to-month,No,Credit card (automatic),Fiber optic,Yes,No,No,383.7,2,0,3.0,85.84,311.49,1,1351.73
CUST_11700,44,Female,0,No,No,6,Month-to-month,No,Electronic check,DSL,No,Yes,Yes,99.8,1,1,5.0,82.61,508.72,0,2048.45
CUST_11701,47,Female,0,No,No,39,One year,Yes,Credit card (automatic),Fiber optic,Yes,No,No,135.9,0,0,5.0,91.9,3647.08,1,1304.89
CUST_11702,48,Male,0,Yes,No,35,Month-to-month,Yes,Credit card (automatic),DSL,No,Yes,Yes,96.9,2,0,5.0,85.57,3024.41,0,2422.63
CUST_11703,50,Female,0,No,No,54,One year,Yes,Bank transfer (automatic),DSL,No,Yes,No,91.7,0,1,5.0,67.46,3626.11,0,2409.1
CUST_11704,56,Male,0,No,No,9,Month-to-month,Yes,Credit card (automatic),DSL,Yes,No,No,149.2,3,0,4.0,63.53,598.49,0,2099.33
CUST_11705,47,Male,0,Yes,Yes,18,Month-to-month,No,Mailed check,DSL,No,No,No,108.1,1,0,4.0,45.99,832.87,0,1225.81
CUST_11706,39,Female,0,No,No,26,Month-to-month,No,Credit card (automatic),DSL,No,No,No,172.2,2,0,4.0,56.62,1456.51,0,1921.82
CUST_11707,51,Female,0,No,No,8,Month-to-month,Yes,Bank transfer (automatic),DSL,Yes,No,No,194.8,5,2,2.0,54.52,446.55,1,692.67
CUST_11708,67,Male,1,No,No,2,Month-to-month,No,Electronic check,DSL,No,No,Yes,85.5,2,3,3.0,67.37,167.69,0,1690.43
CUST_11709,40,Female,0,Yes,No,47,Month-to-month,No,Electronic check,DSL,No,Yes,No,75.6,0,1,4.0,63.45,2964.6,0,2047.82
CUST_11710,29,Female,0,No,No,58,Two year,No,Mailed check,DSL,No,Yes,No,140.6,2,1,5.0,57.95,3371.06,0,2410.74
CUST_11711,56,Male,0,Yes,No,9,Month-to-month,No,Credit card (automatic),Fiber optic,No,No,Yes,424.3,1,0,5.0,95.12,835.5,0,3032.79
CUST_11712,40,Female,0,No,No,22,One year,Yes,Credit card (automatic),DSL,No,Yes,No,124.7,2,2,5.0,55.72,1197.33,1,872.57
CUST_11713,18,Male,0,No,No,9,Month-to-month,Yes,Credit card (automatic),DSL,No,Yes,Yes,71.3,1,0,4.0,87.91,772.67,0,2403.85
CUST_11714,53,Female,0,No,No,47,Month-to-month,No,Electronic check,DSL,Yes,No,Yes,134.2,3,3,3.0,67.33,3142.7,0,2278.09
CUST_11715,35,Female,0,No,No,5,Two year,No,Mailed check,Fiber optic,No,No,Yes,323.7,1,0,4.0,101.63,510.54,1,1156.47
CUST_11716,41,Female,0,Yes,No,56,Month-to-month,Yes,Bank transfer (automatic),No,No internet service,No internet service,No internet service,18.7,1,0,5.0,23.8,1312.97,0,1222.17
CUST_11717,46,Male,0,No,No,45,Two year,Yes,Bank transfer (automatic),DSL,No,No,No,110.5,2,1,4.0,49.67,2276.59,0,2065.93
CUST_11718,44,Male,0,No,No,37,One year,Yes,Electronic check,Fiber optic,Yes,Yes,No,451.7,1,2,5.0,102.47,3771.65,1,1824.92
CUST_11719,51,Male,0,Yes,Yes,62,Two year,Yes,Bank transfer (automatic),DSL,No,Yes,Yes,155.0,1,1,5.0,80.0,4964.66,0,2650.05
CUST_11720,36,Female,0,No,No,57,One year,No,Bank transfer (automatic),DSL,Yes,No,No,95.5,0,1,5.0,66.52,3827.57,0,2419.93
CUST_11721,49,Female,0,Yes,No,25,One year,Yes,Bank transfer (automatic),DSL,Yes,No,Yes,151.1,3,0,4.0,83.54,2080.74,1,1162.71
CUST_11722,39,Female,0,Yes,Yes,38,Two year,No,Bank transfer (automatic),DSL,Yes,Yes,Yes,142.1,0,0,5.0,91.24,3475.41,0,2655.52
CUST_11723,52,Female,0,No,No,1,Month-to-month,No,Bank transfer (automatic),DSL,Yes,No,No,113.0,3,0,3.0,57.14,102.55,0,1546.4
CUST_11724,50,Male,0,Yes,Yes,18,Month-to-month,No,Electronic check,Fiber optic,No,No,No,496.6,1,0,5.0,82.68,1497.57,1,1311.22
CUST_11725,30,Male,0,No,No,10,Month-to-month,Yes,Credit card (automatic),Fiber optic,No,No,No,193.8,1,0,4.0,83.01,798.1,0,2246.15
CUST_11726,56,Female,0,Yes,No,44,Month-to-month,No,Electronic check,DSL,Yes,No,Yes,101.9,2,1,4.0,81.94,3621.19,0,2702.36
CUST_11727,35,Male,0,Yes,No,46,Month-to-month,No,Bank transfer (automatic),DSL,Yes,Yes,Yes,169.0,2,1,4.0,103.53,4809.44,0,3151.67
CUST_11728,53,Female,0,No,No,47,Two year,Yes,Electronic check,DSL,Yes,No,Yes,127.6,0,3,4.0,82.62,3866.71,0,2591.32
CUST_11729,47,Male,0,Yes,No,36,Two year,Yes,Bank transfer (automatic),DSL,No,Yes,No,114.3,2,0,5.0,60.05,2195.59,0,2148.8
CUST_11730,66,Female,1,No,No,39,Two year,No,Credit card (automatic),Fiber optic,No,Yes,Yes,316.8,0,0,5.0,109.12,4270.76,0,3597.75
CUST_11731,39,Female,0,No,No,38,One year,No,Electronic check,No,No internet service,No internet service,No internet service,10.8,0,3,4.0,28.28,1071.05,0,1310.96
CUST_11732,37,Female,0,No,No,39,One year,No,Credit card (automatic),DSL,No,Yes,Yes,178.1,2,0,4.0,76.67,3000.39,0,2552.95
CUST_11733,42,Female,0,No,No,19,Two year,No,Electronic check,Fiber optic,No,No,No,372.5,0,2,4.0,77.68,1437.22,0,2395.16
CUST_11734,38,Male,0,No,No,10,One year,No,Electronic check,Fiber optic,No,No,Yes,354.3,0,1,4.0,107.73,1057.39,0,3234.99
CUST_11735,52,Female,0,Yes,No,36,Two year,Yes,Credit card (automatic),Fiber optic,No,No,No,485.0,0,0,5.0,77.26,2784.1,0,2741.79
CUST_11736,21,Female,0,No,No,16,Month-to-month,Yes,Bank transfer (automatic),DSL,No,No,Yes,166.9,1,0,5.0,74.67,1197.05,0,2020.04
CUST_11737,28,Male,0,Yes,No,18,Two year,Yes,Electronic check,DSL,Yes,No,No,129.7,1,2,5.0,63.3,1142.93,0,1711.42
CUST_11738,28,Male,0,No,No,31,Month-to-month,Yes,Credit card (automatic),Fiber optic,No,No,No,652.5,2,0,4.0,79.92,2493.5,0,2906.75
CUST_11739,54,Male,0,No,No,27,Month-to-month,Yes,Bank transfer (automatic),Fiber optic,No,No,No,181.1,1,0,5.0,78.51,2144.52,0,2481.83
CUST_11740,64,Female,0,No,No,6,One year,Yes,Electronic check,No,No internet service,No internet service,No internet service,23.7,1,1,4.0,18.5,100.18,0,469.86
CUST_11741,41,Male,0,No,No,59,One year,No,Credit card (automatic),Fiber optic,No,No,No,409.6,2,0,4.0,75.99,4456.88,0,2990.62
CUST_11742,40,Male,0,No,No,36,One year,Yes,Mailed check,Fiber optic,No,Yes,Yes,443.4,0,0,5.0,112.04,4036.93,0,3395.61
CUST_11743,43,Female,0,No,No,54,Two year,Yes,Electronic check,No,No internet service,No internet service,No internet service,8.6,0,1,5.0,18.5,974.41,0,976.17
CUST_11744,57,Female,0,No,No,38,Two year,No,Credit card (automatic),DSL,No,No,Yes,78.3,1,1,4.0,70.63,2671.9,0,2160.77
CUST_11745,30,Female,0,Yes,Yes,46,Two year,No,Bank transfer (automatic),DSL,No,No,Yes,115.7,0,0,5.0,66.76,3106.16,0,2362.9
CUST_11746,45,Female,0,Yes,Yes,12,Month-to-month,No,Bank transfer (automatic),Fiber optic,No,No,Yes,391.0,3,0,3.0,100.94,1179.76,1,1147.93
CUST_11747,55,Female,0,No,No,56,Month-to-month,Yes,Credit card (automatic),DSL,No,No,No,133.7,1,2,4.0,47.18,2644.62,0,2122.11
CUST_11748,49,Female,0,No,No,7,Month-to-month,No,Credit card (automatic),No,No internet service,No internet service,No internet service,14.2,2,0,5.0,29.43,222.52,0,617.34
CUST_11749,44,Male,0,Yes,No,69,Two year,Yes,Electronic check,DSL,No,Yes,Yes,93.5,0,0,5.0,93.05,6395.76,0,3465.99
CUST_11750,55,Male,0,Yes,Yes,24,Month-to-month,No,Credit card (automatic),DSL,No,No,No,125.7,0,1,5.0,48.5,1175.03,0,1694.27
CUST_11751,18,Male,0,Yes,Yes,3,Month-to-month,No,Mailed check,DSL,No,No,No,43.9,2,0,4.0,40.93,165.26,0,874.09
CUST_11752,51,Male,0,No,No,8,Month-to-month,Yes,Mailed check,Fiber optic,Yes,Yes,Yes,613.1,5,0,4.0,128.0,1017.95,0,3851.9
CUST_11753,33,Female,0,No,No,55,Month-to-month,No,Credit card (automatic),DSL,No,No,Yes,113.5,4,0,3.0,76.08,4203.63,0,2729.89
CUST_11754,18,Male,0,Yes,Yes,51,Two year,No,Bank transfer (automatic),DSL,Yes,No,Yes,86.8,0,0,5.0,73.32,3762.99,0,2386.79
CUST_11755,49,Male,0,Yes,No,59,Month-to-month,No,Electronic check,Fiber optic,No,No,Yes,262.0,4,1,4.0,102.36,6062.98,0,3534.54
CUST_11756,60,Female,0,Yes,No,50,Two year,Yes,Bank transfer (automatic),DSL,Yes,No,Yes,72.9,1,1,5.0,85.93,4328.47,0,2987.79
CUST_11757,40,Male,0,Yes,Yes,33,Month-to-month,No,Mailed check,DSL,No,Yes,No,163.7,1,1,5.0,64.44,2122.92,0,1922.47
CUST_11758,54,Male,0,Yes,Yes,28,Month-to-month,Yes,Electronic check,Fiber optic,No,No,Yes,413.3,3,2,3.0,101.92,2910.85,0,3203.46
CUST_11759,63,Male,0,No,No,50,Two year,Yes,Credit card (automatic),DSL,Yes,Yes,Yes,114.9,2,0,4.0,95.17,4770.12,0,2802.22
CUST_11760,59,Male,0,No,No,7,Month-to-month,No,Credit card (automatic),No,No internet service,No internet service,No internet service,14.2,3,1,3.0,21.64,153.55,1,526.6
CUST_11761,63,Female,0,Yes,Yes,55,Two year,No,Bank transfer (automatic),DSL,No,Yes,No,103.2,0,0,5.0,62.95,3457.28,1,999.34
CUST_11762,52,Female,0,Yes,No,12,One year,Yes,Mailed check,Fiber optic,No,No,Yes,101.9,0,1,5.0,98.22,1196.28,0,2421.1
CUST_11763,43,Female,0,Yes,Yes,34,Month-to-month,Yes,Electronic check,DSL,No,No,No,152.8,0,0,5.0,46.94,1602.51,0,1583.62
CUST_11764,21,Male,0,Yes,Yes,41,One year,No,Credit card (automatic),DSL,No,No,No,120.2,2,1,3.0,42.27,1725.58,0,1870.7
CUST_11765,39,Male,0,Yes,Yes,41,One year,Yes,Mailed check,Fiber optic,Yes,No,Yes,423.3,0,0,5.0,107.71,4407.43,0,3549.48
CUST_11766,31,Male,0,Yes,No,58,Two year,Yes,Electronic check,Fiber optic,Yes,No,No,461.1,0,1,5.0,85.84,4924.87,0,3088.67
CUST_11767,70,Female,1,Yes,Yes,32,One year,Yes,Credit card (automatic),DSL,No,No,No,164.1,1,0,5.0,49.71,1584.05,0,1798.7
CUST_11768,40,Female,0,No,No,25,Month-to-month,No,Credit card (automatic),DSL,No,No,Yes,126.4,0,0,3.0,66.95,1698.24,0,2057.84
CUST_11769,44,Male,0,No,No,59,Two year,Yes,Bank transfer (automatic),DSL,Yes,Yes,Yes,125.9,2,0,4.0,101.49,6009.1,0,3321.86
CUST_11770,49,Male,0,No,No,40,One year,No,Electronic check,Fiber optic,Yes,No,No,487.1,2,3,3.0,89.34,3565.49,0,2916.27
CUST_11771,43,Female,0,Yes,Yes,3,Month-to-month,Yes,Electronic check,Fiber optic,No,No,No,337.3,5,2,2.0,78.78,253.11,1,818.88
CUST_11772,64,Female,0,No,No,52,Month-to-month,No,Mailed check,DSL,Yes,No,No,175.3,1,0,4.0,57.79,2977.17,0,2448.07
CUST_11773,34,Male,0,No,No,4,One year,No,Bank transfer (automatic),DSL,Yes,No,Yes,165.6,1,0,4.0,84.1,332.81,0,2440.45
CUST_11774,45,Male,0,Yes,Yes,22,Two year,Yes,Bank transfer (automatic),Fiber optic,Yes,Yes,No,284.7,0,0,5.0,105.55,2308.81,0,2896.4
CUST_11775,32,Female,0,Yes,Yes,43,One year,Yes,Credit card (automatic),Fiber optic,Yes,Yes,No,266.3,1,0,4.0,110.37,4725.95,0,3415.57
CUST_11776,25,Female,0,No,No,24,Month-to-month,No,Mailed check,DSL,No,No,Yes,73.2,3,1,3.0,74.4,1835.58,0,2367.89
CUST_11777,34,Male,0,Yes,Yes,11,Month-to-month,Yes,Bank transfer (automatic),DSL,No,Yes,Yes,157.5,1,0,5.0,79.44,900.75,0,2398.2
CUST_11778,42,Male,0,Yes,Yes,27,Month-to-month,Yes,Credit card (automatic),Fiber optic,Yes,Yes,No,21.6,2,0,4.0,109.59,2946.56,1,1385.15
CUST_11779,36,Female,0,No,No,52,One year,Yes,Bank transfer (automatic),Fiber optic,Yes,Yes,No,24.1,1,1,5.0,103.24,5369.74,0,3474.29
CUST_11780,33,Female,0,No,No,14,Month-to-month,No,Credit card (automatic),DSL,Yes,Yes,No,135.8,1,0,5.0,74.13,968.9,0,2206.67
CUST_11781,24,Male,0,Yes,Yes,21,Two year,Yes,Credit card (automatic),DSL,No,Yes,Yes,56.8,2,1,5.0,91.59,1952.69,0,2886.44
CUST_11782,41,Female,0,No,No,68,Month-to-month,Yes,Electronic check,No,No internet service,No internet service,No internet service,9.5,1,1,4.0,20.05,1369.29,0,1364.93
CUST_11783,22,Female,0,No,No,67,Two year,No,Credit card (automatic),Fiber optic,No,No,No,372.1,1,0,5.0,76.83,5151.53,0,2958.53
CUST_11784,52,Male,0,Yes,No,5,Month-to-month,No,Electronic check,Fiber optic,No,Yes,No,164.3,2,1,4.0,98.49,523.73,1,963.55
CUST_11785,43,Female,0,No,No,46,One year,Yes,Credit card (automatic),DSL,No,No,No,63.6,0,0,4.0,41.15,1917.11,0,1494.2
CUST_11786,23,Male,0,Yes,No,55,One year,Yes,Bank transfer (automatic),Fiber optic,No,Yes,No,544.0,1,0,4.0,94.86,5252.61,0,3288.12
CUST_11787,38,Female,0,Yes,No,24,One year,No,Bank transfer (automatic),Fiber optic,No,No,Yes,398.3,0,0,5.0,96.18,2265.26,0,2643.31
CUST_11788,32,Male,0,No,No,39,Two year,No,Electronic check,DSL,No,No,No,159.2,1,2,4.0,46.18,1812.26,0,2061.48
CUST_11789,46,Female,0,Yes,Yes,65,One year,Yes,Electronic check,DSL,No,Yes,Yes,95.0,0,0,5.0,86.82,5644.4,0,2896.22
CUST_11790,59,Female,0,Yes,Yes,52,One year,Yes,Electronic check,DSL,No,Yes,Yes,192.3,2,0,5.0,76.77,3969.08,0,2895.99
CUST_11791,18,Female,0,Yes,No,42,Two year,Yes,Credit card (automatic),Fiber optic,No,No,No,5.0,0,0,5.0,86.05,3637.99,0,2550.43
CUST_11792,43,Male,0,No,No,20,One year,No,Mailed check,Fiber optic,No,Yes,Yes,152.6,1,1,5.0,117.41,2350.54,0,3147.04
CUST_11793,40,Male,0,No,No,29,One year,No,Mailed check,Fiber optic,No,No,No,138.8,2,0,4.0,81.12,2377.43,0,2322.68
CUST_11794,51,Female,0,Yes,No,48,One year,Yes,Credit card (automatic),Fiber optic,No,No,No,237.6,0,0,5.0,74.26,3572.01,0,2463.27
CUST_11795,45,Male,0,No,No,25,One year,Yes,Electronic check,Fiber optic,No,No,Yes,494.3,1,2,4.0,94.37,2351.55,0,2833.58
CUST_11796,32,Male,0,Yes,Yes,18,Month-to-month,Yes,Bank transfer (automatic),DSL,No,Yes,Yes,202.4,4,0,4.0,85.41,1516.78,0,2497.75
CUST_11797,38,Male,0,No,No,51,One year,No,Mailed check,DSL,No,No,Yes,126.0,1,0,5.0,67.3,3433.63,0,2318.66
CUST_11798,32,Female,0,Yes,Yes,58,One year,No,Electronic check,DSL,Yes,Yes,No,143.5,1,2,4.0,73.13,4234.61,0,2955.62
CUST_11799,56,Male,0,No,No,33,Month-to-month,Yes,Credit card (automatic),DSL,No,Yes,No,18.8,1,0,5.0,68.97,2214.84,0,2059.04
CUST_11800,42,Female,0,No,No,14,Month-to-month,Yes,Bank transfer (automatic),No,No internet service,No internet service,No internet service,17.7,1,0,5.0,18.97,241.62,1,227.14
CUST_11801,67,Female,1,No,No,54,Month-to-month,No,Electronic check,DSL,No,Yes,No,92.1,1,2,4.0,65.18,3493.84,0,2476.86
CUST_11802,41,Male,0,Yes,No,36,One year,Yes,Mailed check,Fiber optic,No,Yes,No,217.4,1,0,4.0,93.83,3387.82,0,2865.21
CUST_11803,33,Male,0,No,No,12,One year,Yes,Credit card (automatic),No,No internet service,No internet service,No internet service,12.7,0,1,5.0,26.68,302.71,0,959.28
CUST_11804,22,Female,0,Yes,No,67,Two year,No,Electronic check,DSL,No,Yes,Yes,112.8,0,0,5.0,79.19,5303.96,0,2800.04
CUST_11805,19,Female,0,No,No,46,Month-to-month,Yes,Mailed check,Fiber optic,No,No,Yes,507.6,4,0,3.0,97.48,4480.44,0,3355.89
CUST_11806,21,Male,0,Yes,Yes,13,Month-to-month,No,Credit card (automatic),DSL,No,No,Yes,53.4,1,1,5.0,65.43,844.18,0,1524.38
CUST_11807,45,Male,0,Yes,No,12,One year,No,Credit card (automatic),DSL,No,Yes,No,76.4,1,0,5.0,71.72,824.66,0,1840.53
CUST_11808,49,Female,0,Yes,Yes,17,Month-to-month,No,Bank transfer (automatic),Fiber optic,Yes,No,No,497.6,1,0,4.0,77.38,1298.24,0,2478.45
CUST_11809,21,Male,0,Yes,Yes,43,Month-to-month,Yes,Electronic check,DSL,No,Yes,Yes,67.5,1,1,5.0,87.14,3771.48,0,2642.23
CUST_11810,54,Female,0,No,No,18,One year,Yes,Mailed check,DSL,No,No,No,41.3,0,0,4.0,50.53,939.23,0,1518.35
CUST_11811,36,Female,0,No,No,47,One year,Yes,Bank transfer (automatic),DSL,No,Yes,No,218.9,0,0,5.0,63.85,2992.62,0,2312.57
CUST_11812,44,Male,0,No,No,38,Two year,Yes,Electronic check,Fiber optic,No,No,No,212.2,0,2,5.0,74.37,2799.8,0,2474.03
CUST_11813,63,Female,0,No,No,13,Two year,No,Bank transfer (automatic),DSL,No,No,No,113.0,2,1,3.0,44.67,558.9,0,1414.9
CUST_11814,54,Female,0,No,No,22,One year,Yes,Bank transfer (automatic),DSL,Yes,Yes,No,110.6,1,1,5.0,76.56,1693.91,0,2162.44
CUST_11815,39,Male,0,Yes,No,20,Month-to-month,No,Credit card (automatic),DSL,Yes,No,Yes,178.1,3,0,4.0,82.25,1665.35,0,2340.62
CUST_11816,30,Male,0,Yes,No,25,One year,Yes,Electronic check,Fiber optic,Yes,Yes,Yes,359.7,1,0,5.0,123.08,3056.36,0,3422.28
CUST_11817,18,Female,0,Yes,Yes,11,Month-to-month,Yes,Electronic check,Fiber optic,Yes,No,Yes,388.8,2,0,4.0,112.52,1265.06,1,1671.97
CUST_11818,33,Male,0,Yes,Yes,15,One year,Yes,Mailed check,DSL,Yes,No,No,151.1,1,0,5.0,61.59,916.68,0,1450.34
CUST_11819,39,Male,0,Yes,Yes,12,Two year,No,Bank transfer (automatic),No,No internet service,No internet service,No internet service,19.4,2,0,4.0,22.36,254.68,1,554.15
CUST_11820,29,Female,0,Yes,Yes,34,One year,No,Bank transfer (automatic),Fiber optic,No,No,No,464.5,1,1,5.0,80.62,2705.11,0,2727.11
CUST_11821,40,Male,0,Yes,No,28,One year,Yes,Electronic check,Fiber optic,Yes,No,Yes,517.6,2,0,4.0,106.74,2980.22,0,3653.8
CUST_11822,43,Female,0,Yes,Yes,56,Month-to-month,No,Electronic check,DSL,No,No,No,91.4,3,1,3.0,46.43,2595.71,0,2125.94
CUST_11823,39,Female,0,No,No,55,Two year,Yes,Bank transfer (automatic),DSL,Yes,Yes,No,79.8,2,0,5.0,69.22,3795.55,0,2686.59
CUST_11824,34,Male,0,Yes,No,33,One year,Yes,Credit card (automatic),No,No internet service,No internet service,No internet service,12.5,1,1,4.0,22.1,765.61,0,799.19
CUST_11825,44,Male,0,No,No,43,One year,Yes,Credit card (automatic),No,No internet service,No internet service,No internet service,11.0,2,1,4.0,18.5,795.69,0,824.98
CUST_11826,48,Female,0,No,No,50,One year,Yes,Bank transfer (automatic),Fiber optic,No,Yes,No,447.6,1,0,5.0,89.5,4461.45,0,3267.55
CUST_11827,28,Female,0,No,No,9,Month-to-month,No,Credit card (automatic),Fiber optic,No,Yes,No,97.4,1,0,5.0,90.92,829.55,0,2338.29
CUST_11828,60,Female,0,Yes,No,32,Month-to-month,Yes,Mailed check,DSL,Yes,No,Yes,174.7,3,2,3.0,82.66,2672.75,0,2646.62
CUST_11829,41,Female,0,Yes,No,35,One year,No,Mailed check,No,No internet service,No internet service,No internet service,17.5,0,2,4.0,18.5,645.17,0,910.65
CUST_11830,42,Female,0,Yes,Yes,53,Month-to-month,Yes,Electronic check,Fiber optic,Yes,No,Yes,145.6,1,1,4.0,106.91,5665.69,0,3231.67
CUST_11831,51,Female,0,Yes,No,28,Two year,No,Credit card (automatic),DSL,Yes,Yes,Yes,121.5,0,1,4.0,98.61,2744.77,0,2944.57
CUST_11832,45,Male,0,Yes,No,54,Two year,Yes,Bank transfer (automatic),Fiber optic,Yes,No,No,390.9,6,0,3.0,90.91,4941.43,0,3069.96
CUST_11833,54,Female,0,No,No,14,Month-to-month,Yes,Mailed check,DSL,Yes,Yes,No,157.4,1,0,4.0,67.31,942.55,0,1944.31
CUST_11834,46,Female,0,No,No,66,One year,No,Electronic check,DSL,No,Yes,No,117.8,0,1,5.0,62.09,4074.16,0,2214.7
CUST_11835,34,Male,0,No,No,44,One year,Yes,Mailed check,Fiber optic,No,No,Yes,349.9,1,1,3.0,101.21,4453.07,1,1735.66
CUST_11836,47,Male,0,Yes,No,55,Month-to-month,No,Electronic check,Fiber optic,Yes,No,No,334.8,3,3,3.0,92.07,5079.96,0,3417.64
CUST_11837,27,Female,0,Yes,Yes,4,Month-to-month,Yes,Electronic check,Fiber optic,Yes,No,Yes,489.1,5,4,2.0,110.29,485.98,1,1118.24
CUST_11838,43,Female,0,No,No,44,One year,No,Credit card (automatic),Fiber optic,No,Yes,No,581.2,1,0,5.0,100.83,4391.16,0,3554.85
CUST_11839,42,Male,0,Yes,No,61,Two year,Yes,Electronic check,DSL,Yes,Yes,No,132.6,0,1,5.0,75.34,4588.7,0,2572.46
CUST_11840,39,Female,0,No,No,16,Two year,No,Mailed check,DSL,No,No,No,95.3,1,1,4.0,51.97,825.23,0,1689.51
CUST_11841,40,Female,0,No,No,42,Two year,Yes,Electronic check,Fiber optic,No,No,Yes,396.8,0,4,4.0,98.21,4074.66,0,3210.41
CUST_11842,18,Male,0,Yes,Yes,31,One year,No,Credit card (automatic),DSL,Yes,No,Yes,199.0,1,0,4.0,85.62,2665.69,0,2770.65
CUST_11843,35,Female,0,Yes,No,28,Two year,Yes,Bank transfer (automatic),Fiber optic,Yes,No,No,351.1,1,0,5.0,89.55,2505.09,0,2683.96
CUST_11844,43,Female,0,Yes,Yes,31,One year,Yes,Electronic check,Fiber optic,Yes,No,No,263.6,1,1,5.0,95.01,2928.36,0,2898.7
CUST_11845,44,Female,0,Yes,No,6,Month-to-month,Yes,Credit card (automatic),No,No internet service,No internet service,No internet service,23.4,0,0,5.0,18.5,101.81,0,476.54
CUST_11846,29,Female,0,Yes,Yes,42,Two year,No,Credit card (automatic),DSL,No,No,Yes,129.8,1,1,4.0,70.61,2984.99,0,2373.07
CUST_11847,58,Female,0,Yes,Yes,15,Two year,No,Credit card (automatic),DSL,No,Yes,Yes,124.3,0,0,5.0,83.52,1174.27,0,2342.71
CUST_11848,31,Male,0,Yes,Yes,47,Month-to-month,Yes,Electronic check,No,No internet service,No internet service,No internet service,7.2,4,2,3.0,19.81,964.91,1,1059.17
CUST_11849,55,Female,0,No,No,52,One year,No,Mailed check,DSL,No,No,No,124.9,0,0,4.0,48.49,2510.76,0,2082.82
CUST_11850,48,Female,0,No,No,22,Month-to-month,Yes,Credit card (automatic),Fiber optic,No,No,No,457.1,5,0,3.0,69.85,1488.12,0,2377.16
CUST_11851,34,Female,0,Yes,Yes,46,Month-to-month,No,Credit card (automatic),DSL,No,No,Yes,99.1,1,1,5.0,75.09,3452.64,0,2693.9
CUST_11852,65,Male,1,No,No,68,One year,Yes,Credit card (automatic),Fiber optic,Yes,Yes,No,321.7,0,0,5.0,98.68,6733.87,0,3556.32
CUST_11853,26,Male,0,No,No,35,Month-to-month,Yes,Bank transfer (automatic),Fiber optic,No,Yes,Yes,355.1,1,1,4.0,119.9,4195.69,0,3807.99
CUST_11854,54,Female,0,No,No,28,Two year,Yes,Bank transfer (automatic),No,No internet service,No internet service,No internet service,15.4,0,0,5.0,22.61,642.73,0,971.27
CUST_11855,55,Male,0,No,No,19,Two year,No,Credit card (automatic),DSL,Yes,No,Yes,128.6,1,0,5.0,85.86,1653.82,0,2321.79
CUST_11856,33,Female,0,Yes,No,35,Two year,Yes,Electronic check,Fiber optic,No,No,No,564.3,0,2,4.0,75.27,2662.66,0,2849.36
CUST_11857,60,Female,0,Yes,Yes,6,Month-to-month,Yes,Bank transfer (automatic),Fiber optic,Yes,No,No,292.1,0,0,5.0,89.04,575.78,0,2413.77
CUST_11858,39,Female,0,No,No,37,Month-to-month,No,Credit card (automatic),Fiber optic,No,No,Yes,269.3,1,1,4.0,103.16,3831.2,1,1350.36
CUST_11859,46,Female,0,No,No,27,Month-to-month,Yes,Electronic check,DSL,No,No,No,85.9,3,1,5.0,41.88,1097.31,0,1322.76
CUST_11860,45,Female,0,No,No,14,Two year,Yes,Electronic check,DSL,Yes,No,No,106.5,1,3,4.0,56.0,817.62,0,1472.0
CUST_11861,40,Male,0,No,No,7,Month-to-month,No,Electronic check,DSL,No,No,Yes,74.4,3,2,4.0,63.08,490.58,1,595.26
CUST_11862,53,Female,0,No,No,17,One year,No,Credit card (automatic),DSL,Yes,No,Yes,110.7,1,0,5.0,86.01,1445.76,0,2612.91
CUST_11863,52,Male,0,Yes,No,10,Month-to-month,No,Credit card (automatic),Fiber optic,No,No,Yes,448.8,4,0,4.0,99.09,989.32,0,2834.36
CUST_11864,19,Female,0,Yes,Yes,50,Month-to-month,Yes,Bank transfer (automatic),DSL,No,Yes,No,162.4,3,0,4.0,66.44,3306.04,0,2484.4
CUST_11865,59,Female,0,Yes,No,2,Month-to-month,Yes,Credit card (automatic),Fiber optic,No,No,Yes,221.2,2,1,4.0,102.9,223.48,1,1132.03
CUST_11866,20,Female,0,No,No,4,Month-to-month,No,Mailed check,Fiber optic,Yes,No,No,304.5,1,0,5.0,94.68,342.85,0,2644.2
CUST_11867,55,Male,0,No,No,54,Month-to-month,Yes,Credit card (automatic),DSL,No,No,No,142.5,0,0,5.0,46.14,2463.54,0,1918.25
CUST_11868,57,Female,0,No,No,16,Month-to-month,Yes,Electronic check,DSL,Yes,No,No,94.7,2,0,4.0,55.05,876.2,1,663.43
CUST_11869,28,Male,0,No,No,57,One year,Yes,Bank transfer (automatic),DSL,Yes,Yes,No,159.9,1,0,4.0,75.91,4339.36,0,2790.26
CUST_11870,37,Female,0,No,No,6,Month-to-month,No,Electronic check,Fiber optic,Yes,No,No,328.6,5,2,2.0,89.14,532.91,1,1118.52
CUST_11871,28,Female,0,No,No,60,One year,Yes,Electronic check,Fiber optic,No,No,Yes,149.6,2,2,2.0,103.61,6215.27,0,3559.6
CUST_11872,39,Female,0,No,No,32,Two year,No,Electronic check,Fiber optic,Yes,No,Yes,395.5,0,3,5.0,112.69,3621.82,0,3372.77
CUST_11873,38,Female,0,Yes,No,47,One year,Yes,Mailed check,No,No internet service,No internet service,No internet service,19.1,2,0,4.0,23.61,1136.19,1,930.67
CUST_11874,52,Female,0,No,No,23,Month-to-month,No,Credit card (automatic),DSL,No,Yes,No,83.4,1,0,5.0,67.68,1561.12,0,2177.33
CUST_11875,59,Female,0,No,No,10,Month-to-month,Yes,Mailed check,Fiber optic,Yes,Yes,Yes,286.9,3,2,3.0,121.18,1249.89,1,1188.13
CUST_11876,60,Male,0,Yes,Yes,29,One year,Yes,Electronic check,Fiber optic,No,No,Yes,274.4,1,4,3.0,92.31,2621.67,0,2819.15
CUST_11877,35,Female,0,Yes,Yes,50,Two year,No,Credit card (automatic),DSL,No,No,No,133.0,1,0,5.0,42.58,2118.4,0,1735.13
CUST_11878,39,Male,0,No,No,15,Two year,No,Electronic check,No,No internet service,No internet service,No internet service,10.7,1,0,4.0,18.5,219.44,0,742.89
CUST_11879,20,Female,0,Yes,No,3,One year,Yes,Credit card (automatic),No,No internet service,No internet service,No internet service,14.1,0,0,5.0,19.21,64.76,0,464.12
CUST_11880,32,Male,0,Yes,Yes,27,Month-to-month,Yes,Credit card (automatic),DSL,No,No,Yes,75.4,1,0,5.0,66.17,1798.53,0,2216.41
CUST_11881,55,Male,0,Yes,No,15,Month-to-month,No,Mailed check,DSL,No,Yes,No,111.0,3,1,3.0,65.55,963.74,1,753.21
CUST_11882,63,Female,0,No,No,43,Two year,Yes,Electronic check,Fiber optic,No,No,No,343.5,0,1,5.0,79.82,3418.17,0,2609.85
CUST_11883,26,Female,0,No,No,41,One year,No,Bank transfer (automatic),Fiber optic,No,Yes,Yes,289.9,0,2,5.0,114.75,4665.07,0,3332.72
CUST_11884,34,Male,0,Yes,No,8,One year,No,Credit card (automatic),Fiber optic,No,Yes,Yes,136.5,1,0,5.0,116.36,950.85,0,2922.38
CUST_11885,42,Male,0,Yes,Yes,56,Two year,No,Mailed check,DSL,No,No,Yes,201.7,0,0,5.0,72.84,4040.73,0,2514.76
CUST_11886,46,Female,0,No,No,44,One year,Yes,Electronic check,DSL,No,Yes,Yes,136.0,0,2,5.0,82.75,3681.7,0,2690.01
CUST_11887,31,Female,0,No,No,45,One year,Yes,Credit card (automatic),DSL,Yes,Yes,No,93.7,1,0,5.0,77.85,3486.75,0,2381.76
CUST_11888,48,Male,0,No,No,41,Two year,Yes,Mailed check,Fiber optic,No,No,No,393.0,0,0,5.0,70.86,2906.57,0,2472.53
CUST_11889,36,Female,0,Yes,Yes,42,Month-to-month,Yes,Electronic check,Fiber optic,No,No,No,447.3,5,0,3.0,76.48,3243.28,1,1665.16
CUST_11890,42,Male,0,Yes,Yes,57,One year,Yes,Credit card (automatic),Fiber optic,No,No,No,407.7,1,1,4.0,81.39,4637.09,0,3095.88
CUST_11891,49,Female,0,Yes,No,62,One year,Yes,Credit card (automatic),Fiber optic,No,Yes,Yes,437.1,1,2,4.0,110.53,6850.3,0,3758.85
CUST_11892,42,Female,0,No,No,39,Month-to-month,Yes,Mailed check,DSL,No,No,No,163.5,2,0,4.0,43.4,1715.24,0,1555.55
CUST_11893,36,Male,0,Yes,No,42,Two year,Yes,Electronic check,DSL,No,No,Yes,85.9,3,2,3.0,67.45,2806.96,0,2339.0
CUST_11894,41,Male,0,Yes,Yes,27,One year,Yes,Bank transfer (automatic),Fiber optic,No,Yes,No,310.5,0,0,5.0,92.88,2495.27,0,2467.83
CUST_11895,41,Female,0,Yes,Yes,7,One year,No,Electronic check,Fiber optic,Yes,No,Yes,359.7,0,1,5.0,111.41,790.31,0,3334.43
CUST_11896,37,Female,0,Yes,No,44,Two year,No,Electronic check,No,No internet service,No internet service,No internet service,17.1,0,1,5.0,22.44,984.19,0,977.43
CUST_11897,39,Male,0,No,No,41,One year,No,Credit card (automatic),DSL,No,No,Yes,133.1,1,0,5.0,75.19,3043.99,0,2446.88
CUST_11898,63,Male,0,Yes,Yes,37,Two year,Yes,Credit card (automatic),DSL,No,No,No,31.3,0,0,5.0,48.67,1773.87,0,1884.35
CUST_11899,49,Female,0,No,No,57,One year,No,Mailed check,No,No internet service,No internet service,No internet service,29.9,0,0,5.0,23.62,1392.78,0,1109.98
CUST_11900,38,Male,0,No,No,2,Month-to-month,Yes,Bank transfer (automatic),DSL,No,No,Yes,190.1,2,0,4.0,69.66,139.96,0,1778.57
CUST_11901,51,Male,0,Yes,Yes,51,Two year,No,Electronic check,DSL,Yes,No,No,96.7,2,1,4.0,57.62,2943.41,0,2039.49
CUST_11902,38,Male,0,No,No,9,Month-to-month,Yes,Mailed check,Fiber optic,Yes,No,No,432.5,2,0,4.0,94.5,864.14,0,2846.79
CUST_11903,57,Male,0,No,No,44,Two year,No,Electronic check,Fiber optic,No,No,Yes,264.3,2,0,4.0,98.97,4390.42,0,3136.37
CUST_11904,47,Female,0,No,No,3,Month-to-month,Yes,Electronic check,Fiber optic,No,No,Yes,224.9,8,2,1.0,94.97,254.55,1,1155.83
CUST_11905,41,Male,0,Yes,No,42,Two year,Yes,Bank transfer (automatic),DSL,No,No,No,82.7,1,1,5.0,51.37,2155.25,0,1666.27
CUST_11906,48,Male,0,Yes,Yes,70,Two year,Yes,Credit card (automatic),No,No internet service,No internet service,No internet service,12.5,1,0,4.0,23.45,1631.43,0,1458.56
CUST_11907,22,Female,0,Yes,Yes,22,One year,Yes,Mailed check,Fiber optic,Yes,No,No,405.3,1,0,4.0,92.09,2037.62,1,1419.14
CUST_11908,27,Female,0,No,No,27,Month-to-month,Yes,Mailed check,DSL,No,Yes,No,141.1,2,0,4.0,63.35,1682.19,0,1840.65
CUST_11909,26,Female,0,No,No,46,Two year,No,Electronic check,DSL,No,No,No,111.1,0,0,5.0,47.3,2195.51,0,1844.51
CUST_11910,44,Male,0,No,No,39,Two year,No,Bank transfer (automatic),No,No internet service,No internet service,No internet service,6.6,0,0,5.0,18.5,717.09,0,1060.48
CUST_11911,65,Female,1,Yes,Yes,15,One year,Yes,Mailed check,DSL,No,Yes,No,138.6,1,2,4.0,67.74,1018.03,0,2045.55
CUST_11912,71,Male,1,Yes,No,36,One year,No,Electronic check,Fiber optic,No,No,Yes,520.8,1,4,3.0,97.34,3518.05,0,3174.8
CUST_11913,50,Male,0,No,No,31,Month-to-month,Yes,Electronic check,DSL,No,Yes,Yes,110.8,3,0,4.0,79.1,2431.66,1,970.86
CUST_11914,49,Male,0,No,No,47,Month-to-month,Yes,Electronic check,DSL,Yes,No,Yes,117.2,3,0,4.0,85.35,4044.06,0,2502.13
CUST_11915,19,Male,0,No,No,53,Month-to-month,No,Mailed check,DSL,No,No,No,208.0,2,0,3.0,47.47,2568.79,0,2041.37
CUST_11916,35,Male,0,Yes,Yes,47,Month-to-month,No,Electronic check,Fiber optic,No,No,No,457.0,2,0,5.0,80.98,3833.16,0,2967.86
CUST_11917,32,Female,0,Yes,No,16,Two year,No,Credit card (automatic),DSL,Yes,Yes,Yes,80.6,1,0,4.0,97.23,1602.45,0,2601.5
CUST_11918,34,Male,0,Yes,Yes,15,Two year,Yes,Credit card (automatic),No,No internet service,No internet service,No internet service,9.2,3,0,5.0,21.91,330.18,1,472.86
CUST_11919,40,Female,0,Yes,No,17,Two year,No,Electronic check,DSL,No,Yes,No,68.4,0,1,4.0,60.22,1037.49,0,1595.91
CUST_11920,36,Male,0,Yes,Yes,23,Two year,No,Mailed check,Fiber optic,No,No,No,396.5,0,1,4.0,82.69,1887.62,0,2204.61
CUST_11921,18,Female,0,Yes,Yes,17,Month-to-month,Yes,Mailed check,DSL,No,No,No,187.3,6,0,2.0,43.3,751.46,1,789.05
CUST_11922,52,Male,0,Yes,Yes,13,One year,No,Credit card (automatic),Fiber optic,No,No,Yes,420.1,2,0,5.0,92.98,1238.58,0,2966.33
CUST_11923,28,Male,0,Yes,No,22,Two year,Yes,Electronic check,No,No internet service,No internet service,No internet service,10.0,0,0,5.0,18.5,375.26,0,415.43
CUST_11924,45,Male,0,Yes,Yes,42,Two year,Yes,Bank transfer (automatic),DSL,Yes,No,No,155.9,1,0,4.0,58.71,2447.81,0,1956.6
CUST_11925,69,Female,1,No,No,4,Month-to-month,No,Mailed check,Fiber optic,No,No,No,252.6,3,0,3.0,82.15,334.26,1,1123.54
CUST_11926,30,Female,0,Yes,Yes,39,One year,Yes,Mailed check,DSL,Yes,No,Yes,224.9,1,1,5.0,79.79,3150.14,0,3067.2
CUST_11927,18,Male,0,No,No,46,Month-to-month,Yes,Electronic check,Fiber optic,Yes,No,No,281.5,2,0,3.0,88.28,4065.63,1,1441.01
CUST_11928,38,Female,0,No,No,36,One year,Yes,Electronic check,Fiber optic,No,Yes,Yes,219.2,1,3,3.0,115.37,4117.7,0,3262.19
CUST_11929,56,Male,0,No,No,28,Month-to-month,Yes,Electronic check,DSL,Yes,No,No,132.8,3,3,3.0,54.74,1516.78,0,1932.67
CUST_11930,67,Female,1,No,No,59,Two year,Yes,Electronic check,DSL,Yes,No,No,157.4,1,3,4.0,67.31,3949.74,0,2163.03
CUST_11931,26,Male,0,Yes,No,52,Two year,Yes,Electronic check,DSL,Yes,No,Yes,135.3,4,2,2.0,80.24,4177.37,0,2688.37
CUST_11932,48,Female,0,No,No,2,Month-to-month,Yes,Bank transfer (automatic),DSL,No,No,No,133.7,3,2,2.0,50.54,96.53,1,763.67
CUST_11933,36,Male,0,No,No,29,One year,Yes,Bank transfer (automatic),DSL,Yes,Yes,No,148.4,1,0,4.0,76.2,2178.1,0,2267.71
CUST_11934,41,Male,0,No,No,47,Two year,Yes,Mailed check,DSL,No,No,Yes,123.6,1,0,5.0,63.95,3004.53,0,2417.3
CUST_11935,76,Female,1,Yes,Yes,11,Month-to-month,No,Electronic check,DSL,No,No,Yes,137.0,3,0,4.0,70.13,774.45,1,846.83
CUST_11936,22,Female,0,Yes,Yes,45,Two year,No,Electronic check,No,No internet service,No internet service,No internet service,19.2,1,0,4.0,18.5,826.73,0,1107.56
CUST_11937,45,Female,0,Yes,No,32,Month-to-month,No,Credit card (automatic),DSL,Yes,No,Yes,68.6,2,0,4.0,83.44,2702.06,0,2301.47
CUST_11938,48,Male,0,No,No,33,One year,Yes,Electronic check,DSL,Yes,No,No,109.6,0,1,5.0,64.82,2138.25,0,2020.28
CUST_11939,56,Male,0,No,No,42,Month-to-month,Yes,Credit card (automatic),DSL,Yes,Yes,No,150.2,3,0,3.0,79.21,3354.94,0,2601.1
CUST_11940,43,Male,0,Yes,No,36,Two year,No,Credit card (automatic),No,No internet service,No internet service,No internet service,7.0,1,0,4.0,22.15,839.54,0,1124.27
CUST_11941,46,Male,0,No,No,56,Month-to-month,Yes,Electronic check,Fiber optic,Yes,No,Yes,392.8,2,2,3.0,109.71,6134.75,0,3660.08
CUST_11942,37,Female,0,No,No,42,One year,No,Credit card (automatic),DSL,No,Yes,No,99.7,1,0,5.0,60.94,2557.31,0,1919.32
CUST_11943,45,Female,0,Yes,Yes,48,One year,Yes,Bank transfer (automatic),Fiber optic,Yes,Yes,No,319.4,0,1,5.0,107.89,5182.53,0,3534.96
CUST_11944,38,Female,0,No,No,1,Month-to-month,Yes,Bank transfer (automatic),Fiber optic,No,No,Yes,353.7,4,1,3.0,97.25,143.71,1,928.5
CUST_11945,50,Female,0,No,No,52,Two year,Yes,Credit card (automatic),No,No internet service,No internet service,No internet service,6.7,1,0,4.0,20.12,1022.7,0,1164.15
CUST_11946,37,Male,0,Yes,Yes,56,Month-to-month,Yes,Mailed check,No,No internet service,No internet service,No internet service,12.0,4,0,3.0,21.17,1150.82,0,1241.81
CUST_11947,47,Male,0,No,No,42,Month-to-month,Yes,Bank transfer (automatic),DSL,No,No,No,175.2,1,0,5.0,42.66,1805.65,0,1762.7
CUST_11948,42,Female,0,Yes,Yes,54,Two year,Yes,Bank transfer (automatic),Fiber optic,No,No,Yes,109.7,0,0,5.0,98.92,5362.29,0,3115.36
CUST_11949,57,Male,0,No,No,17,One year,No,Bank transfer (automatic),Fiber optic,Yes,No,No,547.5,1,0,5.0,91.57,1533.28,0,3027.19
CUST_11950,41,Male,0,No,No,39,Two year,No,Bank transfer (automatic),No,No internet service,No internet service,No internet service,12.0,0,0,5.0,18.5,700.68,0,1075.13
CUST_11951,19,Female,0,No,No,38,Two year,No,Electronic check,DSL,Yes,Yes,Yes,95.5,1,1,4.0,102.73,3885.31,0,3177.14
CUST_11952,58,Female,0,Yes,No,45,Two year,No,Electronic check,DSL,No,Yes,Yes,124.1,0,0,5.0,81.2,3676.99,0,2858.68
CUST_11953,30,Female,0,Yes,No,7,Month-to-month,No,Credit card (automatic),Fiber optic,No,No,No,526.5,1,0,5.0,83.45,633.87,0,2573.62
CUST_11954,34,Male,0,Yes,Yes,21,One year,Yes,Electronic check,DSL,Yes,No,Yes,63.6,2,0,3.0,88.63,1916.59,0,2500.52
CUST_11955,34,Male,0,No,No,27,Two year,No,Mailed check,Fiber optic,No,No,Yes,284.9,2,0,4.0,104.35,2820.59,0,3461.56
CUST_11956,60,Male,0,Yes,Yes,46,Month-to-month,Yes,Mailed check,DSL,Yes,No,No,150.9,1,0,5.0,64.71,2928.15,0,2134.88
CUST_11957,18,Female,0,No,No,32,Month-to-month,No,Electronic check,No,No internet service,No internet service,No internet service,19.1,4,2,3.0,18.5,566.52,0,799.22
CUST_11958,80,Female,1,Yes,Yes,8,Month-to-month,Yes,Electronic check,Fiber optic,No,Yes,No,571.3,2,0,5.0,87.75,696.61,0,2827.29
CUST_11959,56,Male,0,Yes,No,44,One year,No,Electronic check,Fiber optic,No,Yes,Yes,217.0,0,1,5.0,115.87,5101.86,0,3617.88
CUST_11960,45,Male,0,Yes,No,31,One year,Yes,Mailed check,DSL,No,No,No,70.5,1,0,5.0,45.28,1421.5,0,1470.82
CUST_11961,41,Male,0,No,No,54,One year,Yes,Credit card (automatic),No,No internet service,No internet service,No internet service,19.4,1,3,4.0,19.05,1052.44,0,1274.17
CUST_11962,46,Male,0,No,No,23,Month-to-month,No,Mailed check,DSL,No,Yes,No,92.3,0,0,5.0,59.56,1398.33,1,868.85
CUST_11963,49,Female,0,Yes,Yes,7,Month-to-month,No,Bank transfer (automatic),DSL,Yes,Yes,No,138.7,2,0,4.0,72.32,469.24,0,2093.81
CUST_11964,50,Male,0,Yes,No,56,Two year,No,Mailed check,No,No internet service,No internet service,No internet service,18.7,1,0,5.0,23.39,1272.91,0,1316.15
CUST_11965,49,Male,0,No,No,40,Two year,No,Credit card (automatic),Fiber optic,No,Yes,Yes,149.3,0,0,5.0,112.47,4502.23,0,3221.31
CUST_11966,43,Female,0,Yes,Yes,66,One year,No,Bank transfer (automatic),DSL,No,No,No,197.2,3,0,3.0,48.86,3218.22,0,2118.26
CUST_11967,39,Male,0,No,No,19,Month-to-month,Yes,Electronic check,No,No internet service,No internet service,No internet service,16.9,2,2,4.0,18.5,325.24,1,670.32
CUST_11968,40,Female,0,No,No,33,Month-to-month,Yes,Mailed check,No,No internet service,No internet service,No internet service,11.9,2,0,5.0,19.02,606.96,0,765.87
CUST_11969,39,Female,0,No,No,11,Month-to-month,Yes,Credit card (automatic),No,No internet service,No internet service,No internet service,15.6,3,0,3.0,18.5,221.56,0,572.43
CUST_11970,57,Female,0,No,No,64,One year,Yes,Bank transfer (automatic),DSL,No,No,No,128.5,1,0,4.0,43.65,2799.16,0,2042.68
CUST_11971,50,Female,0,No,No,20,Month-to-month,Yes,Credit card (automatic),DSL,No,Yes,No,130.7,0,1,5.0,65.39,1334.06,1,696.77
CUST_11972,18,Female,0,No,No,21,One year,Yes,Electronic check,DSL,No,Yes,No,156.8,0,0,4.0,58.12,1225.2,0,1867.16
CUST_11973,51,Female,0,No,No,10,Month-to-month,Yes,Credit card (automatic),Fiber optic,Yes,Yes,Yes,280.6,4,2,2.0,126.86,1234.68,1,916.1
CUST_11974,45,Male,0,No,No,22,Month-to-month,Yes,Electronic check,No,No internet service,No internet service,No internet service,15.9,1,0,4.0,19.75,416.94,0,586.73
CUST_11975,42,Female,0,Yes,Yes,42,Two year,No,Electronic check,No,No internet service,No internet service,No internet service,13.4,2,1,4.0,23.54,972.91,0,1147.59
CUST_11976,37,Female,0,Yes,No,29,One year,Yes,Mailed check,No,No internet service,No internet service,No internet service,16.8,1,1,5.0,18.5,543.65,1,581.46
CUST_11977,57,Female,0,Yes,Yes,63,Month-to-month,Yes,Electronic check,DSL,No,Yes,No,126.8,4,1,4.0,62.96,3938.44,1,1488.89
CUST_11978,54,Male,0,No,No,15,One year,Yes,Bank transfer (automatic),Fiber optic,No,Yes,No,101.3,1,0,4.0,90.62,1378.62,0,2421.25
CUST_11979,32,Female,0,No,No,32,Month-to-month,Yes,Credit card (automatic),Fiber optic,Yes,No,No,269.0,2,0,5.0,96.77,3050.26,0,3011.96
CUST_11980,47,Female,0,Yes,No,36,Month-to-month,No,Credit card (automatic),DSL,No,No,No,44.3,6,0,3.0,56.05,1968.92,1,1043.0
CUST_11981,29,Male,0,Yes,Yes,64,Month-to-month,No,Bank transfer (automatic),DSL,No,No,No,194.7,1,0,5.0,52.38,3352.36,0,2260.09
CUST_11982,24,Male,0,Yes,No,51,Two year,Yes,Mailed check,Fiber optic,Yes,Yes,No,463.2,1,0,5.0,108.3,5503.58,0,3542.85
CUST_11983,34,Male,0,No,No,37,Two year,Yes,Credit card (automatic),DSL,Yes,No,No,67.2,0,1,5.0,58.97,2171.73,0,1887.94
CUST_11984,53,Female,0,No,No,3,Month-to-month,Yes,Bank transfer (automatic),No,No internet service,No internet service,No internet service,19.4,1,1,4.0,19.44,87.85,1,150.0
CUST_11985,54,Female,0,No,No,5,One year,No,Credit card (automatic),DSL,No,Yes,No,101.0,0,0,5.0,61.54,271.82,0,1516.98
CUST_11986,49,Male,0,Yes,No,47,One year,No,Credit card (automatic),Fiber optic,No,No,Yes,371.5,2,0,4.0,101.31,4788.57,0,3352.38
CUST_11987,51,Female,0,No,No,45,Two year,Yes,Electronic check,No,No internet service,No internet service,No internet service,5.0,1,4,3.0,18.5,839.5,0,1046.1
CUST_11988,49,Female,0,Yes,Yes,30,One year,No,Electronic check,No,No internet service,No internet service,No internet service,17.2,0,2,5.0,18.5,540.77,0,905.68
CUST_11989,34,Female,0,No,No,30,One year,Yes,Mailed check,Fiber optic,No,No,Yes,401.0,0,2,5.0,97.89,2925.08,0,2807.34
CUST_11990,48,Male,0,Yes,Yes,3,One year,No,Credit card (automatic),Fiber optic,No,No,No,130.2,0,0,5.0,75.89,241.21,0,2228.92
CUST_11991,52,Female,0,No,No,10,Month-to-month,Yes,Credit card (automatic),No,No internet service,No internet service,No internet service,21.8,0,0,5.0,18.5,198.43,0,562.66
CUST_11992,52,Male,0,Yes,Yes,43,Two year,Yes,Bank transfer (automatic),No,No internet service,No internet service,No internet service,21.1,0,0,5.0,26.69,1130.81,0,918.03
CUST_11993,57,Male,0,Yes,Yes,23,Two year,Yes,Electronic check,Fiber optic,No,No,No,373.5,1,1,4.0,81.53,1885.9,0,2336.07
CUST_11994,51,Female,0,No,No,45,Month-to-month,Yes,Electronic check,Fiber optic,Yes,Yes,No,301.8,1,1,4.0,107.11,4814.48,0,3458.64
CUST_11995,47,Male,0,Yes,No,35,Month-to-month,No,Credit card (automatic),Fiber optic,No,No,No,314.1,5,0,3.0,76.76,2708.03,0,2663.58
CUST_11996,56,Male,0,Yes,Yes,29,Month-to-month,No,Mailed check,Fiber optic,No,Yes,No,551.7,3,0,3.0,92.83,2667.91,0,2913.16
CUST_11997,42,Male,0,No,No,8,Month-to-month,Yes,Bank transfer (automatic),No,No internet service,No internet service,No internet service,24.6,3,0,5.0,24.18,183.6,0,841.82
CUST_11998,31,Female,0,No,No,23,Month-to-month,Yes,Credit card (automatic),Fiber optic,No,No,Yes,282.4,1,0,5.0,103.13,2315.48,1,1733.63
CUST_11999,40,Male,0,Yes,Yes,27,Month-to-month,Yes,Credit card (automatic),Fiber optic,No,No,Yes,136.6,5,0,3.0,104.78,2845.0,1,1174.18
CUST_12000,32,Female,0,No,No,38,One year,Yes,Bank transfer (automatic),DSL,No,Yes,No,114.2,1,0,4.0,63.9,2439.43,0,1791.27
CUST_12001,33,Male,0,No,No,18,One year,Yes,Mailed check,Fiber optic,Yes,No,Yes,506.9,0,0,5.0,117.14,2086.51,0,3343.44
CUST_12002,40,Female,0,Yes,Yes,51,Two year,Yes,Bank transfer (automatic),DSL,No,No,No,92.5,0,0,4.0,44.39,2293.73,0,1714.88
CUST_12003,32,Female,0,Yes,Yes,62,Month-to-month,No,Mailed check,Fiber optic,No,Yes,No,222.8,1,0,5.0,85.84,5292.59,0,3117.26
CUST_12004,38,Male,0,Yes,Yes,15,Month-to-month,No,Bank transfer (automatic),Fiber optic,No,No,No,582.1,1,1,3.0,76.29,1157.14,1,1320.29
CUST_12005,18,Male,0,No,No,63,Month-to-month,Yes,Electronic check,Fiber optic,Yes,Yes,Yes,171.4,3,2,3.0,124.1,7848.44,1,2247.08
CUST_12006,45,Male,0,Yes,Yes,43,Two year,No,Credit card (automatic),DSL,Yes,No,No,179.1,1,0,5.0,59.72,2566.58,0,2179.43
CUST_12007,42,Female,0,Yes,No,16,One year,No,Credit card (automatic),DSL,Yes,No,No,121.5,1,0,4.0,61.87,985.34,0,1682.36
CUST_12008,31,Female,0,No,No,11,Two year,Yes,Credit card (automatic),No,No internet service,No internet service,No internet service,14.7,0,1,5.0,18.5,213.33,0,548.95
CUST_12009,51,Male,0,No,No,58,Two year,Yes,Mailed check,No,No internet service,No internet service,No internet service,17.3,0,1,5.0,24.49,1431.22,0,1504.18
CUST_12010,54,Male,0,Yes,No,4,One year,No,Mailed check,DSL,No,No,No,116.1,0,0,5.0,47.24,201.03,0,1317.8
CUST_12011,21,Male,0,No,No,32,Month-to-month,No,Electronic check,DSL,No,No,Yes,116.9,1,1,4.0,77.19,2446.91,0,2585.97
CUST_12012,32,Female,0,Yes,No,29,One year,Yes,Electronic check,DSL,Yes,Yes,Yes,83.3,1,2,4.0,95.15,2743.96,0,2606.61
CUST_12013,32,Female,0,Yes,No,28,Two year,No,Mailed check,Fiber optic,No,Yes,Yes,305.6,1,0,5.0,120.29,3386.23,0,3628.13
CUST_12014,30,Male,0,No,No,50,Month-to-month,Yes,Bank transfer (automatic),Fiber optic,No,No,Yes,433.7,1,0,4.0,94.95,4760.22,0,3310.17
CUST_12015,53,Male,0,No,No,15,One year,Yes,Electronic check,Fiber optic,Yes,Yes,Yes,203.6,1,2,5.0,127.08,1912.13,1,1326.14
CUST_12016,39,Female,0,Yes,No,24,Month-to-month,No,Mailed check,Fiber optic,No,No,Yes,457.0,2,0,4.0,100.56,2397.22,0,3125.97
CUST_12017,39,Male,0,No,No,38,One year,No,Mailed check,Fiber optic,No,Yes,No,327.5,4,0,3.0,86.12,3222.35,0,2757.55
CUST_12018,18,Male,0,No,No,36,Two year,No,Electronic check,DSL,No,Yes,No,69.7,2,2,4.0,61.43,2186.78,0,2018.39
CUST_12019,50,Female,0,Yes,Yes,58,One year,No,Electronic check,Fiber optic,No,No,Yes,334.7,1,2,3.0,104.05,6030.75,0,3375.42
CUST_12020,26,Female,0,No,No,9,One year,Yes,Mailed check,Fiber optic,Yes,No,Yes,401.5,0,0,5.0,111.29,1026.92,0,3185.66
CUST_12021,43,Female,0,Yes,Yes,43,Two year,Yes,Bank transfer (automatic),Fiber optic,No,Yes,Yes,253.6,1,0,4.0,122.37,5235.65,0,3357.6
CUST_12022,46,Male,0,No,No,31,One year,Yes,Bank transfer (automatic),No,No internet service,No internet service,No internet service,22.4,0,0,5.0,18.5,572.36,0,828.77
CUST_12023,60,Female,0,No,No,38,Two year,Yes,Mailed check,Fiber optic,No,No,Yes,461.3,0,0,5.0,103.54,3920.56,0,3285.25
CUST_12024,25,Female,0,Yes,Yes,25,Two year,No,Electronic check,DSL,Yes,No,Yes,146.7,0,1,5.0,82.21,2079.05,0,2513.46
CUST_12025,18,Male,0,Yes,Yes,50,Two year,Yes,Electronic check,DSL,Yes,No,Yes,109.6,0,2,5.0,78.26,3935.6,0,2701.49
CUST_12026,44,Female,0,Yes,No,24,One year,Yes,Electronic check,Fiber optic,Yes,No,Yes,453.4,1,0,5.0,113.95,2737.8,0,3479.85
CUST_12027,65,Female,1,Yes,Yes,47,One year,No,Electronic check,DSL,No,Yes,No,168.5,1,2,4.0,63.58,3008.94,0,2277.96
CUST_12028,58,Female,0,Yes,Yes,41,Month-to-month,Yes,Credit card (automatic),DSL,No,Yes,Yes,94.6,2,0,4.0,86.78,3574.14,0,2490.93
CUST_12029,45,Male,0,Yes,Yes,22,Month-to-month,Yes,Electronic check,DSL,No,No,Yes,119.6,2,0,4.0,71.3,1551.15,1,1170.13
CUST_12030,36,Male,0,No,No,64,One year,No,Electronic check,No,No internet service,No internet service,No internet service,14.2,0,3,4.0,23.22,1520.16,0,1199.82
CUST_12031,52,Female,0,Yes,No,40,One year,No,Electronic check,DSL,Yes,Yes,No,111.4,0,4,4.0,80.05,3202.62,0,2722.09
CUST_12032,29,Male,0,No,No,14,Month-to-month,No,Mailed check,DSL,No,No,Yes,178.9,1,0,5.0,65.56,896.87,0,2145.5
CUST_12033,48,Male,0,No,No,35,Month-to-month,No,Electronic check,No,No internet service,No internet service,No internet service,21.3,0,0,5.0,18.5,633.0,0,1050.91
CUST_12034,49,Female,0,Yes,No,14,Month-to-month,Yes,Electronic check,Fiber optic,Yes,Yes,Yes,475.9,3,3,2.0,123.9,1735.01,1,1671.45
CUST_12035,56,Female,0,No,No,47,One year,Yes,Electronic check,DSL,Yes,No,No,145.2,1,2,5.0,56.16,2685.15,0,2054.06
CUST_12036,78,Female,1,Yes,No,57,Month-to-month,Yes,Credit card (automatic),Fiber optic,Yes,Yes,No,356.1,0,1,4.0,99.64,5662.56,0,3408.92
CUST_12037,47,Female,0,Yes,No,13,One year,No,Credit card (automatic),DSL,Yes,No,Yes,113.1,0,0,5.0,82.05,1061.6,0,2087.2
CUST_12038,35,Male,0,No,No,3,Month-to-month,Yes,Bank transfer (automatic),Fiber optic,Yes,Yes,Yes,404.7,1,0,5.0,124.8,383.63,0,3355.41
CUST_12039,42,Male,0,Yes,Yes,16,One year,No,Electronic check,Fiber optic,Yes,Yes,No,158.6,0,2,5.0,108.12,1695.94,0,3069.44
CUST_12040,19,Female,0,No,No,4,One year,Yes,Electronic check,DSL,No,No,Yes,157.6,1,2,5.0,75.09,286.28,0,1778.51
CUST_12041,33,Female,0,No,No,45,Month-to-month,No,Bank transfer (automatic),Fiber optic,Yes,No,Yes,468.4,2,0,5.0,112.07,5064.78,0,3912.74
CUST_12042,37,Female,0,No,No,14,Two year,Yes,Electronic check,Fiber optic,No,No,Yes,237.3,1,1,4.0,103.93,1439.93,0,3277.29
CUST_12043,35,Male,0,No,No,52,Two year,No,Mailed check,Fiber optic,Yes,No,No,184.8,5,0,2.0,90.07,4709.49,0,3042.17
CUST_12044,44,Female,0,No,No,54,Month-to-month,No,Bank transfer (automatic),Fiber optic,No,No,Yes,417.2,8,1,2.0,104.43,5597.68,1,2040.92
CUST_12045,31,Male,0,Yes,Yes,23,Month-to-month,No,Mailed check,DSL,Yes,Yes,Yes,55.7,0,0,5.0,103.23,2388.63,0,2858.4
CUST_12046,57,Female,0,Yes,Yes,33,Two year,No,Mailed check,DSL,No,No,No,132.6,0,0,5.0,44.91,1447.35,0,1514.05
CUST_12047,42,Male,0,No,No,32,One year,Yes,Mailed check,No,No internet service,No internet service,No internet service,11.0,0,0,5.0,22.82,739.37,0,990.23
CUST_12048,42,Male,0,Yes,Yes,59,One year,Yes,Bank transfer (automatic),Fiber optic,No,No,No,176.6,1,1,4.0,79.36,4680.07,0,2841.77
CUST_12049,38,Female,0,Yes,Yes,22,Two year,Yes,Bank transfer (automatic),Fiber optic,Yes,No,Yes,439.1,0,0,5.0,110.69,2469.76,0,3326.74
CUST_12050,44,Female,0,Yes,No,12,One year,Yes,Bank transfer (automatic),DSL,Yes,Yes,No,179.2,1,0,4.0,69.9,844.25,1,1238.74
CUST_12051,53,Male,0,No,No,51,Two year,No,Mailed check,DSL,No,No,Yes,103.6,0,1,5.0,70.48,3612.0,0,2707.87
CUST_12052,31,Female,0,Yes,Yes,18,Two year,No,Bank transfer (automatic),Fiber optic,No,No,Yes,452.4,1,0,4.0,100.0,1807.41,0,3081.05
CUST_12053,33,Male,0,No,No,10,One year,Yes,Credit card (automatic),DSL,No,Yes,Yes,88.0,0,0,5.0,83.0,836.94,0,1937.86
CUST_12054,38,Female,0,Yes,No,11,Month-to-month,No,Bank transfer (automatic),DSL,No,Yes,No,157.6,2,1,5.0,60.1,706.33,0,1693.56
CUST_12055,25,Male,0,Yes,Yes,17,One year,No,Mailed check,Fiber optic,Yes,No,No,290.7,0,0,5.0,99.53,1697.51,0,2889.32
CUST_12056,31,Female,0,Yes,No,4,One year,No,Credit card (automatic),DSL,Yes,No,Yes,180.2,1,1,4.0,79.24,307.06,0,2211.16
CUST_12057,36,Male,0,Yes,Yes,0,Month-to-month,No,Bank transfer (automatic),Fiber optic,No,Yes,No,74.9,2,0,4.0,95.89,,0,2218.8
CUST_12058,53,Male,0,No,No,2,Month-to-month,No,Credit card (automatic),Fiber optic,No,No,No,286.3,1,0,4.0,78.48,113.97,1,1199.8
CUST_12059,45,Male,0,Yes,Yes,29,Month-to-month,Yes,Bank transfer (automatic),DSL,No,No,Yes,104.8,1,0,5.0,73.19,2105.86,0,1967.86
CUST_12060,45,Male,0,Yes,No,0,Month-to-month,Yes,Bank transfer (automatic),Fiber optic,No,Yes,Yes,157.7,1,2,4.0,105.28,0.0,0,2607.1
CUST_12061,53,Male,0,No,No,1,Month-to-month,Yes,Bank transfer (automatic),DSL,Yes,No,Yes,149.9,0,0,4.0,88.64,72.35,0,2335.31
CUST_12062,40,Female,0,No,No,22,Two year,No,Electronic check,No,No internet service,No internet service,No internet service,14.8,1,3,5.0,18.5,373.79,0,421.61
CUST_12063,47,Male,0,Yes,No,47,Two year,Yes,Mailed check,No,No internet service,No internet service,No internet service,19.1,0,0,4.0,18.5,906.7,0,786.94
CUST_12064,41,Male,0,Yes,Yes,25,Month-to-month,Yes,Electronic check,Fiber optic,No,No,Yes,259.5,1,1,5.0,106.55,2702.19,1,1361.66
CUST_12065,45,Female,0,No,No,22,One year,No,Mailed check,DSL,Yes,No,Yes,73.9,0,0,5.0,83.43,1828.25,0,2369.31
CUST_12066,34,Male,0,No,No,13,One year,No,Bank transfer (automatic),No,No internet service,No internet service,No internet service,12.1,0,0,5.0,20.29,238.43,0,622.25
CUST_12067,18,Male,0,Yes,No,25,Month-to-month,No,Mailed check,No,No internet service,No internet service,No internet service,8.7,3,0,4.0,18.5,451.05,0,566.3
CUST_12068,40,Male,0,Yes,No,36,One year,Yes,Electronic check,Fiber optic,No,Yes,Yes,309.5,0,2,4.0,112.48,4074.92,0,3325.05
CUST_12069,60,Female,0,Yes,Yes,46,One year,Yes,Mailed check,Fiber optic,Yes,Yes,No,514.3,1,0,4.0,108.42,4958.0,0,3622.83
CUST_12070,54,Female,0,Yes,Yes,6,Month-to-month,Yes,Electronic check,DSL,No,Yes,Yes,131.5,4,2,3.0,86.03,524.45,0,2563.71
CUST_12071,55,Female,0,No,No,39,One year,No,Credit card (automatic),DSL,No,Yes,No,147.9,0,0,5.0,55.81,2156.23,0,1806.32
CUST_12072,58,Female,0,No,No,0,Month-to-month,Yes,Credit card (automatic),Fiber optic,No,No,Yes,295.6,2,1,4.0,104.2,21.13,1,1100.37
CUST_12073,43,Male,0,Yes,Yes,38,Month-to-month,Yes,Credit card (automatic),Fiber optic,No,No,Yes,235.2,4,0,4.0,98.41,3772.85,0,2873.41
CUST_12074,45,Female,0,No,No,21,Two year,No,Electronic check,DSL,No,No,Yes,128.0,1,1,3.0,74.57,1601.17,0,2102.3
CUST_12075,34,Female,0,Yes,Yes,41,Two year,Yes,Electronic check,DSL,No,Yes,No,122.2,0,2,5.0,62.41,2527.47,0,2148.4
CUST_12076,38,Male,0,Yes,No,9,Month-to-month,Yes,Credit card (automatic),Fiber optic,Yes,No,Yes,483.4,1,1,4.0,112.53,999.97,1,1249.83
CUST_12077,50,Female,0,Yes,No,36,Two year,No,Electronic check,DSL,No,Yes,Yes,173.1,0,2,4.0,88.86,3221.93,0,2954.74
CUST_12078,58,Female,0,Yes,No,60,One year,No,Bank transfer (automatic),Fiber optic,Yes,Yes,Yes,466.8,3,0,4.0,125.68,7532.91,0,3851.03
CUST_12079,40,Female,0,No,No,28,One year,No,Credit card (automatic),Fiber optic,No,No,Yes,606.1,1,0,5.0,97.71,2749.3,0,3099.95
CUST_12080,36,Female,0,Yes,No,39,One year,Yes,Mailed check,Fiber optic,No,No,No,357.6,0,1,5.0,72.99,2839.5,0,2570.56
CUST_12081,42,Male,0,Yes,Yes,31,Month-to-month,Yes,Mailed check,DSL,Yes,Yes,Yes,146.8,2,0,4.0,97.7,2998.24,0,2741.37
CUST_12082,50,Male,0,No,No,10,One year,Yes,Electronic check,Fiber optic,No,No,No,499.6,0,3,5.0,76.58,733.78,0,2563.75
CUST_12083,23,Male,0,No,No,23,One year,Yes,Credit card (automatic),DSL,No,Yes,No,155.1,1,0,4.0,65.24,1501.04,0,1946.2
CUST_12084,18,Female,0,No,No,3,Month-to-month,No,Electronic check,Fiber optic,No,No,No,472.6,1,2,5.0,77.04,226.05,1,1168.43
CUST_12085,35,Male,0,No,No,66,Month-to-month,No,Electronic check,DSL,No,No,Yes,123.0,2,0,5.0,71.87,4773.4,0,2893.65
CUST_12086,26,Female,0,Yes,Yes,44,One year,No,Mailed check,DSL,No,Yes,Yes,117.3,1,0,5.0,86.66,3802.75,0,2716.22
CUST_12087,35,Female,0,No,No,39,Two year,Yes,Electronic check,Fiber optic,No,No,Yes,313.6,1,2,3.0,97.53,3774.54,0,2855.05
CUST_12088,40,Female,0,No,No,32,Month-to-month,No,Bank transfer (automatic),Fiber optic,No,No,No,326.0,3,0,4.0,82.35,2653.8,0,2596.05
CUST_12089,36,Female,0,No,No,66,Two year,Yes,Mailed check,Fiber optic,No,Yes,No,355.8,0,0,5.0,90.24,5945.21,0,3334.93
CUST_12090,61,Female,0,No,No,59,Two year,Yes,Electronic check,DSL,No,No,Yes,91.9,0,1,4.0,63.49,3707.35,0,2297.96
CUST_12091,46,Female,0,Yes,No,33,Month-to-month,Yes,Electronic check,Fiber optic,Yes,No,No,213.3,0,2,4.0,89.1,2949.44,0,2675.9
CUST_12092,46,Male,0,No,No,3,One year,Yes,Electronic check,DSL,Yes,No,No,71.7,1,2,3.0,53.26,142.06,0,1380.16
CUST_12093,50,Female,0,Yes,Yes,51,Month-to-month,Yes,Electronic check,Fiber optic,No,No,No,507.1,2,1,4.0,78.73,3973.96,0,3110.27
CUST_12094,27,Female,0,Yes,Yes,19,One year,Yes,Electronic check,DSL,Yes,Yes,Yes,102.2,2,1,4.0,94.52,1807.43,0,2757.05
CUST_12095,56,Female,0,Yes,No,6,One year,No,Credit card (automatic),Fiber optic,No,No,Yes,423.8,0,0,5.0,104.15,605.62,0,2930.52
CUST_12096,41,Male,0,No,No,13,Month-to-month,No,Electronic check,No,No internet service,No internet service,No internet service,14.2,2,2,4.0,20.9,295.09,1,450.6
CUST_12097,51,Female,0,Yes,Yes,2,Month-to-month,No,Electronic check,No,No internet service,No internet service,No internet service,22.0,3,1,4.0,18.5,32.05,1,193.62
CUST_12098,28,Male,0,No,No,6,One year,Yes,Electronic check,Fiber optic,No,No,Yes,196.4,0,2,4.0,100.42,593.87,1,1114.15
CUST_12099,22,Male,0,Yes,No,29,Month-to-month,No,Mailed check,DSL,No,No,Yes,112.6,1,1,4.0,79.14,2349.05,0,2609.2
CUST_12100,53,Female,0,No,No,35,One year,No,Bank transfer (automatic),DSL,Yes,No,Yes,98.3,1,1,5.0,86.25,3022.85,0,2439.85
CUST_12101,47,Female,0,Yes,Yes,60,One year,Yes,Credit card (automatic),DSL,No,Yes,No,119.7,0,0,5.0,67.66,4052.93,0,2586.2
CUST_12102,30,Female,0,No,No,6,Month-to-month,No,Mailed check,DSL,Yes,No,No,158.3,1,0,5.0,67.16,407.36,0,1754.5
CUST_12103,31,Male,0,No,No,34,One year,No,Electronic check,DSL,No,Yes,No,115.8,1,1,4.0,65.92,2245.54,1,1181.78
CUST_12104,57,Female,0,Yes,No,19,One year,No,Electronic check,Fiber optic,No,No,Yes,276.3,1,2,5.0,98.2,1908.1,0,2984.6
CUST_12105,27,Female,0,Yes,Yes,12,Month-to-month,Yes,Electronic check,Fiber optic,Yes,No,Yes,349.7,2,3,2.0,116.16,1381.36,1,1635.32
CUST_12106,63,Female,0,No,No,17,One year,Yes,Credit card (automatic),No,No internet service,No internet service,No internet service,13.3,0,0,3.0,23.1,399.71,0,837.63
CUST_12107,30,Male,0,No,No,16,Month-to-month,Yes,Bank transfer (automatic),Fiber optic,Yes,No,Yes,406.9,2,1,4.0,110.34,1760.49,0,3218.6
CUST_12108,50,Female,0,No,No,27,Month-to-month,No,Electronic check,Fiber optic,No,No,No,37.4,2,1,3.0,75.59,2063.89,1,966.63
CUST_12109,38,Female,0,Yes,No,8,Month-to-month,No,Credit card (automatic),DSL,No,Yes,No,105.4,1,0,5.0,63.58,518.52,0,1336.23
CUST_12110,50,Male,0,No,No,46,One year,Yes,Credit card (automatic),Fiber optic,No,No,No,356.9,0,0,5.0,71.67,3285.25,0,2701.54
CUST_12111,35,Male,0,Yes,Yes,14,Month-to-month,No,Credit card (automatic),No,No internet service,No internet service,No internet service,19.1,3,0,3.0,18.5,256.28,0,689.55
CUST_12112,40,Male,0,No,No,19,One year,Yes,Electronic check,DSL,Yes,No,No,157.8,1,2,4.0,61.03,1170.58,0,1703.21
CUST_12113,43,Female,0,No,No,40,One year,Yes,Electronic check,DSL,No,No,No,91.7,0,3,3.0,42.52,1674.58,0,1747.68
CUST_12114,29,Male,0,Yes,Yes,47,One year,No,Electronic check,DSL,No,No,Yes,102.3,0,1,4.0,69.89,3299.06,0,2354.79
CUST_12115,52,Male,0,No,No,61,Two year,Yes,Mailed check,Fiber optic,No,No,No,143.7,3,0,3.0,71.55,4342.67,0,2746.88
CUST_12116,35,Female,0,No,No,15,Two year,Yes,Mailed check,DSL,Yes,No,Yes,124.7,0,0,4.0,76.58,1176.18,0,2062.71
CUST_12117,39,Male,0,No,No,60,One year,Yes,Credit card (automatic),Fiber optic,Yes,No,Yes,654.8,2,0,4.0,103.73,6251.87,0,3673.88
CUST_12118,29,Female,0,Yes,Yes,42,Two year,Yes,Electronic check,Fiber optic,Yes,No,No,373.4,1,1,5.0,92.62,3852.42,0,2986.18
CUST_12119,18,Male,0,Yes,No,43,One year,No,Bank transfer (automatic),Fiber optic,No,Yes,No,265.3,0,0,5.0,90.51,3902.36,0,3170.23
CUST_12120,40,Female,0,No,No,67,Two year,No,Credit card (automatic),Fiber optic,Yes,No,Yes,371.0,1,1,4.0,120.49,8065.79,0,3777.09
CUST_12121,73,Male,1,Yes,Yes,9,Month-to-month,No,Electronic check,Fiber optic,No,No,Yes,99.2,2,0,4.0,98.01,871.23,0,2474.72
CUST_12122,52,Female,0,Yes,No,58,Two year,Yes,Electronic check,Fiber optic,Yes,No,Yes,442.2,1,3,3.0,111.31,6453.81,0,3774.79
CUST_12123,42,Male,0,No,No,27,Two year,No,Bank transfer (automatic),DSL,Yes,No,Yes,175.2,1,0,5.0,81.4,2201.07,0,2494.53
CUST_12124,39,Female,0,Yes,Yes,23,Month-to-month,Yes,Bank transfer (automatic),Fiber optic,Yes,No,Yes,324.0,2,0,4.0,106.89,2415.64,1,1499.44
CUST_12125,42,Male,0,No,No,14,Month-to-month,Yes,Credit card (automatic),Fiber optic,No,Yes,No,248.2,1,1,5.0,93.96,1265.99,0,2789.47
CUST_12126,49,Male,0,Yes,No,23,Month-to-month,Yes,Credit card (automatic),No,No internet service,No internet service,No internet service,12.7,2,1,4.0,20.27,500.67,0,807.62
CUST_12127,27,Female,0,Yes,No,10,Month-to-month,Yes,Credit card (automatic),Fiber optic,No,No,Yes,304.1,2,0,4.0,100.01,997.71,1,1025.52
CUST_12128,56,Male,0,No,No,59,Two year,Yes,Bank transfer (automatic),Fiber optic,Yes,No,Yes,412.7,1,1,4.0,110.34,6507.44,0,3889.23
CUST_12129,51,Male,0,No,No,36,One year,Yes,Electronic check,Fiber optic,Yes,No,Yes,382.6,0,2,4.0,111.8,4002.51,0,3507.75
CUST_12130,51,Female,0,No,No,17,Month-to-month,No,Credit card (automatic),DSL,No,No,Yes,116.1,2,0,4.0,64.61,1089.56,0,1829.52
CUST_12131,48,Female,0,No,No,59,Two year,Yes,Credit card (automatic),DSL,No,No,No,120.1,1,0,4.0,51.0,2981.65,0,2381.21
CUST_12132,42,Male,0,No,No,41,Month-to-month,Yes,Mailed check,DSL,Yes,No,No,92.7,2,0,4.0,59.28,2424.17,0,1862.97
CUST_12133,51,Female,0,Yes,Yes,8,Month-to-month,Yes,Electronic check,DSL,No,No,No,145.7,0,1,5.0,53.98,424.44,0,1561.86
CUST_12134,50,Female,0,Yes,Yes,31,Month-to-month,Yes,Mailed check,DSL,Yes,No,Yes,120.6,2,0,5.0,83.71,2585.57,0,2526.96
CUST_12135,37,Female,0,Yes,Yes,1,Month-to-month,Yes,Credit card (automatic),Fiber optic,No,No,Yes,158.5,2,0,4.0,99.52,98.7,1,740.29
CUST_12136,35,Female,0,No,No,37,One year,No,Electronic check,Fiber optic,Yes,Yes,No,439.7,0,2,5.0,105.57,3902.18,0,3199.71
CUST_12137,43,Female,0,Yes,Yes,32,Month-to-month,Yes,Bank transfer (automatic),Fiber optic,No,No,Yes,313.7,2,0,4.0,102.42,3296.48,0,3147.95
CUST_12138,62,Female,0,Yes,Yes,55,One year,No,Credit card (automatic),DSL,No,No,Yes,102.8,0,0,5.0,73.18,4052.17,0,2563.28
CUST_12139,26,Male,0,Yes,No,4,One year,Yes,Credit card (automatic),DSL,No,No,No,196.4,1,0,5.0,46.9,189.8,0,1407.23
CUST_12140,23,Male,0,Yes,No,47,Month-to-month,Yes,Bank transfer (automatic),DSL,No,No,No,137.5,3,0,4.0,49.96,2328.59,0,1886.64
CUST_12141,44,Female,0,Yes,No,39,Two year,No,Credit card (automatic),DSL,No,No,Yes,148.1,1,0,5.0,69.38,2709.36,0,2221.76
CUST_12142,43,Male,0,No,No,18,One year,No,Electronic check,DSL,Yes,Yes,Yes,95.2,0,0,5.0,103.85,1856.3,1,1327.96
CUST_12143,44,Male,0,Yes,No,9,One year,Yes,Electronic check,Fiber optic,No,No,No,277.9,1,5,4.0,78.46,719.07,0,1853.85
CUST_12144,45,Male,0,No,No,9,Month-to-month,Yes,Electronic check,DSL,No,No,No,179.9,4,3,2.0,53.4,433.13,1,885.38
CUST_12145,39,Female,0,No,No,38,Two year,No,Electronic check,DSL,No,No,No,223.8,1,0,5.0,51.17,1939.99,0,1751.11
CUST_12146,61,Female,0,Yes,No,12,One year,No,Mailed check,Fiber optic,No,No,No,465.7,1,0,5.0,79.81,986.26,0,2369.94
CUST_12147,21,Male,0,No,No,67,One year,No,Electronic check,DSL,No,No,No,13.4,0,0,5.0,52.46,3523.12,0,2117.26
CUST_12148,31,Male,0,Yes,No,6,Month-to-month,No,Bank transfer (automatic),Fiber optic,No,Yes,No,258.4,2,0,5.0,94.42,605.25,0,2525.95
CUST_12149,41,Male,0,No,No,19,One year,No,Mailed check,DSL,No,No,No,117.4,0,0,5.0,42.41,763.9,0,1269.46
CUST_12150,21,Male,0,No,No,54,One year,No,Bank transfer (automatic),DSL,Yes,Yes,Yes,113.5,0,0,5.0,95.67,5145.98,0,3262.15
CUST_12151,40,Female,0,No,No,49,Month-to-month,No,Electronic check,DSL,Yes,No,Yes,113.4,3,2,3.0,81.82,3995.41,0,2871.22
CUST_12152,64,Male,0,No,No,43,One year,No,Electronic check,DSL,No,Yes,Yes,60.2,3,0,3.0,85.89,3696.95,0,3047.78
CUST_12153,42,Female,0,Yes,No,15,Month-to-month,No,Electronic check,DSL,Yes,No,Yes,200.7,2,4,3.0,85.43,1304.7,1,1145.45
CUST_12154,45,Female,0,Yes,Yes,12,One year,No,Electronic check,DSL,No,No,Yes,143.6,0,1,5.0,67.25,793.53,0,1839.62
CUST_12155,26,Male,0,No,No,47,Two year,Yes,Electronic check,DSL,Yes,Yes,No,87.9,0,1,5.0,67.36,3137.52,0,2313.77
CUST_12156,34,Female,0,Yes,Yes,60,One year,Yes,Electronic check,Fiber optic,Yes,No,Yes,278.9,0,2,5.0,110.17,6591.2,0,3918.65
CUST_12157,37,Female,0,Yes,Yes,6,Month-to-month,No,Bank transfer (automatic),DSL,No,Yes,No,145.5,0,0,5.0,65.0,393.49,0,1793.9
CUST_12158,38,Male,0,Yes,No,33,Two year,Yes,Electronic check,DSL,Yes,No,No,109.3,2,2,4.0,59.87,1959.71,0,1863.24
CUST_12159,59,Female,0,No,No,54,Two year,Yes,Mailed check,Fiber optic,Yes,No,Yes,365.9,0,1,5.0,108.24,5840.87,0,3512.19
CUST_12160,49,Male,0,Yes,No,50,Two year,Yes,Electronic check,Fiber optic,Yes,Yes,Yes,402.1,0,0,5.0,128.0,6368.32,0,4027.67
CUST_12161,28,Male,0,No,No,42,Month-to-month,No,Credit card (automatic),DSL,Yes,Yes,No,98.5,4,1,3.0,76.25,3234.56,0,2384.55
CUST_12162,45,Male,0,Yes,Yes,22,Two year,No,Electronic check,DSL,No,Yes,Yes,192.6,1,1,4.0,84.37,1867.07,0,2379.48
CUST_12163,48,Female,0,Yes,Yes,19,Two year,Yes,Mailed check,Fiber optic,No,No,Yes,62.1,0,0,5.0,111.28,2118.1,0,2815.94
CUST_12164,57,Female,0,No,No,44,Month-to-month,Yes,Mailed check,DSL,No,No,Yes,87.4,4,1,4.0,63.85,2777.28,0,2271.19
CUST_12165,63,Female,0,Yes,No,43,Month-to-month,No,Bank transfer (automatic),Fiber optic,No,Yes,Yes,449.8,8,0,2.0,111.52,4819.23,1,1750.5
CUST_12166,29,Female,0,No,No,52,One year,Yes,Mailed check,Fiber optic,No,Yes,No,266.0,0,1,5.0,95.43,4953.47,0,3066.19
CUST_12167,31,Female,0,Yes,No,10,Month-to-month,Yes,Mailed check,Fiber optic,No,No,No,330.3,1,0,4.0,78.07,823.28,0,2311.05
CUST_12168,26,Male,0,Yes,Yes,24,Two year,No,Bank transfer (automatic),DSL,Yes,No,Yes,172.3,0,2,5.0,80.18,1917.71,0,2531.81
CUST_12169,39,Female,0,Yes,No,50,One year,No,Bank transfer (automatic),Fiber optic,Yes,Yes,No,408.4,0,0,4.0,101.32,5067.64,0,3374.33
CUST_12170,48,Male,0,No,No,48,Two year,No,Electronic check,No,No internet service,No internet service,No internet service,15.6,2,1,4.0,18.5,863.75,0,842.89
CUST_12171,55,Female,0,No,No,21,Two year,No,Electronic check,DSL,Yes,No,Yes,169.2,0,1,5.0,85.36,1765.66,0,2328.17
CUST_12172,41,Male,0,No,No,43,One year,Yes,Credit card (automatic),DSL,Yes,No,No,96.0,1,0,5.0,59.54,2585.64,0,2187.35
CUST_12173,38,Male,0,Yes,Yes,46,Two year,Yes,Mailed check,Fiber optic,Yes,Yes,No,403.2,1,1,4.0,108.16,4971.86,0,3295.58
CUST_12174,44,Female,0,No,No,31,Month-to-month,Yes,Mailed check,Fiber optic,No,Yes,Yes,412.9,2,0,4.0,108.7,3405.53,0,3238.71
CUST_12175,31,Female,0,No,No,70,One year,No,Electronic check,Fiber optic,No,Yes,No,207.4,1,0,4.0,97.81,6823.68,0,3075.96
CUST_12176,69,Male,1,No,No,10,Two year,Yes,Credit card (automatic),No,No internet service,No internet service,No internet service,10.5,0,0,5.0,22.44,195.5,0,413.6
CUST_12177,21,Male,0,No,No,35,Month-to-month,No,Electronic check,DSL,Yes,Yes,No,48.1,1,1,5.0,72.61,2527.51,0,2014.65
CUST_12178,44,Male,0,No,No,46,One year,Yes,Electronic check,Fiber optic,Yes,Yes,No,383.2,1,0,5.0,107.27,4894.29,0,3514.23
CUST_12179,68,Female,1,Yes,No,46,Two year,No,Mailed check,DSL,No,No,Yes,172.2,0,0,5.0,72.11,3311.25,0,2296.33
CUST_12180,42,Female,0,No,No,6,Month-to-month,No,Mailed check,DSL,Yes,Yes,No,86.5,0,0,5.0,78.54,493.26,0,1877.26
CUST_12181,40,Male,0,Yes,No,69,Two year,Yes,Credit card (automatic),DSL,No,Yes,Yes,21.1,1,0,5.0,83.3,5774.62,0,2790.8
CUST_12182,37,Male,0,No,No,12,Two year,Yes,Electronic check,Fiber optic,No,No,Yes,343.9,0,2,5.0,95.69,1105.91,0,2968.17
CUST_12183,40,Female,0,Yes,Yes,51,Month-to-month,Yes,Mailed check,Fiber optic,No,No,No,496.9,4,1,2.0,72.38,3645.24,0,2659.35
CUST_12184,60,Male,0,Yes,Yes,36,Two year,Yes,Electronic check,DSL,No,No,No,105.2,2,0,5.0,45.58,1624.76,0,1736.47
CUST_12185,18,Female,0,Yes,Yes,53,Two year,No,Bank transfer (automatic),Fiber optic,Yes,Yes,Yes,414.1,0,0,5.0,120.0,6318.08,0,4201.71
CUST_12186,62,Female,0,Yes,Yes,26,Month-to-month,Yes,Mailed check,Fiber optic,Yes,Yes,Yes,78.7,2,1,4.0,128.0,3353.09,0,3588.97
CUST_12187,23,Female,0,Yes,Yes,5,Month-to-month,Yes,Bank transfer (automatic),DSL,Yes,No,No,144.0,1,1,4.0,58.21,287.24,0,1510.68
CUST_12188,39,Female,0,No,No,59,One year,No,Electronic check,DSL,No,No,No,184.2,2,1,4.0,43.67,2564.25,0,1885.61
CUST_12189,36,Male,0,No,No,33,Month-to-month,No,Bank transfer (automatic),DSL,Yes,Yes,No,197.7,4,0,3.0,78.54,2615.7,0,2537.89
CUST_12190,50,Female,0,No,No,38,One year,No,Mailed check,Fiber optic,Yes,Yes,No,471.8,2,1,3.0,106.44,4047.3,0,3562.41
CUST_12191,21,Female,0,No,No,1,Month-to-month,No,Mailed check,Fiber optic,Yes,Yes,No,662.8,2,0,5.0,104.57,85.37,0,2945.59
CUST_12192,48,Male,0,Yes,Yes,63,Two year,Yes,Mailed check,Fiber optic,Yes,No,No,456.5,2,0,5.0,96.49,6055.46,0,3351.86
CUST_12193,68,Male,1,No,No,8,Month-to-month,Yes,Mailed check,DSL,Yes,No,No,115.9,1,2,4.0,63.15,477.56,0,1831.91
CUST_12194,24,Male,0,Yes,No,17,Two year,Yes,Credit card (automatic),No,No internet service,No internet service,No internet service,12.5,1,0,4.0,20.19,351.8,0,637.85
CUST_12195,44,Male,0,No,No,34,Month-to-month,Yes,Mailed check,DSL,No,Yes,No,51.0,0,0,5.0,63.56,2174.9,0,1996.61
CUST_12196,33,Female,0,Yes,Yes,38,One year,Yes,Credit card (automatic),Fiber optic,Yes,No,No,271.8,2,0,5.0,83.4,3209.23,0,2821.16
CUST_12197,48,Male,0,Yes,Yes,47,Two year,Yes,Electronic check,DSL,No,No,No,73.9,1,1,4.0,42.36,1960.96,0,1686.99
CUST_12198,42,Male,0,Yes,Yes,10,One year,Yes,Electronic check,Fiber optic,No,No,No,447.1,2,3,3.0,73.11,745.28,1,1204.92
CUST_12199,34,Male,0,Yes,No,47,One year,Yes,Mailed check,Fiber optic,No,No,No,206.4,1,0,4.0,70.6,3292.07,0,2407.79
CUST_12200,48,Female,0,Yes,Yes,31,One year,Yes,Electronic check,Fiber optic,Yes,Yes,No,223.8,1,1,4.0,102.94,3195.71,0,3263.8
CUST_12201,65,Female,1,Yes,Yes,23,Month-to-month,No,Mailed check,Fiber optic,No,No,Yes,467.3,3,0,4.0,108.24,2476.76,0,3249.56
CUST_12202,40,Male,0,No,No,22,One year,No,Electronic check,DSL,No,No,No,97.5,1,5,3.0,45.98,1016.51,1,808.43
CUST_12203,51,Female,0,No,No,7,One year,Yes,Credit card (automatic),DSL,Yes,No,Yes,155.7,2,2,3.0,83.15,605.82,1,888.55
CUST_12204,25,Male,0,Yes,No,49,Two year,Yes,Bank transfer (automatic),No,No internet service,No internet service,No internet service,24.2,1,0,5.0,22.51,1120.83,0,1310.44
CUST_12205,30,Male,0,Yes,No,20,Month-to-month,No,Mailed check,DSL,No,No,No,81.1,1,0,5.0,46.85,888.22,0,1354.04
CUST_12206,48,Male,0,No,No,16,Month-to-month,Yes,Credit card (automatic),DSL,No,No,Yes,133.2,1,0,4.0,70.49,1097.17,0,2046.68
CUST_12207,61,Male,0,Yes,Yes,12,Month-to-month,No,Electronic check,DSL,No,No,No,242.6,3,3,3.0,46.58,534.13,1,644.78
CUST_12208,47,Male,0,No,No,30,One year,Yes,Credit card (automatic),DSL,No,Yes,No,147.7,1,0,4.0,60.24,1840.42,0,1879.97
CUST_12209,38,Female,0,Yes,Yes,34,One year,Yes,Mailed check,DSL,No,Yes,No,159.3,1,0,4.0,63.34,2192.53,0,2203.65
CUST_12210,42,Male,0,No,No,15,Two year,No,Electronic check,Fiber optic,Yes,No,Yes,335.3,1,1,3.0,110.39,1673.74,0,3083.21
CUST_12211,26,Male,0,No,No,24,Two year,Yes,Credit card (automatic),Fiber optic,No,No,Yes,372.7,1,1,4.0,97.22,2315.22,0,2945.18
CUST_12212,50,Female,0,No,No,46,One year,Yes,Mailed check,DSL,No,Yes,Yes,152.9,0,0,5.0,83.95,3896.33,0,2624.4
CUST_12213,53,Female,0,No,No,18,One year,No,Bank transfer (automatic),No,No internet service,No internet service,No internet service,8.8,1,1,5.0,18.5,325.93,0,587.13
CUST_12214,36,Female,0,Yes,Yes,67,One year,No,Credit card (automatic),Fiber optic,No,No,Yes,185.7,0,0,5.0,104.79,7009.41,0,3865.87
CUST_12215,36,Male,0,Yes,No,19,Month-to-month,No,Credit card (automatic),Fiber optic,Yes,Yes,No,399.4,3,0,4.0,108.49,2003.91,0,3346.06
CUST_12216,45,Female,0,No,No,34,Month-to-month,No,Credit card (automatic),Fiber optic,Yes,No,Yes,321.3,3,0,4.0,115.47,3962.14,0,3483.32
CUST_12217,36,Male,0,No,No,19,Two year,No,Mailed check,Fiber optic,No,No,No,188.1,0,0,5.0,76.79,1464.81,0,2130.94
CUST_12218,41,Female,0,Yes,Yes,16,One year,Yes,Bank transfer (automatic),DSL,No,No,No,55.0,0,0,5.0,43.28,685.26,0,1182.97
CUST_12219,69,Female,1,No,No,62,Two year,Yes,Electronic check,Fiber optic,No,No,No,476.8,0,1,5.0,81.53,5070.77,0,2925.63
CUST_12220,39,Male,0,Yes,No,52,One year,Yes,Credit card (automatic),No,No internet service,No internet service,No internet service,14.8,0,0,5.0,18.5,953.79,0,1474.81
CUST_12221,37,Female,0,Yes,Yes,39,One year,Yes,Mailed check,DSL,No,Yes,Yes,102.2,2,1,4.0,90.22,3532.18,0,2601.41
CUST_12222,34,Male,0,No,No,50,Two year,No,Mailed check,Fiber optic,Yes,No,Yes,347.5,2,0,4.0,119.85,5995.9,0,3636.84
CUST_12223,52,Male,0,Yes,No,41,Two year,Yes,Credit card (automatic),Fiber optic,No,Yes,No,354.5,0,0,5.0,97.19,3966.57,0,3152.19
CUST_12224,40,Male,0,No,No,22,Month-to-month,Yes,Credit card (automatic),DSL,No,No,No,111.1,1,0,5.0,48.04,1025.82,0,1253.21
CUST_12225,34,Female,0,Yes,No,41,One year,Yes,Credit card (automatic),No,No internet service,No internet service,No internet service,6.4,1,0,4.0,18.5,783.72,0,947.66
CUST_12226,59,Male,0,Yes,No,31,One year,Yes,Mailed check,DSL,No,Yes,No,136.3,0,1,5.0,61.48,1854.03,0,2145.86
CUST_12227,60,Male,0,No,No,59,One year,Yes,Electronic check,DSL,No,No,No,78.6,2,3,4.0,46.4,2703.97,0,2002.74
CUST_12228,34,Male,0,No,No,48,Two year,Yes,Credit card (automatic),No,No internet service,No internet service,No internet service,12.9,1,1,4.0,21.36,1001.84,0,1140.19
CUST_12229,18,Female,0,Yes,Yes,47,Month-to-month,No,Mailed check,Fiber optic,No,No,Yes,404.9,5,1,2.0,100.8,4719.55,0,3228.62
CUST_12230,55,Male,0,Yes,No,29,One year,No,Credit card (automatic),Fiber optic,Yes,No,Yes,445.2,0,0,5.0,118.25,3430.39,0,3477.04
CUST_12231,33,Male,0,Yes,No,39,Two year,No,Bank transfer (automatic),Fiber optic,No,Yes,No,388.9,0,0,5.0,91.57,3568.44,0,2930.45
CUST_12232,52,Male,0,Yes,No,47,One year,No,Credit card (automatic),DSL,No,No,Yes,125.0,1,0,5.0,74.02,3446.06,0,2359.65
CUST_12233,18,Female,0,No,No,46,One year,No,Bank transfer (automatic),DSL,No,Yes,Yes,157.9,1,0,5.0,85.81,3934.62,0,2592.02
CUST_12234,54,Female,0,No,No,53,Month-to-month,Yes,Credit card (automatic),No,No internet service,No internet service,No internet service,17.3,7,0,2.0,19.47,1057.95,0,1070.15
CUST_12235,26,Female,0,Yes,Yes,47,One year,No,Electronic check,DSL,Yes,Yes,Yes,80.5,1,2,5.0,97.89,4601.92,0,3137.75
CUST_12236,51,Female,0,Yes,Yes,51,Two year,Yes,Credit card (automatic),Fiber optic,No,No,Yes,459.2,0,0,5.0,102.7,5252.06,0,3441.47
CUST_12237,42,Female,0,No,No,33,Month-to-month,Yes,Electronic check,DSL,No,No,No,154.6,2,6,3.0,41.44,1333.6,1,939.25
CUST_12238,30,Female,0,No,No,15,One year,No,Electronic check,Fiber optic,Yes,No,No,370.5,0,2,4.0,85.35,1275.12,0,2645.18
CUST_12239,37,Male,0,No,No,50,One year,Yes,Mailed check,No,No internet service,No internet service,No internet service,18.3,1,0,5.0,18.5,943.02,0,1275.73
CUST_12240,51,Female,0,No,No,46,Month-to-month,Yes,Bank transfer (automatic),DSL,Yes,No,Yes,130.3,2,1,4.0,83.54,3845.07,0,2488.61
CUST_12241,43,Male,0,Yes,No,19,One year,Yes,Bank transfer (automatic),Fiber optic,No,Yes,No,5.0,0,1,5.0,95.32,1785.32,0,2593.71
CUST_12242,50,Female,0,No,No,48,Two year,Yes,Electronic check,Fiber optic,No,Yes,No,301.1,0,0,5.0,88.66,4265.11,0,2979.67
CUST_12243,68,Female,1,No,No,31,Month-to-month,No,Bank transfer (automatic),Fiber optic,Yes,Yes,No,330.3,2,1,3.0,107.09,3319.76,0,3520.98
CUST_12244,22,Female,0,No,No,42,Two year,Yes,Credit card (automatic),Fiber optic,No,Yes,No,327.0,3,0,4.0,91.95,3851.65,0,3069.38
CUST_12245,63,Female,0,Yes,Yes,36,Month-to-month,No,Bank transfer (automatic),DSL,Yes,No,Yes,99.3,6,0,2.0,82.05,2966.81,1,1313.52
CUST_12246,43,Male,0,Yes,No,42,Month-to-month,Yes,Mailed check,DSL,No,Yes,No,118.7,1,0,5.0,65.39,2724.41,1,1185.58
CUST_12247,30,Male,0,Yes,Yes,66,One year,Yes,Bank transfer (automatic),Fiber optic,No,No,No,444.0,2,0,4.0,75.68,4987.23,0,2882.6
CUST_12248,25,Female,0,No,No,48,One year,Yes,Credit card (automatic),No,No internet service,No internet service,No internet service,16.3,3,1,3.0,22.47,1073.11,0,1078.7
CUST_12249,40,Female,0,Yes,No,29,One year,No,Credit card (automatic),Fiber optic,Yes,No,Yes,328.4,2,0,5.0,120.12,3502.97,0,3559.64
CUST_12250,54,Female,0,Yes,Yes,51,One year,No,Electronic check,DSL,No,No,No,39.0,1,3,4.0,47.2,2409.34,0,1999.56
CUST_12251,40,Male,0,No,No,36,Month-to-month,Yes,Electronic check,DSL,No,Yes,No,164.6,3,1,4.0,67.75,2426.26,1,1058.11
CUST_12252,62,Male,0,Yes,No,53,Two year,No,Electronic check,No,No internet service,No internet service,No internet service,12.5,0,0,4.0,23.1,1207.3,0,1014.32
CUST_12253,23,Male,0,Yes,No,67,One year,No,Mailed check,Fiber optic,Yes,Yes,No,562.0,0,0,5.0,102.99,6864.74,0,3744.47
CUST_12254,42,Male,0,Yes,Yes,14,Month-to-month,Yes,Mailed check,Fiber optic,No,Yes,Yes,242.9,1,0,5.0,118.18,1634.4,0,3264.34
CUST_12255,26,Male,0,Yes,Yes,6,One year,Yes,Mailed check,Fiber optic,No,Yes,Yes,437.5,0,0,5.0,113.24,677.99,1,1349.2
CUST_12256,47,Female,0,Yes,Yes,61,Month-to-month,No,Bank transfer (automatic),No,No internet service,No internet service,No internet service,14.3,4,0,3.0,24.68,1459.19,1,1054.03
CUST_12257,54,Female,0,No,No,8,One year,Yes,Mailed check,DSL,No,No,Yes,70.5,1,1,5.0,75.81,604.12,0,2120.99
CUST_12258,37,Male,0,No,No,34,Month-to-month,Yes,Electronic check,Fiber optic,Yes,No,No,465.3,1,0,5.0,89.82,3028.98,0,2882.03
CUST_12259,18,Male,0,Yes,No,52,One year,Yes,Mailed check,No,No internet service,No internet service,No internet service,6.5,1,0,5.0,18.5,983.66,0,1024.99
CUST_12260,45,Male,0,Yes,No,6,One year,Yes,Electronic check,Fiber optic,Yes,No,No,370.8,1,2,5.0,92.6,550.0,0,2712.19
CUST_12261,48,Male,0,No,No,10,One year,Yes,Credit card (automatic),DSL,Yes,No,No,125.1,1,1,4.0,59.23,590.63,0,1545.32
CUST_12262,47,Female,0,Yes,Yes,45,Month-to-month,No,Mailed check,DSL,No,No,Yes,89.3,2,0,4.0,70.1,3127.98,1,1450.34
CUST_12263,58,Male,0,Yes,No,55,One year,No,Bank transfer (automatic),DSL,No,No,Yes,170.5,2,1,3.0,69.54,3809.25,0,2618.33
CUST_12264,28,Male,0,No,No,46,One year,No,Electronic check,No,No internet service,No internet service,No internet service,16.2,0,2,5.0,25.18,1151.96,0,1183.67
CUST_12265,51,Female,0,Yes,Yes,12,One year,No,Bank transfer (automatic),DSL,No,No,No,193.5,0,0,5.0,46.51,568.49,0,1491.48
CUST_12266,58,Male,0,Yes,Yes,66,Two year,Yes,Mailed check,Fiber optic,No,No,No,383.9,2,1,4.0,77.46,5106.73,0,3090.22
CUST_12267,19,Male,0,Yes,Yes,51,One year,Yes,Electronic check,DSL,Yes,No,Yes,142.8,1,1,4.0,87.01,4423.63,0,3036.32
CUST_12268,46,Female,0,No,No,19,Month-to-month,No,Bank transfer (automatic),DSL,No,No,No,30.3,0,0,5.0,46.31,861.13,0,1474.01
CUST_12269,35,Female,0,Yes,Yes,39,One year,Yes,Electronic check,Fiber optic,No,No,No,434.9,0,0,5.0,76.05,2971.64,0,2718.57
CUST_12270,41,Female,0,Yes,No,24,Month-to-month,No,Mailed check,No,No internet service,No internet service,No internet service,17.4,2,0,4.0,23.23,551.05,0,892.98
CUST_12271,47,Male,0,Yes,No,68,One year,Yes,Bank transfer (automatic),DSL,No,No,No,98.8,1,0,4.0,50.24,3385.35,0,1969.75
CUST_12272,36,Female,0,No,No,43,One year,Yes,Mailed check,DSL,No,No,Yes,89.3,2,0,4.0,64.41,2775.41,0,2241.26
CUST_12273,33,Male,0,Yes,No,9,Month-to-month,Yes,Bank transfer (automatic),Fiber optic,No,No,No,323.1,3,1,4.0,72.43,697.21,1,1028.85
CUST_12274,42,Male,0,Yes,Yes,8,Month-to-month,No,Electronic check,DSL,No,No,Yes,156.3,1,2,4.0,71.9,564.31,1,839.96
CUST_12275,28,Female,0,No,No,16,Month-to-month,No,Electronic check,No,No internet service,No internet service,No internet service,8.9,4,0,3.0,18.5,302.23,1,318.98
CUST_12276,28,Male,0,No,No,25,Two year,No,Electronic check,DSL,Yes,No,Yes,65.7,1,1,5.0,83.46,2085.07,0,2574.18
CUST_12277,51,Male,0,Yes,No,34,One year,No,Electronic check,Fiber optic,No,No,Yes,448.7,0,1,4.0,97.28,3308.22,0,3220.66
CUST_12278,27,Female,0,Yes,Yes,12,Month-to-month,Yes,Mailed check,DSL,Yes,No,Yes,102.9,3,0,3.0,86.99,1088.36,1,1009.19
CUST_12279,51,Female,0,No,No,19,Two year,Yes,Mailed check,DSL,Yes,No,Yes,114.0,0,0,5.0,83.58,1557.49,1,1261.34
CUST_12280,48,Male,0,No,No,23,Two year,Yes,Bank transfer (automatic),Fiber optic,No,No,Yes,334.8,0,0,5.0,94.74,2185.05,0,2796.35
CUST_12281,20,Male,0,Yes,Yes,40,Month-to-month,Yes,Credit card (automatic),DSL,No,No,Yes,133.7,3,1,4.0,71.77,2871.32,0,2416.99
CUST_12282,33,Female,0,Yes,No,1,Month-to-month,No,Bank transfer (automatic),Fiber optic,Yes,No,No,503.4,2,1,4.0,93.45,58.81,0,2946.91
CUST_12283,58,Female,0,Yes,Yes,65,One year,No,Mailed check,Fiber optic,Yes,No,Yes,219.8,0,0,5.0,112.67,7335.1,0,3562.73
CUST_12284,29,Female,0,Yes,Yes,0,Month-to-month,Yes,Electronic check,DSL,Yes,No,No,138.0,1,3,3.0,57.86,0.0,1,517.78
CUST_12285,36,Male,0,No,No,10,Month-to-month,No,Mailed check,Fiber optic,No,Yes,Yes,347.1,2,1,4.0,116.9,1185.99,0,3386.07
CUST_12286,48,Female,0,Yes,No,32,One year,No,Electronic check,Fiber optic,No,No,Yes,387.7,0,0,5.0,102.86,3284.67,0,3127.35
CUST_12287,52,Male,0,No,No,39,One year,No,Bank transfer (automatic),DSL,Yes,No,Yes,213.9,2,0,4.0,84.15,3284.31,0,2375.27
CUST_12288,39,Male,0,No,No,46,Two year,Yes,Credit card (automatic),No,No internet service,No internet service,No internet service,8.5,2,1,3.0,19.69,915.08,0,909.99
CUST_12289,34,Female,0,Yes,No,35,Month-to-month,No,Mailed check,DSL,Yes,Yes,No,145.5,1,0,4.0,78.73,2712.33,0,2263.02
CUST_12290,60,Male,0,Yes,No,26,Two year,No,Electronic check,DSL,Yes,No,Yes,166.2,0,0,5.0,77.0,2016.55,0,2124.96
CUST_12291,65,Female,1,No,No,42,Two year,No,Credit card (automatic),DSL,No,No,Yes,78.0,0,0,5.0,64.92,2738.72,0,2236.3
CUST_12292,55,Male,0,Yes,Yes,44,Two year,Yes,Electronic check,No,No internet service,No internet service,No internet service,13.7,0,1,5.0,18.87,824.89,0,1096.22
CUST_12293,43,Female,0,No,No,42,One year,Yes,Credit card (automatic),DSL,No,No,Yes,98.3,1,0,4.0,76.92,3248.99,0,2457.27
CUST_12294,31,Male,0,No,No,2,Month-to-month,Yes,Credit card (automatic),DSL,No,Yes,No,179.1,4,0,3.0,69.72,181.03,1,732.43
CUST_12295,31,Male,0,Yes,No,29,Month-to-month,Yes,Mailed check,Fiber optic,No,No,No,350.5,0,0,5.0,83.63,2467.55,0,2780.4
CUST_12296,49,Female,0,Yes,Yes,52,Two year,Yes,Electronic check,No,No internet service,No internet service,No internet service,6.6,0,2,5.0,20.19,1096.47,0,1229.69
CUST_12297,47,Female,0,Yes,No,37,One year,Yes,Credit card (automatic),No,No internet service,No internet service,No internet service,26.9,3,0,4.0,18.5,647.49,1,561.42
CUST_12298,60,Female,0,No,No,22,Two year,Yes,Bank transfer (automatic),Fiber optic,No,No,Yes,554.1,0,1,4.0,101.97,2238.14,0,2907.69
CUST_12299,50,Female,0,No,No,53,Month-to-month,Yes,Electronic check,Fiber optic,No,Yes,No,464.3,2,2,4.0,90.61,4805.2,1,1568.68
CUST_12300,22,Male,0,No,No,13,One year,No,Mailed check,DSL,No,No,Yes,111.1,1,3,3.0,73.02,947.87,0,1862.06
CUST_12301,56,Male,0,No,No,40,Two year,Yes,Bank transfer (automatic),Fiber optic,No,No,Yes,215.3,1,0,4.0,101.78,4095.77,0,3372.1
CUST_12302,29,Female,0,Yes,Yes,60,Two year,Yes,Electronic check,DSL,No,No,No,109.4,0,1,5.0,56.27,3343.02,0,2078.11
CUST_12303,37,Male,0,No,No,41,Month-to-month,Yes,Electronic check,Fiber optic,No,Yes,Yes,463.7,3,2,3.0,122.47,4997.66,1,1779.41
CUST_12304,45,Male,0,No,No,48,One year,Yes,Electronic check,DSL,No,No,No,112.0,0,0,5.0,45.17,2158.38,0,1760.74
CUST_12305,68,Male,1,No,No,50,One year,No,Electronic check,Fiber optic,Yes,Yes,No,281.6,0,1,4.0,105.53,5280.62,0,3368.25
CUST_12306,80,Female,1,Yes,No,68,One year,Yes,Electronic check,DSL,Yes,No,Yes,58.0,0,0,5.0,81.07,5513.59,0,2820.86
CUST_12307,50,Female,0,No,No,27,Month-to-month,No,Electronic check,Fiber optic,No,No,Yes,237.2,0,2,4.0,98.19,2658.1,0,2694.76
CUST_12308,40,Female,0,No,No,6,Month-to-month,Yes,Electronic check,Fiber optic,Yes,Yes,Yes,180.7,0,2,5.0,127.16,776.54,1,1310.55
CUST_12309,49,Male,0,No,No,7,One year,Yes,Electronic check,DSL,Yes,No,Yes,125.0,3,1,4.0,74.87,544.19,1,639.68
CUST_12310,54,Female,0,No,No,5,Month-to-month,No,Credit card (automatic),DSL,Yes,Yes,Yes,154.0,1,2,4.0,94.58,488.13,0,2258.4
CUST_12311,38,Female,0,No,No,19,Two year,No,Bank transfer (automatic),DSL,Yes,No,Yes,66.4,1,0,4.0,86.51,1637.69,0,2576.05
CUST_12312,65,Female,1,No,No,43,One year,Yes,Mailed check,No,No internet service,No internet service,No internet service,6.3,0,0,5.0,18.5,786.67,0,930.07
CUST_12313,45,Male,0,No,No,33,One year,No,Bank transfer (automatic),No,No internet service,No internet service,No internet service,15.0,0,0,5.0,18.5,598.17,0,915.44
CUST_12314,48,Female,0,No,No,34,Month-to-month,No,Electronic check,DSL,No,Yes,No,110.4,3,1,3.0,67.62,2335.36,0,1828.94
CUST_12315,51,Female,0,Yes,Yes,27,Two year,Yes,Credit card (automatic),DSL,Yes,No,No,134.2,0,0,5.0,65.33,1733.0,0,2070.41
CUST_12316,47,Female,0,Yes,Yes,68,Month-to-month,No,Mailed check,Fiber optic,No,Yes,Yes,166.3,1,0,5.0,109.81,7481.29,0,3624.15
CUST_12317,53,Female,0,Yes,No,39,Month-to-month,No,Mailed check,Fiber optic,No,No,No,489.1,1,0,4.0,82.65,3218.97,0,2844.55
CUST_12318,34,Male,0,No,No,56,Month-to-month,Yes,Credit card (automatic),DSL,No,No,No,137.5,1,0,5.0,51.98,2977.54,0,1883.42
CUST_12319,35,Female,0,No,No,28,Month-to-month,No,Bank transfer (automatic),No,No internet service,No internet service,No internet service,20.9,2,0,3.0,20.85,556.03,0,811.55
CUST_12320,28,Female,0,No,No,40,One year,Yes,Electronic check,No,No internet service,No internet service,No internet service,12.6,1,0,5.0,19.13,737.05,0,803.44
CUST_12321,48,Male,0,Yes,No,23,One year,Yes,Credit card (automatic),DSL,No,Yes,Yes,162.7,2,0,4.0,88.58,2085.02,0,2491.62
CUST_12322,52,Female,0,Yes,No,28,Month-to-month,Yes,Credit card (automatic),Fiber optic,Yes,No,Yes,280.5,1,2,4.0,111.22,3095.98,0,2952.66
CUST_12323,48,Female,0,Yes,No,42,Two year,No,Credit card (automatic),DSL,No,Yes,Yes,160.9,0,1,4.0,85.84,3611.24,0,2488.4
CUST_12324,64,Male,0,Yes,No,26,One year,No,Electronic check,Fiber optic,No,No,Yes,284.7,4,0,4.0,103.93,2650.22,0,2839.53
CUST_12325,42,Female,0,No,No,25,Two year,Yes,Credit card (automatic),Fiber optic,Yes,No,Yes,116.1,0,1,4.0,109.7,2743.13,0,3156.76
CUST_12326,51,Female,0,Yes,No,58,Month-to-month,Yes,Mailed check,Fiber optic,No,No,Yes,453.0,1,0,5.0,98.67,5713.12,0,3573.47
CUST_12327,28,Female,0,No,No,53,Month-to-month,Yes,Bank transfer (automatic),Fiber optic,No,Yes,Yes,274.4,0,0,5.0,120.73,6405.91,1,1775.85
CUST_12328,37,Female,0,No,No,39,Month-to-month,Yes,Electronic check,No,No internet service,No internet service,No internet service,20.0,2,0,5.0,18.5,712.27,0,614.49
CUST_12329,51,Male,0,Yes,Yes,56,One year,No,Electronic check,Fiber optic,No,No,Yes,150.9,0,1,4.0,103.12,5765.57,0,3679.19
CUST_12330,53,Male,0,No,No,31,One year,No,Electronic check,DSL,Yes,Yes,Yes,45.5,5,1,3.0,97.63,3063.44,0,2711.05
CUST_12331,38,Male,0,Yes,No,17,One year,Yes,Mailed check,DSL,Yes,No,No,102.8,0,0,5.0,62.26,1084.15,0,1786.59
CUST_12332,41,Female,0,Yes,No,44,One year,Yes,Electronic check,Fiber optic,No,No,Yes,351.7,0,4,4.0,100.71,4436.12,0,3585.1
CUST_12333,22,Female,0,No,No,39,Two year,Yes,Electronic check,DSL,Yes,Yes,No,47.0,2,2,4.0,72.32,2853.72,0,2361.3
CUST_12334,37,Male,0,No,No,28,Month-to-month,Yes,Credit card (automatic),DSL,Yes,Yes,Yes,94.3,1,0,5.0,89.57,2535.92,0,2659.62
CUST_12335,54,Male,0,Yes,Yes,26,Month-to-month,No,Bank transfer (automatic),Fiber optic,No,No,Yes,209.6,1,0,5.0,94.46,2481.06,0,2862.73
CUST_12336,49,Female,0,Yes,No,43,Month-to-month,Yes,Mailed check,DSL,No,No,Yes,123.9,1,0,5.0,68.32,2981.94,0,2297.24
CUST_12337,49,Female,0,Yes,Yes,60,One year,Yes,Bank transfer (automatic),Fiber optic,No,No,No,622.9,1,0,5.0,81.41,4886.09,0,3110.99
CUST_12338,43,Female,0,Yes,No,2,Month-to-month,Yes,Bank transfer (automatic),DSL,No,Yes,No,101.6,3,0,3.0,64.59,148.64,1,759.33
CUST_12339,42,Female,0,No,No,21,One year,No,Electronic check,Fiber optic,No,Yes,No,271.7,0,1,5.0,97.37,2062.2,0,2669.69
CUST_12340,33,Female,0,No,No,37,Two year,Yes,Bank transfer (automatic),Fiber optic,No,No,Yes,365.3,0,0,5.0,102.19,3765.12,0,3299.2
CUST_12341,51,Female,0,Yes,No,22,One year,Yes,Bank transfer (automatic),No,No internet service,No internet service,No internet service,25.3,0,0,5.0,19.93,447.31,0,848.35
CUST_12342,47,Male,0,No,No,8,Month-to-month,No,Electronic check,DSL,No,No,No,73.3,1,3,3.0,52.75,434.36,1,514.18
CUST_12343,48,Male,0,Yes,No,26,Month-to-month,Yes,Electronic check,DSL,Yes,No,No,121.8,6,1,3.0,61.18,1606.16,1,710.12
CUST_12344,35,Female,0,Yes,No,43,Two year,No,Mailed check,Fiber optic,No,Yes,Yes,655.7,2,0,3.0,119.75,5117.68,0,3859.85
CUST_12345,18,Female,0,No,No,68,Two year,No,Bank transfer (automatic),No,No internet service,No internet service,No internet service,11.4,2,1,3.0,20.85,1374.05,0,1323.19
CUST_12346,56,Male,0,No,No,55,Two year,Yes,Electronic check,DSL,No,No,No,98.4,3,0,4.0,44.52,2453.2,0,1753.51
CUST_12347,36,Female,0,No,No,38,Two year,Yes,Bank transfer (automatic),DSL,Yes,Yes,Yes,159.0,0,1,4.0,98.86,3757.18,0,3150.92
CUST_12348,31,Male,0,No,No,31,Month-to-month,Yes,Mailed check,DSL,No,No,Yes,195.8,1,0,4.0,69.85,2182.63,0,2494.76
CUST_12349,51,Female,0,No,No,56,Two year,No,Bank transfer (automatic),Fiber optic,Yes,Yes,No,587.5,3,0,4.0,100.95,5665.7,0,3504.11
CUST_12350,37,Male,0,Yes,Yes,36,Month-to-month,No,Credit card (automatic),Fiber optic,Yes,No,No,331.9,3,0,4.0,96.47,3473.63,0,3208.3
CUST_12351,56,Female,0,No,No,42,One year,No,Credit card (automatic),Fiber optic,Yes,No,Yes,234.5,3,0,4.0,112.05,4669.72,0,3474.31
CUST_12352,50,Female,0,No,No,13,Month-to-month,Yes,Bank transfer (automatic),DSL,No,Yes,Yes,93.8,6,0,3.0,84.34,1082.13,1,1095.9
CUST_12353,51,Female,0,Yes,Yes,11,Month-to-month,Yes,Electronic check,Fiber optic,Yes,Yes,Yes,216.1,2,0,3.0,123.99,1365.86,1,1340.45
CUST_12354,24,Female,0,No,No,30,One year,Yes,Bank transfer (automatic),Fiber optic,No,No,No,359.4,1,1,4.0,74.07,2216.46,0,2408.24
CUST_12355,58,Female,0,No,No,5,Month-to-month,No,Bank transfer (automatic),DSL,No,No,Yes,148.0,1,0,4.0,70.36,344.12,1,728.75
CUST_12356,45,Male,0,Yes,No,17,One year,No,Bank transfer (automatic),Fiber optic,Yes,No,No,374.0,1,0,5.0,95.01,1622.18,0,2606.32
CUST_12357,37,Female,0,No,No,39,One year,Yes,Credit card (automatic),Fiber optic,No,No,No,289.7,1,0,5.0,81.28,3179.68,0,2417.54
CUST_12358,44,Female,0,Yes,Yes,34,Month-to-month,Yes,Electronic check,DSL,Yes,Yes,No,159.7,4,1,3.0,72.48,2501.82,0,2309.76
CUST_12359,19,Male,0,No,No,28,One year,No,Bank transfer (automatic),No,No internet service,No internet service,No internet service,17.8,2,0,3.0,20.82,581.15,0,923.74
CUST_12360,47,Male,0,Yes,Yes,0,One year,Yes,Electronic check,DSL,No,No,No,140.3,1,0,5.0,59.25,,0,1527.91
CUST_12361,29,Male,0,No,No,26,One year,Yes,Mailed check,No,No internet service,No internet service,No internet service,19.2,2,1,4.0,18.5,482.03,0,747.41
CUST_12362,24,Male,0,Yes,Yes,62,Two year,Yes,Mailed check,Fiber optic,Yes,Yes,Yes,389.3,1,0,4.0,127.51,7889.7,0,4183.66
CUST_12363,22,Female,0,Yes,Yes,49,One year,Yes,Mailed check,Fiber optic,No,No,Yes,335.9,2,0,5.0,103.5,5062.53,0,3551.31
CUST_12364,56,Male,0,Yes,No,6,Month-to-month,Yes,Bank transfer (automatic),DSL,No,Yes,No,69.0,3,0,3.0,61.62,367.64,0,1831.0
CUST_12365,34,Male,0,No,No,67,One year,Yes,Bank transfer (automatic),No,No internet service,No internet service,No internet service,13.4,0,1,5.0,18.5,1224.32,0,1517.8
CUST_12366,62,Male,0,No,No,21,Month-to-month,Yes,Bank transfer (automatic),DSL,No,No,Yes,87.5,3,1,4.0,78.01,1633.69,0,2214.01
CUST_12367,35,Female,0,No,No,43,Two year,Yes,Credit card (automatic),Fiber optic,No,Yes,No,565.9,1,0,5.0,92.33,3994.86,0,3302.15
CUST_12368,20,Female,0,No,No,30,One year,Yes,Bank transfer (automatic),No,No internet service,No internet service,No internet service,23.7,1,0,4.0,24.01,707.82,0,883.98
CUST_12369,27,Female,0,Yes,Yes,28,Month-to-month,Yes,Credit card (automatic),DSL,No,No,No,180.3,6,0,3.0,46.25,1262.05,1,935.19
CUST_12370,58,Male,0,Yes,Yes,8,Month-to-month,Yes,Bank transfer (automatic),No,No internet service,No internet service,No internet service,12.9,4,1,3.0,29.24,244.28,0,957.39
CUST_12371,40,Male,0,No,No,6,One year,Yes,Mailed check,Fiber optic,Yes,Yes,No,335.2,1,1,4.0,112.24,682.3,0,3033.87
CUST_12372,35,Male,0,Yes,No,12,Month-to-month,Yes,Mailed check,Fiber optic,No,No,Yes,271.4,3,0,4.0,99.15,1193.57,1,1179.37
CUST_12373,44,Female,0,No,No,13,Two year,No,Bank transfer (automatic),No,No internet service,No internet service,No internet service,8.7,2,0,4.0,20.53,277.92,0,930.66
CUST_12374,49,Male,0,No,No,20,Two year,Yes,Bank transfer (automatic),Fiber optic,No,Yes,Yes,452.1,0,0,5.0,114.45,2261.08,0,3292.27
CUST_12375,57,Male,0,Yes,No,28,One year,Yes,Bank transfer (automatic),Fiber optic,No,No,Yes,259.9,1,0,5.0,100.69,2817.63,0,3043.19
CUST_12376,61,Female,0,Yes,No,56,Two year,Yes,Bank transfer (automatic),Fiber optic,No,No,No,317.0,4,0,3.0,75.38,4205.26,0,2860.11
CUST_12377,37,Male,0,No,No,63,One year,No,Credit card (automatic),Fiber optic,Yes,No,Yes,304.8,1,1,4.0,110.93,7029.51,0,3790.27
CUST_12378,25,Female,0,Yes,No,39,One year,Yes,Electronic check,DSL,No,Yes,No,199.6,0,2,4.0,54.69,2128.9,1,1154.65
CUST_12379,37,Male,0,Yes,Yes,61,Two year,Yes,Bank transfer (automatic),DSL,No,No,No,122.1,0,0,5.0,46.52,2840.83,0,2204.9
CUST_12380,45,Male,0,Yes,No,61,One year,No,Bank transfer (automatic),DSL,No,No,Yes,155.8,0,0,5.0,67.67,4070.6,0,2560.22
CUST_12381,29,Male,0,No,No,19,Month-to-month,Yes,Electronic check,DSL,No,Yes,Yes,105.2,2,1,4.0,82.96,1529.81,0,2195.27
CUST_12382,30,Male,0,No,No,11,Month-to-month,No,Credit card (automatic),Fiber optic,Yes,No,Yes,267.0,1,0,4.0,115.03,1301.5,0,3154.86
CUST_12383,46,Male,0,Yes,Yes,44,Two year,No,Credit card (automatic),DSL,Yes,No,Yes,136.9,0,0,5.0,81.29,3576.1,0,2544.67
CUST_12384,41,Female,0,Yes,No,20,Month-to-month,No,Electronic check,DSL,No,No,No,163.6,2,0,4.0,53.44,1053.64,0,1815.22
CUST_12385,42,Female,0,Yes,No,59,Month-to-month,Yes,Mailed check,Fiber optic,No,No,Yes,286.6,2,1,3.0,98.04,5771.14,0,3381.25
CUST_12386,32,Male,0,No,No,31,Two year,Yes,Bank transfer (automatic),No,No internet service,No internet service,No internet service,18.5,0,0,5.0,18.5,578.33,0,899.44
CUST_12387,39,Female,0,Yes,No,45,One year,No,Electronic check,DSL,No,Yes,No,108.7,3,1,4.0,65.0,2930.17,1,1344.58
CUST_12388,30,Female,0,Yes,No,60,One year,Yes,Mailed check,Fiber optic,Yes,Yes,No,143.0,0,1,5.0,100.82,6037.17,0,3450.6
CUST_12389,54,Male,0,No,No,32,Month-to-month,Yes,Mailed check,DSL,No,No,Yes,87.0,5,1,3.0,69.65,2233.37,0,1978.58
CUST_12390,55,Male,0,No,No,17,Month-to-month,Yes,Credit card (automatic),DSL,Yes,Yes,No,118.8,4,0,2.0,68.65,1152.84,0,1859.24
CUST_12391,18,Female,0,No,No,40,Month-to-month,Yes,Credit card (automatic),DSL,No,Yes,Yes,130.2,5,0,4.0,82.26,3298.37,0,2846.31
CUST_12392,30,Female,0,No,No,7,Month-to-month,Yes,Electronic check,DSL,Yes,No,No,145.9,3,0,4.0,65.64,487.51,1,729.63
CUST_12393,23,Female,0,Yes,Yes,33,One year,Yes,Credit card (automatic),DSL,No,No,No,182.7,2,1,4.0,50.7,1664.58,1,1013.56
CUST_12394,34,Female,0,Yes,Yes,40,Two year,Yes,Credit card (automatic),Fiber optic,No,Yes,Yes,350.2,0,0,5.0,112.71,4510.52,0,3503.82
CUST_12395,41,Female,0,Yes,No,25,Month-to-month,Yes,Mailed check,Fiber optic,No,No,Yes,173.5,4,0,4.0,101.49,2529.82,0,2934.02
CUST_12396,23,Male,0,Yes,No,45,Two year,No,Electronic check,Fiber optic,Yes,No,No,376.4,1,2,4.0,91.44,4061.97,0,3069.84
CUST_12397,30,Female,0,No,No,19,Month-to-month,Yes,Bank transfer (automatic),DSL,Yes,No,Yes,101.7,2,1,4.0,85.55,1647.92,0,2524.35
CUST_12398,29,Female,0,No,No,47,Month-to-month,Yes,Electronic check,Fiber optic,Yes,No,No,220.6,2,5,3.0,83.91,3930.27,1,1360.98
CUST_12399,45,Female,0,No,No,9,One year,No,Mailed check,DSL,No,No,No,122.2,0,0,5.0,34.68,300.54,0,879.13
CUST_12400,43,Male,0,Yes,No,32,Month-to-month,No,Electronic check,Fiber optic,Yes,No,No,434.7,2,0,4.0,89.64,2879.55,1,1568.29
CUST_12401,33,Female,0,No,No,41,Two year,Yes,Mailed check,DSL,Yes,No,Yes,145.4,1,0,4.0,79.9,3318.72,0,2644.61
CUST_12402,44,Female,0,No,No,8,Month-to-month,No,Mailed check,Fiber optic,No,Yes,Yes,243.2,2,0,4.0,115.82,944.73,1,1199.36
CUST_12403,35,Female,0,Yes,No,21,Month-to-month,Yes,Bank transfer (automatic),No,No internet service,No internet service,No internet service,21.3,2,0,3.0,24.61,511.3,0,705.15
CUST_12404,38,Male,0,No,No,38,Two year,Yes,Electronic check,Fiber optic,No,No,Yes,419.7,0,0,5.0,101.6,3878.66,0,3283.67
CUST_12405,64,Male,0,Yes,Yes,25,Month-to-month,No,Bank transfer (automatic),DSL,Yes,No,Yes,188.7,3,0,4.0,85.93,2161.0,0,2490.7
CUST_12406,59,Female,0,Yes,Yes,25,Month-to-month,Yes,Bank transfer (automatic),No,No internet service,No internet service,No internet service,25.9,1,0,5.0,20.09,499.61,1,423.47
CUST_12407,25,Female,0,No,No,2,Month-to-month,No,Electronic check,DSL,No,No,No,145.7,4,0,3.0,48.13,120.52,1,530.32
CUST_12408,53,Female,0,No,No,31,Month-to-month,Yes,Bank transfer (automatic),Fiber optic,No,No,No,496.8,4,2,3.0,81.78,2554.57,0,2733.24
CUST_12409,53,Male,0,Yes,Yes,4,One year,No,Electronic check,DSL,No,Yes,No,141.9,2,1,4.0,66.48,311.04,0,1954.33
CUST_12410,27,Male,0,Yes,No,14,Two year,Yes,Bank transfer (automatic),DSL,No,No,Yes,55.2,1,0,5.0,74.59,1035.35,0,2101.58
CUST_12411,53,Female,0,No,No,16,One year,Yes,Mailed check,Fiber optic,Yes,No,Yes,62.8,1,1,5.0,112.87,1807.64,0,3182.32
CUST_12412,62,Female,0,No,No,14,Month-to-month,No,Mailed check,DSL,Yes,No,Yes,96.8,1,1,5.0,79.04,1148.46,0,2010.22
CUST_12413,27,Female,0,No,No,4,Month-to-month,No,Electronic check,Fiber optic,Yes,No,No,399.7,1,1,4.0,89.77,341.18,1,1132.93
CUST_12414,30,Female,0,Yes,No,46,Two year,No,Electronic check,DSL,Yes,No,Yes,57.3,0,1,5.0,85.37,3918.77,0,2807.83
CUST_12415,55,Male,0,Yes,Yes,2,Month-to-month,Yes,Electronic check,DSL,No,No,No,119.6,3,3,3.0,51.53,96.9,1,868.47
CUST_12416,46,Female,0,Yes,No,24,Month-to-month,Yes,Credit card (automatic),DSL,No,No,No,154.2,4,1,3.0,46.42,1118.68,0,1550.07
CUST_12417,49,Female,0,Yes,Yes,8,One year,No,Bank transfer (automatic),Fiber optic,No,No,Yes,157.0,0,1,5.0,97.69,804.17,0,2607.1
CUST_12418,46,Female,0,Yes,Yes,58,One year,Yes,Credit card (automatic),Fiber optic,No,Yes,Yes,471.2,2,0,4.0,117.13,6807.08,0,4040.58
CUST_12419,47,Male,0,Yes,No,8,Month-to-month,Yes,Credit card (automatic),Fiber optic,No,Yes,Yes,382.3,0,0,4.0,109.12,846.2,0,3053.8
CUST_12420,25,Male,0,No,No,19,Month-to-month,Yes,Credit card (automatic),DSL,Yes,No,Yes,119.6,2,0,5.0,77.96,1489.79,0,1998.02
CUST_12421,56,Female,0,Yes,Yes,13,One year,No,Bank transfer (automatic),Fiber optic,No,No,Yes,195.2,1,0,5.0,100.62,1333.46,0,2728.88
CUST_12422,57,Female,0,No,No,36,Month-to-month,Yes,Electronic check,Fiber optic,No,No,No,434.1,2,2,3.0,76.36,2775.49,1,1228.3
CUST_12423,39,Female,0,Yes,No,50,Two year,No,Credit card (automatic),DSL,No,Yes,No,126.6,1,1,3.0,62.79,3203.49,0,2120.86
CUST_12424,41,Female,0,Yes,No,30,Month-to-month,Yes,Electronic check,DSL,No,No,Yes,30.9,1,2,4.0,67.08,2036.38,1,1119.61
CUST_12425,22,Female,0,Yes,Yes,5,One year,Yes,Mailed check,Fiber optic,Yes,Yes,Yes,376.8,0,1,4.0,126.96,598.05,1,1452.22
CUST_12426,49,Male,0,No,No,6,Month-to-month,No,Credit card (automatic),No,No internet service,No internet service,No internet service,10.0,2,0,4.0,20.55,123.64,0,578.8
CUST_12427,49,Male,0,Yes,Yes,33,One year,Yes,Mailed check,Fiber optic,Yes,No,Yes,264.2,1,0,4.0,113.96,3751.62,0,3335.87
CUST_12428,41,Male,0,No,No,23,Two year,Yes,Electronic check,DSL,No,No,Yes,124.2,0,1,5.0,68.15,1558.94,0,1776.46
CUST_12429,57,Female,0,No,No,39,Month-to-month,Yes,Mailed check,DSL,Yes,No,Yes,139.1,0,0,4.0,87.69,3416.68,0,2791.07
CUST_12430,38,Male,0,No,No,67,One year,Yes,Credit card (automatic),DSL,No,No,Yes,164.7,1,1,5.0,67.06,4510.99,0,2730.66
CUST_12431,49,Male,0,Yes,No,43,Two year,No,Credit card (automatic),No,No internet service,No internet service,No internet service,10.5,0,0,5.0,18.55,784.97,0,1005.96
CUST_12432,29,Female,0,No,No,14,Month-to-month,Yes,Bank transfer (automatic),Fiber optic,Yes,No,No,354.1,2,0,4.0,98.95,1380.42,0,2805.29
CUST_12433,42,Female,0,No,No,17,One year,Yes,Credit card (automatic),Fiber optic,Yes,No,Yes,122.3,0,0,5.0,104.86,1740.45,0,2888.08
CUST_12434,40,Female,0,Yes,No,60,Month-to-month,Yes,Electronic check,Fiber optic,No,No,Yes,398.1,3,1,4.0,102.81,6125.6,0,3817.05
CUST_12435,45,Female,0,No,No,32,One year,No,Electronic check,Fiber optic,No,Yes,Yes,301.4,0,0,5.0,115.2,3699.58,0,3446.02
CUST_12436,37,Female,0,No,No,22,Month-to-month,No,Mailed check,DSL,Yes,No,Yes,142.2,0,0,5.0,80.64,1788.91,0,2151.09
CUST_12437,40,Male,0,No,No,9,Month-to-month,No,Electronic check,Fiber optic,No,No,No,327.3,2,2,3.0,85.59,771.72,1,1223.15
CUST_12438,53,Female,0,No,No,19,Month-to-month,Yes,Mailed check,Fiber optic,Yes,No,Yes,284.1,1,0,4.0,108.25,2093.27,1,1012.17
CUST_12439,36,Male,0,No,No,30,One year,Yes,Electronic check,DSL,Yes,No,Yes,108.9,2,1,5.0,87.24,2625.19,0,2586.78
CUST_12440,21,Female,0,No,No,12,Month-to-month,Yes,Mailed check,DSL,No,Yes,Yes,27.7,2,1,4.0,86.09,992.54,0,2017.51
CUST_12441,65,Male,1,Yes,Yes,47,Two year,Yes,Electronic check,DSL,No,Yes,No,150.8,1,0,5.0,63.85,3021.59,0,2161.83
CUST_12442,60,Female,0,No,No,44,One year,Yes,Electronic check,DSL,No,No,Yes,153.8,0,0,5.0,66.72,2891.73,0,2462.11
CUST_12443,25,Male,0,No,No,15,Month-to-month,No,Credit card (automatic),Fiber optic,Yes,No,No,451.8,4,0,3.0,87.94,1363.47,1,1187.85
CUST_12444,51,Female,0,No,No,46,Two year,No,Electronic check,DSL,No,Yes,Yes,115.5,0,3,4.0,80.21,3724.4,0,2501.98
CUST_12445,35,Female,0,No,No,26,Month-to-month,No,Electronic check,Fiber optic,Yes,Yes,Yes,489.8,0,3,4.0,128.0,3377.81,0,3790.94
CUST_12446,45,Male,0,Yes,Yes,0,One year,Yes,Electronic check,Fiber optic,No,No,No,263.2,0,0,5.0,83.89,29.22,1,1128.81
CUST_12447,46,Female,0,Yes,Yes,56,Two year,Yes,Credit card (automatic),Fiber optic,Yes,Yes,No,228.9,1,1,5.0,104.22,5859.43,0,3449.31
CUST_12448,39,Male,0,Yes,No,42,One year,Yes,Bank transfer (automatic),Fiber optic,No,No,Yes,437.5,2,0,4.0,101.28,4287.43,0,3357.44
CUST_12449,32,Male,0,Yes,No,45,Month-to-month,No,Bank transfer (automatic),Fiber optic,Yes,No,No,282.1,4,0,4.0,94.28,4247.77,1,1498.19
CUST_12450,33,Female,0,Yes,No,64,Two year,No,Electronic check,DSL,No,No,Yes,189.1,0,1,5.0,67.14,4269.21,0,2292.44
CUST_12451,30,Female,0,No,No,12,Month-to-month,No,Mailed check,DSL,Yes,No,No,169.4,0,0,5.0,59.68,737.13,0,1917.72
CUST_12452,31,Male,0,Yes,No,16,Two year,No,Electronic check,Fiber optic,Yes,No,Yes,355.2,0,1,4.0,115.58,1882.42,0,3257.69
CUST_12453,41,Female,0,No,No,68,One year,No,Electronic check,DSL,No,No,No,69.9,0,0,5.0,52.03,3577.28,0,2041.02
CUST_12454,33,Male,0,No,No,32,Month-to-month,Yes,Bank transfer (automatic),No,No internet service,No internet service,No internet service,11.3,0,1,5.0,23.14,712.9,0,840.53
CUST_12455,51,Male,0,Yes,No,31,Month-to-month,Yes,Credit card (automatic),Fiber optic,No,Yes,No,326.9,3,0,4.0,89.39,2703.73,0,2776.55
CUST_12456,61,Female,0,Yes,No,54,Two year,No,Electronic check,Fiber optic,Yes,Yes,No,674.3,3,1,4.0,107.91,5845.39,0,3989.83
CUST_12457,34,Female,0,No,No,9,One year,No,Bank transfer (automatic),Fiber optic,Yes,Yes,Yes,379.5,0,1,4.0,122.53,1125.56,0,3309.22
CUST_12458,45,Male,0,No,No,20,Month-to-month,No,Electronic check,Fiber optic,No,No,No,436.6,3,4,3.0,84.33,1652.19,1,1288.41
CUST_12459,48,Female,0,No,No,33,Two year,Yes,Electronic check,No,No internet service,No internet service,No internet service,10.6,2,2,3.0,18.5,600.18,1,641.9
CUST_12460,48,Female,0,No,No,41,Month-to-month,Yes,Electronic check,DSL,No,No,Yes,123.9,2,2,4.0,71.81,2947.06,0,2191.75
CUST_12461,43,Female,0,No,No,13,One year,Yes,Credit card (automatic),Fiber optic,No,No,No,255.8,0,0,5.0,76.49,988.8,0,2065.85
CUST_12462,52,Male,0,No,No,27,One year,Yes,Electronic check,DSL,No,No,No,95.6,0,2,4.0,48.71,1288.02,0,1372.85
CUST_12463,48,Female,0,No,No,32,Two year,No,Bank transfer (automatic),No,No internet service,No internet service,No internet service,5.6,0,0,4.0,18.5,616.75,0,1064.66
CUST_12464,26,Female,0,No,No,22,Month-to-month,Yes,Electronic check,Fiber optic,No,No,No,388.1,2,3,4.0,74.16,1634.91,1,1005.31
CUST_12465,53,Male,0,No,No,39,One year,No,Mailed check,DSL,No,Yes,Yes,150.3,1,0,5.0,87.27,3413.73,0,2935.42
CUST_12466,54,Female,0,Yes,No,65,Two year,Yes,Mailed check,No,No internet service,No internet service,No internet service,7.2,1,1,4.0,21.04,1385.75,0,1430.69
CUST_12467,32,Female,0,No,No,26,Month-to-month,Yes,Electronic check,DSL,No,Yes,No,70.2,1,0,5.0,66.74,1782.77,0,2019.22
CUST_12468,42,Male,0,Yes,Yes,54,Month-to-month,Yes,Credit card (automatic),DSL,No,No,Yes,58.9,3,0,4.0,70.13,3778.45,0,2417.02
CUST_12469,51,Male,0,No,No,2,Month-to-month,Yes,Credit card (automatic),Fiber optic,No,No,No,350.9,0,0,5.0,65.77,164.88,0,1981.88
CUST_12470,39,Male,0,Yes,No,39,Two year,No,Electronic check,No,No internet service,No internet service,No internet service,14.7,1,3,3.0,23.28,923.3,0,723.7
CUST_12471,56,Female,0,Yes,No,23,Month-to-month,Yes,Bank transfer (automatic),No,No internet service,No internet service,No internet service,19.5,1,0,4.0,23.13,513.47,0,811.93
CUST_12472,73,Male,1,Yes,Yes,30,Month-to-month,Yes,Mailed check,Fiber optic,No,Yes,No,208.4,1,0,5.0,100.34,3011.77,0,3135.78
CUST_12473,32,Female,0,Yes,Yes,23,Month-to-month,No,Bank transfer (automatic),DSL,Yes,No,No,104.3,2,2,3.0,59.85,1402.72,1,860.87
CUST_12474,24,Female,0,Yes,No,50,Two year,Yes,Bank transfer (automatic),DSL,No,No,No,87.8,2,0,4.0,40.84,2044.7,0,1635.91
CUST_12475,46,Female,0,No,No,4,Month-to-month,Yes,Electronic check,DSL,No,No,Yes,147.4,1,0,4.0,67.13,288.12,0,2066.13
CUST_12476,51,Female,0,Yes,No,70,Two year,Yes,Credit card (automatic),DSL,Yes,No,No,119.2,2,0,4.0,63.76,4453.96,0,2489.01
CUST_12477,39,Male,0,Yes,Yes,53,Two year,No,Electronic check,Fiber optic,No,Yes,No,280.6,2,2,4.0,93.67,4929.13,0,3340.95
CUST_12478,61,Female,0,Yes,Yes,24,One year,No,Electronic check,Fiber optic,Yes,No,No,252.2,0,1,5.0,95.53,2261.97,0,2883.49
CUST_12479,25,Male,0,No,No,54,One year,No,Bank transfer (automatic),Fiber optic,Yes,No,Yes,394.4,0,0,5.0,117.07,6314.38,1,2022.17
CUST_12480,51,Male,0,Yes,Yes,59,Month-to-month,No,Electronic check,DSL,No,Yes,Yes,166.1,3,1,3.0,80.65,4780.17,0,2583.62
CUST_12481,34,Male,0,Yes,Yes,34,One year,Yes,Electronic check,DSL,No,Yes,Yes,134.2,1,2,4.0,82.0,2799.96,1,1256.74
CUST_12482,64,Female,0,No,No,17,Month-to-month,Yes,Electronic check,DSL,Yes,No,Yes,105.5,5,1,2.0,77.99,1342.22,1,1195.28
CUST_12483,68,Male,1,No,No,8,Two year,No,Credit card (automatic),Fiber optic,Yes,No,Yes,179.9,0,1,4.0,113.45,889.8,0,3305.65
CUST_12484,32,Female,0,Yes,Yes,50,Two year,No,Electronic check,Fiber optic,Yes,No,Yes,507.2,4,1,4.0,105.6,5269.44,0,3722.13
CUST_12485,35,Female,0,Yes,No,36,One year,No,Electronic check,Fiber optic,Yes,Yes,No,349.4,0,3,4.0,103.63,3708.39,0,3066.18
CUST_12486,53,Male,0,Yes,Yes,6,Month-to-month,Yes,Electronic check,DSL,No,No,Yes,150.6,1,1,4.0,71.26,411.95,1,794.42
CUST_12487,37,Female,0,No,No,11,Month-to-month,Yes,Mailed check,Fiber optic,Yes,No,No,440.1,2,0,4.0,97.37,1108.42,0,2665.82
CUST_12488,41,Female,0,Yes,No,20,One year,Yes,Bank transfer (automatic),Fiber optic,No,No,No,473.9,0,1,5.0,78.55,1583.86,0,2508.03
CUST_12489,42,Male,0,No,No,50,Two year,Yes,Mailed check,DSL,Yes,No,Yes,184.6,1,0,5.0,78.35,3907.52,0,2751.92
CUST_12490,18,Female,0,Yes,No,68,Month-to-month,Yes,Bank transfer (automatic),Fiber optic,No,Yes,Yes,66.9,2,0,4.0,108.7,7370.26,0,3577.39
CUST_12491,42,Male,0,No,No,3,One year,No,Bank transfer (automatic),Fiber optic,No,No,Yes,369.3,2,0,4.0,103.05,287.77,0,2671.56
CUST_12492,33,Female,0,Yes,No,30,One year,Yes,Mailed check,DSL,No,No,No,169.3,0,0,5.0,51.22,1528.58,0,1763.09
CUST_12493,36,Female,0,Yes,No,12,Month-to-month,Yes,Mailed check,DSL,No,No,No,121.8,1,0,5.0,46.55,579.05,0,1321.5
CUST_12494,61,Female,0,Yes,No,38,One year,No,Bank transfer (automatic),DSL,No,No,Yes,131.4,0,0,5.0,67.27,2526.73,0,2224.42
CUST_12495,26,Female,0,Yes,No,26,One year,Yes,Mailed check,DSL,No,Yes,No,121.7,1,1,4.0,59.97,1593.65,0,1888.38
CUST_12496,53,Female,0,Yes,Yes,51,Month-to-month,Yes,Credit card (automatic),DSL,Yes,No,Yes,112.3,0,0,5.0,84.21,4333.05,0,2523.38
CUST_12497,38,Male,0,No,No,38,Month-to-month,No,Credit card (automatic),DSL,Yes,Yes,No,73.0,2,0,3.0,74.46,2835.33,0,2493.99
CUST_12498,38,Male,0,No,No,36,Month-to-month,No,Bank transfer (automatic),DSL,No,Yes,Yes,97.7,1,0,4.0,86.11,3105.77,0,2875.4
CUST_12499,52,Male,0,Yes,Yes,49,Two year,Yes,Credit card (automatic),No,No internet service,No internet service,No internet service,8.8,0,0,5.0,21.79,1083.73,0,1259.97
CUST_12500,46,Female,0,No,No,34,Month-to-month,No,Bank transfer (automatic),DSL,Yes,No,Yes,143.3,0,0,5.0,82.43,2767.13,0,2322.78
CUST_12501,49,Male,0,No,No,28,Month-to-month,Yes,Electronic check,DSL,No,No,Yes,140.8,2,1,4.0,75.79,2082.16,0,2380.33
CUST_12502,55,Male,0,No,No,53,One year,No,Mailed check,DSL,No,No,No,117.5,1,0,4.0,53.22,2826.24,0,1833.05
CUST_12503,38,Male,0,Yes,No,45,Two year,Yes,Electronic check,No,No internet service,No internet service,No internet service,5.0,0,1,5.0,20.68,901.28,0,1330.78
CUST_12504,34,Female,0,No,No,30,One year,Yes,Electronic check,Fiber optic,No,No,Yes,306.0,1,0,5.0,105.18,3137.97,0,3438.21
CUST_12505,28,Male,0,Yes,No,40,Two year,Yes,Mailed check,Fiber optic,No,No,No,208.7,0,1,5.0,79.15,3167.03,0,2508.99
CUST_12506,31,Male,0,No,No,18,One year,No,Electronic check,Fiber optic,Yes,No,Yes,220.5,2,1,4.0,119.23,2104.75,0,3107.8
CUST_12507,80,Female,1,Yes,No,57,One year,No,Electronic check,DSL,Yes,No,Yes,129.9,1,1,4.0,84.15,4811.73,0,2929.23
CUST_12508,58,Male,0,Yes,No,19,Month-to-month,No,Mailed check,No,No internet service,No internet service,No internet service,19.7,0,0,5.0,18.5,355.53,0,793.79
CUST_12509,24,Female,0,Yes,No,15,One year,Yes,Electronic check,DSL,No,Yes,No,176.2,1,0,4.0,66.36,1030.36,0,1978.49
CUST_12510,25,Male,0,Yes,No,15,Month-to-month,No,Electronic check,Fiber optic,No,No,Yes,390.4,4,3,2.0,101.26,1479.63,1,1492.1
CUST_12511,48,Male,0,No,No,50,Two year,Yes,Bank transfer (automatic),DSL,No,No,No,180.4,1,0,4.0,48.65,2429.8,0,1926.26
CUST_12512,49,Male,0,Yes,No,47,Month-to-month,Yes,Mailed check,Fiber optic,No,Yes,Yes,190.3,2,1,4.0,110.08,5153.48,0,3189.75
CUST_12513,49,Female,0,No,No,6,One year,Yes,Credit card (automatic),DSL,Yes,No,Yes,83.6,0,0,5.0,83.04,524.85,1,971.67
CUST_12514,39,Female,0,Yes,No,41,One year,Yes,Credit card (automatic),Fiber optic,Yes,Yes,Yes,339.5,0,0,4.0,128.0,5265.2,0,4047.39
CUST_12515,40,Male,0,Yes,No,21,One year,Yes,Bank transfer (automatic),DSL,Yes,No,Yes,147.2,1,0,4.0,82.56,1755.87,0,2153.41
CUST_12516,46,Female,0,No,No,65,One year,No,Mailed check,Fiber optic,No,Yes,Yes,410.2,0,0,5.0,113.97,7416.12,0,3977.28
CUST_12517,43,Female,0,No,No,3,One year,Yes,Bank transfer (automatic),DSL,No,Yes,Yes,151.6,1,1,5.0,79.52,231.8,0,2361.54
CUST_12518,18,Male,0,Yes,Yes,13,One year,Yes,Electronic check,No,No internet service,No internet service,No internet service,15.9,1,3,3.0,18.5,250.91,0,642.68
CUST_12519,39,Female,0,Yes,Yes,62,One year,No,Bank transfer (automatic),DSL,Yes,No,Yes,122.4,1,0,5.0,82.93,5129.42,0,2935.29
CUST_12520,31,Female,0,No,No,46,One year,Yes,Mailed check,Fiber optic,Yes,No,No,550.9,1,1,3.0,92.64,4290.27,0,3185.59
CUST_12521,44,Female,0,Yes,Yes,32,Month-to-month,Yes,Bank transfer (automatic),Fiber optic,No,No,No,406.4,2,0,4.0,74.48,2359.94,0,2660.57
CUST_12522,80,Female,1,No,No,35,Month-to-month,Yes,Bank transfer (automatic),No,No internet service,No internet service,No internet service,15.8,3,1,3.0,18.5,651.09,0,918.76
CUST_12523,47,Male,0,No,No,34,Month-to-month,Yes,Bank transfer (automatic),Fiber optic,No,No,No,358.0,3,1,3.0,76.89,2619.24,1,1364.36
CUST_12524,38,Male,0,Yes,Yes,6,One year,No,Bank transfer (automatic),No,No internet service,No internet service,No internet service,11.0,1,0,5.0,18.5,106.85,0,528.38
CUST_12525,54,Male,0,Yes,Yes,66,Two year,No,Electronic check,DSL,No,Yes,No,151.1,0,2,5.0,65.69,4335.85,0,2422.22
CUST_12526,48,Male,0,Yes,No,27,Month-to-month,Yes,Bank transfer (automatic),DSL,No,Yes,No,72.9,2,0,4.0,64.02,1737.45,0,1872.7
CUST_12527,47,Male,0,Yes,Yes,32,Month-to-month,Yes,Mailed check,DSL,Yes,No,Yes,44.4,6,0,3.0,78.74,2508.29,1,1202.11
CUST_12528,50,Male,0,No,No,65,One year,Yes,Mailed check,Fiber optic,Yes,No,Yes,565.2,0,0,5.0,111.8,7282.25,0,3913.1
CUST_12529,69,Female,1,No,No,25,Month-to-month,Yes,Mailed check,DSL,Yes,Yes,Yes,181.9,2,0,5.0,100.54,2493.32,0,2915.05
CUST_12530,27,Male,0,No,No,5,One year,Yes,Electronic check,Fiber optic,Yes,No,No,404.7,0,0,4.0,91.69,429.89,0,2496.17
CUST_12531,48,Female,0,No,No,13,Month-to-month,Yes,Electronic check,DSL,No,No,Yes,135.0,2,1,3.0,64.31,798.98,1,671.64
CUST_12532,30,Male,0,Yes,No,11,One year,No,Bank transfer (automatic),DSL,Yes,No,Yes,109.7,0,0,5.0,84.25,898.26,0,2204.83
CUST_12533,49,Male,0,No,No,48,Month-to-month,Yes,Mailed check,Fiber optic,No,No,No,295.7,1,0,4.0,78.7,3786.16,0,2831.08
CUST_12534,30,Female,0,Yes,Yes,20,Month-to-month,Yes,Electronic check,No,No internet service,No internet service,No internet service,5.4,2,1,5.0,19.72,391.64,0,444.33
CUST_12535,37,Male,0,No,No,3,Two year,Yes,Electronic check,Fiber optic,Yes,No,No,219.4,1,2,3.0,90.84,278.65,0,2426.78
CUST_12536,38,Female,0,Yes,Yes,5,Month-to-month,Yes,Bank transfer (automatic),DSL,No,No,Yes,80.5,4,0,4.0,72.58,359.15,0,1901.88
CUST_12537,55,Male,0,No,No,6,Month-to-month,Yes,Credit card (automatic),No,No internet service,No internet service,No internet service,15.3,3,0,5.0,21.68,90.32,0,571.36
CUST_12538,54,Female,0,No,No,22,Month-to-month,No,Electronic check,Fiber optic,Yes,No,No,563.2,2,1,4.0,93.96,2077.24,0,3214.44
CUST_12539,26,Male,0,Yes,No,37,One year,Yes,Mailed check,Fiber optic,Yes,Yes,No,161.8,4,2,3.0,106.55,3927.96,0,3503.93
CUST_12540,43,Female,0,Yes,No,51,One year,Yes,Credit card (automatic),DSL,No,Yes,Yes,145.6,1,1,4.0,94.85,4834.52,0,3209.92
CUST_12541,33,Female,0,No,No,17,Two year,Yes,Electronic check,Fiber optic,Yes,Yes,No,435.0,0,1,5.0,107.18,1870.81,0,3218.8
CUST_12542,26,Female,0,Yes,No,64,Two year,Yes,Electronic check,DSL,No,Yes,Yes,49.3,1,2,4.0,84.03,5348.79,0,2863.72
CUST_12543,39,Female,0,No,No,65,Two year,Yes,Credit card (automatic),No,No internet service,No internet service,No internet service,7.4,0,2,4.0,18.5,1209.6,0,1543.7
CUST_12544,38,Female,0,No,No,6,Month-to-month,Yes,Electronic check,Fiber optic,Yes,No,Yes,379.8,0,1,4.0,115.44,726.78,1,1355.56
CUST_12545,74,Male,1,No,No,36,Two year,Yes,Bank transfer (automatic),Fiber optic,No,No,No,386.3,0,0,5.0,77.15,2787.03,0,2572.44
CUST_12546,48,Female,0,Yes,Yes,29,One year,Yes,Mailed check,Fiber optic,No,Yes,No,501.7,1,1,,94.11,2724.54,0,3073.67
CUST_12547,24,Female,0,No,No,18,Month-to-month,No,Electronic check,DSL,Yes,Yes,No,139.6,1,0,5.0,74.71,1370.52,0,2271.14
CUST_12548,35,Female,0,Yes,Yes,46,Month-to-month,Yes,Electronic check,Fiber optic,Yes,No,Yes,203.3,1,3,4.0,111.47,5146.5,0,3328.19
CUST_12549,55,Male,0,Yes,No,50,Two year,No,Mailed check,Fiber optic,Yes,No,Yes,351.1,2,0,4.0,105.31,5324.32,0,3425.13
CUST_12550,69,Male,1,No,No,20,One year,No,Bank transfer (automatic),Fiber optic,No,No,No,261.8,0,1,5.0,80.13,1546.34,0,2540.31
CUST_12551,21,Male,0,No,No,12,Month-to-month,No,Electronic check,DSL,No,No,Yes,33.4,4,1,3.0,70.84,869.82,1,1030.69
CUST_12552,18,Male,0,Yes,No,30,One year,Yes,Bank transfer (automatic),Fiber optic,Yes,Yes,Yes,438.4,0,0,5.0,122.62,3662.94,0,3621.59
CUST_12553,66,Female,1,Yes,No,29,Two year,No,Mailed check,Fiber optic,Yes,Yes,Yes,421.8,2,0,5.0,128.0,3739.99,0,3713.82
CUST_12554,47,Female,0,No,No,45,One year,Yes,Mailed check,DSL,No,Yes,No,113.1,0,0,5.0,56.4,2510.67,0,2013.09
CUST_12555,31,Female,0,No,No,38,One year,Yes,Bank transfer (automatic),Fiber optic,No,Yes,No,557.4,2,0,4.0,94.78,3658.38,0,2878.38
CUST_12556,49,Male,0,No,No,43,Two year,No,Electronic check,No,No internet service,No internet service,No internet service,8.4,1,1,4.0,22.08,918.84,0,913.37
CUST_12557,18,Male,0,Yes,Yes,48,Month-to-month,Yes,Mailed check,Fiber optic,No,Yes,Yes,473.1,4,0,4.0,115.3,5498.76,1,1979.1
CUST_12558,42,Female,0,No,No,24,Two year,Yes,Mailed check,DSL,Yes,Yes,Yes,88.8,0,1,4.0,108.39,2552.07,0,3127.35
CUST_12559,46,Female,0,No,No,50,Two year,Yes,Mailed check,Fiber optic,Yes,No,No,408.9,1,0,4.0,101.39,5033.85,0,3381.86
CUST_12560,54,Female,0,No,No,54,One year,Yes,Mailed check,DSL,Yes,Yes,No,160.4,1,0,4.0,71.25,3860.94,0,2363.04
CUST_12561,29,Female,0,No,No,9,Month-to-month,No,Bank transfer (automatic),Fiber optic,No,No,No,246.2,3,1,4.0,75.03,718.73,1,1109.19
CUST_12562,43,Male,0,Yes,No,46,Month-to-month,Yes,Bank transfer (automatic),Fiber optic,No,No,No,275.1,3,0,3.0,79.26,3613.6,0,2548.57
CUST_12563,30,Female,0,No,No,18,Month-to-month,No,Bank transfer (automatic),DSL,No,No,No,135.7,2,0,5.0,44.96,810.33,1,401.99
CUST_12564,45,Male,0,Yes,Yes,13,One year,No,Credit card (automatic),DSL,No,Yes,Yes,76.3,1,1,5.0,87.5,1096.75,0,2215.1
CUST_12565,30,Female,0,Yes,Yes,55,One year,No,Credit card (automatic),DSL,No,Yes,No,146.3,0,0,5.0,74.03,3999.99,0,2583.5
CUST_12566,37,Male,0,No,No,8,Month-to-month,No,Bank transfer (automatic),DSL,Yes,Yes,No,123.2,2,0,4.0,75.72,592.54,0,2039.02
CUST_12567,29,Male,0,No,No,64,Two year,Yes,Mailed check,DSL,No,No,No,134.8,1,0,4.0,50.23,3258.48,0,2056.64
CUST_12568,50,Male,0,No,No,29,One year,Yes,Bank transfer (automatic),Fiber optic,No,Yes,No,258.3,0,0,5.0,87.72,2481.86,0,2755.56
CUST_12569,53,Male,0,No,No,55,Two year,Yes,Electronic check,Fiber optic,No,Yes,Yes,251.9,0,1,5.0,111.96,6170.03,0,3440.62
CUST_12570,39,Male,0,Yes,Yes,50,Two year,No,Mailed check,Fiber optic,No,No,Yes,178.0,0,0,5.0,91.95,4561.85,0,3007.69
CUST_12571,42,Male,0,No,No,20,Two year,Yes,Mailed check,DSL,Yes,Yes,Yes,131.4,0,0,5.0,95.93,1889.7,0,2488.88
CUST_12572,23,Male,0,Yes,No,28,Month-to-month,No,Credit card (automatic),DSL,No,No,Yes,69.2,1,2,5.0,75.09,2093.85,0,2082.31
CUST_12573,38,Male,0,No,No,34,One year,Yes,Credit card (automatic),DSL,No,No,No,106.4,0,0,4.0,43.7,1491.76,0,1466.91
CUST_12574,41,Male,0,Yes,Yes,9,Month-to-month,Yes,Credit card (automatic),Fiber optic,No,No,Yes,444.1,3,1,4.0,102.27,881.5,1,1293.27
CUST_12575,76,Male,1,No,No,26,Two year,Yes,Mailed check,Fiber optic,Yes,No,No,578.7,0,0,5.0,89.22,2327.04,0,2742.7
CUST_12576,28,Male,0,Yes,No,19,One year,No,Mailed check,Fiber optic,Yes,Yes,Yes,391.5,1,1,5.0,127.86,2439.71,0,3832.68
CUST_12577,61,Male,0,No,No,46,One year,No,Electronic check,DSL,Yes,No,No,123.9,1,1,3.0,68.51,3126.07,0,2348.66
CUST_12578,55,Female,0,No,No,20,Month-to-month,No,Credit card (automatic),DSL,No,No,No,63.7,4,0,3.0,52.69,1032.32,0,1437.68
CUST_12579,46,Female,0,Yes,No,28,Month-to-month,Yes,Bank transfer (automatic),Fiber optic,No,No,No,291.9,3,0,3.0,77.21,2134.97,0,2554.52
CUST_12580,65,Female,1,No,No,22,Month-to-month,Yes,Bank transfer (automatic),DSL,No,No,Yes,101.8,2,1,4.0,68.51,1540.33,0,1935.52
CUST_12581,47,Male,0,No,No,28,One year,Yes,Electronic check,DSL,No,Yes,Yes,136.7,0,0,5.0,82.07,2309.22,0,2426.06
CUST_12582,47,Male,0,No,No,36,Two year,No,Mailed check,DSL,Yes,Yes,No,106.2,1,0,4.0,82.52,2958.97,0,2780.91
CUST_12583,41,Female,0,No,No,38,Month-to-month,Yes,Mailed check,Fiber optic,Yes,No,No,603.5,5,0,3.0,93.05,3533.37,1,1859.01
CUST_12584,58,Male,0,Yes,No,45,One year,No,Electronic check,No,No internet service,No internet service,No internet service,17.6,0,1,4.0,24.03,1114.43,0,1070.01
CUST_12585,56,Male,0,Yes,Yes,62,Two year,Yes,Mailed check,DSL,No,No,No,150.9,0,0,5.0,45.61,2855.14,0,2052.2
CUST_12586,34,Female,0,Yes,Yes,55,One year,Yes,Electronic check,Fiber optic,Yes,No,No,411.4,0,3,4.0,90.78,5029.27,0,3370.94
CUST_12587,25,Male,0,Yes,No,69,Two year,No,Credit card (automatic),Fiber optic,No,No,No,228.3,0,0,5.0,78.01,5392.17,0,2928.83
CUST_12588,39,Male,0,Yes,Yes,18,Month-to-month,No,Bank transfer (automatic),Fiber optic,No,No,No,280.7,1,1,3.0,73.09,1317.33,0,2146.73
CUST_12589,32,Female,0,No,No,45,One year,Yes,Bank transfer (automatic),Fiber optic,No,No,No,290.7,0,0,5.0,73.5,3269.59,0,2530.49
CUST_12590,41,Male,0,Yes,Yes,35,Month-to-month,Yes,Electronic check,Fiber optic,No,No,No,495.8,3,1,4.0,72.68,2562.59,1,1671.98
CUST_12591,58,Male,0,Yes,No,41,Two year,No,Electronic check,Fiber optic,No,No,Yes,473.0,2,2,4.0,99.79,4133.07,1,1642.9
CUST_12592,36,Female,0,Yes,Yes,43,Two year,No,Electronic check,DSL,No,No,No,133.4,1,4,3.0,42.3,1806.93,0,1649.63
CUST_12593,41,Female,0,No,No,15,Two year,No,Mailed check,Fiber optic,No,No,No,378.4,1,0,5.0,85.37,1315.9,0,2666.04
CUST_12594,43,Male,0,No,No,28,Month-to-month,Yes,Credit card (automatic),No,No internet service,No internet service,No internet service,18.5,1,0,5.0,26.46,731.21,0,1190.21
CUST_12595,53,Female,0,Yes,Yes,2,Two year,Yes,Electronic check,Fiber optic,Yes,No,No,166.5,1,1,4.0,86.89,193.5,0,2060.29
CUST_12596,18,Female,0,No,No,49,Two year,Yes,Electronic check,Fiber optic,No,No,Yes,366.6,2,2,,94.81,4656.25,0,3220.83
CUST_12597,34,Female,0,Yes,Yes,10,Month-to-month,Yes,Electronic check,DSL,No,No,No,57.2,2,2,3.0,48.77,474.86,1,596.88
CUST_12598,45,Male,0,No,No,18,One year,Yes,Bank transfer (automatic),Fiber optic,No,Yes,No,319.6,2,0,4.0,93.64,1676.4,0,2783.01
CUST_12599,58,Male,0,No,No,14,Two year,Yes,Credit card (automatic),Fiber optic,Yes,Yes,No,460.6,1,1,5.0,103.94,1439.4,0,3141.9
CUST_12600,36,Male,0,Yes,No,42,One year,No,Bank transfer (automatic),Fiber optic,Yes,No,Yes,232.6,0,0,5.0,115.04,4805.7,0,3469.9
CUST_12601,18,Female,0,No,No,48,Month-to-month,Yes,Mailed check,Fiber optic,Yes,No,No,511.6,3,0,3.0,86.59,4163.61,0,3080.08
CUST_12602,50,Male,0,No,No,9,One year,No,Electronic check,DSL,Yes,No,Yes,150.8,1,2,3.0,82.42,726.22,1,773.79
CUST_12603,34,Female,0,Yes,Yes,21,One year,No,Bank transfer (automatic),Fiber optic,No,Yes,No,356.0,1,0,4.0,89.55,1889.57,0,2537.71
CUST_12604,27,Female,0,No,No,6,Two year,Yes,Electronic check,DSL,No,Yes,No,119.6,1,2,4.0,59.22,386.87,0,1665.78
CUST_12605,34,Female,0,Yes,No,24,One year,Yes,Mailed check,DSL,Yes,No,Yes,79.0,0,1,5.0,84.42,2027.88,0,2175.69
CUST_12606,40,Female,0,Yes,Yes,5,Month-to-month,Yes,Electronic check,Fiber optic,Yes,No,Yes,208.8,4,1,4.0,112.39,550.84,0,2966.23
CUST_12607,34,Male,0,Yes,Yes,38,One year,No,Mailed check,DSL,No,Yes,Yes,82.6,1,0,4.0,91.11,3486.22,0,2838.69
CUST_12608,18,Male,0,Yes,No,23,One year,No,Electronic check,Fiber optic,No,No,Yes,279.8,0,1,5.0,94.17,2150.33,1,1404.84
CUST_12609,54,Female,0,Yes,Yes,15,Month-to-month,Yes,Bank transfer (automatic),No,No internet service,No internet service,No internet service,16.9,0,1,5.0,18.5,284.52,0,990.11
CUST_12610,59,Male,0,No,No,16,Month-to-month,No,Electronic check,DSL,No,No,No,80.7,2,2,4.0,53.04,772.7,0,1376.86
CUST_12611,50,Male,0,Yes,Yes,14,Month-to-month,Yes,Credit card (automatic),DSL,No,Yes,No,103.3,4,0,3.0,60.54,869.34,1,761.05
CUST_12612,27,Male,0,Yes,No,5,Month-to-month,Yes,Credit card (automatic),Fiber optic,No,No,No,447.6,3,1,3.0,78.43,410.32,1,1098.59
CUST_12613,39,Female,0,No,No,13,Two year,Yes,Mailed check,DSL,No,No,Yes,62.5,1,0,5.0,71.26,868.71,0,2141.94
CUST_12614,42,Male,0,No,No,35,One year,No,Electronic check,Fiber optic,No,Yes,No,187.6,1,0,4.0,91.43,3177.85,0,2861.69
CUST_12615,50,Female,0,No,No,7,Month-to-month,Yes,Bank transfer (automatic),DSL,Yes,No,No,111.9,5,0,3.0,58.84,383.95,0,1558.45
CUST_12616,51,Male,0,No,No,14,Month-to-month,Yes,Credit card (automatic),No,No internet service,No internet service,No internet service,15.4,2,0,4.0,20.51,281.27,1,464.78
CUST_12617,32,Female,0,No,No,22,One year,Yes,Electronic check,DSL,No,No,No,119.9,1,0,5.0,44.73,948.23,0,1440.86
CUST_12618,43,Male,0,No,No,34,One year,Yes,Credit card (automatic),No,No internet service,No internet service,No internet service,21.4,0,1,5.0,19.14,653.26,0,800.93
CUST_12619,48,Female,0,No,No,33,One year,No,Bank transfer (automatic),Fiber optic,No,No,Yes,242.2,0,0,4.0,103.72,3468.68,0,3017.66
CUST_12620,61,Female,0,No,No,44,Two year,Yes,Credit card (automatic),Fiber optic,Yes,Yes,No,194.8,0,1,5.0,104.26,4586.71,0,3202.87
CUST_12621,51,Male,0,Yes,Yes,21,One year,Yes,Credit card (automatic),Fiber optic,No,Yes,No,111.1,0,0,4.0,88.35,1885.04,0,2552.55
CUST_12622,52,Male,0,Yes,No,11,Two year,No,Electronic check,DSL,No,No,Yes,108.4,3,1,3.0,72.53,799.3,0,1743.01
CUST_12623,43,Male,0,No,No,10,One year,No,Mailed check,DSL,Yes,No,No,134.7,1,0,5.0,62.67,590.8,0,1843.96
CUST_12624,60,Male,0,Yes,No,5,Month-to-month,Yes,Electronic check,DSL,Yes,No,No,136.8,2,1,3.0,58.2,287.25,0,1499.17
CUST_12625,47,Female,0,Yes,No,48,One year,Yes,Electronic check,Fiber optic,No,No,No,326.9,2,1,5.0,68.17,3214.01,0,2282.48
CUST_12626,31,Male,0,No,No,50,Two year,Yes,Bank transfer (automatic),Fiber optic,Yes,No,No,303.5,0,0,5.0,90.86,4547.46,0,3231.23
CUST_12627,60,Female,0,No,No,38,Two year,No,Credit card (automatic),Fiber optic,Yes,No,No,371.3,1,0,5.0,99.2,3763.12,0,3049.92
CUST_12628,51,Female,0,Yes,Yes,20,Month-to-month,No,Credit card (automatic),Fiber optic,Yes,No,No,375.6,3,0,4.0,93.12,1908.0,1,1575.6
CUST_12629,36,Male,0,No,No,7,Month-to-month,Yes,Electronic check,Fiber optic,No,No,Yes,228.4,4,4,,97.07,695.92,1,1238.43
CUST_12630,36,Male,0,No,No,20,Month-to-month,No,Electronic check,Fiber optic,No,Yes,No,422.4,2,2,3.0,85.25,1700.22,1,1462.38
CUST_12631,46,Male,0,No,No,38,Month-to-month,Yes,Bank transfer (automatic),Fiber optic,No,No,No,423.9,1,0,4.0,74.91,2830.24,0,2646.72
CUST_12632,48,Male,0,No,No,59,Two year,No,Electronic check,No,No internet service,No internet service,No internet service,6.7,0,2,3.0,22.55,1342.27,0,1379.9
CUST_12633,45,Male,0,No,No,55,Two year,Yes,Electronic check,DSL,Yes,Yes,No,99.4,0,5,3.0,73.53,3955.6,0,2335.13
CUST_12634,46,Female,0,No,No,52,One year,Yes,Credit card (automatic),DSL,Yes,No,No,73.8,2,2,4.0,64.24,3343.04,0,2222.13
CUST_12635,64,Female,0,Yes,Yes,10,Month-to-month,No,Credit card (automatic),No,No internet service,No internet service,No internet service,14.1,4,0,4.0,18.5,176.04,1,365.28
CUST_12636,56,Male,0,No,No,31,Two year,Yes,Credit card (automatic),Fiber optic,Yes,No,No,266.8,0,0,5.0,85.82,2653.84,0,2856.29
CUST_12637,44,Female,0,No,No,27,One year,No,Mailed check,DSL,Yes,Yes,Yes,127.3,0,1,4.0,93.71,2512.31,0,2537.2
CUST_12638,54,Female,0,No,No,11,Month-to-month,No,Bank transfer (automatic),No,No internet service,No internet service,No internet service,9.0,2,1,4.0,22.55,289.56,0,643.06
CUST_12639,29,Female,0,No,No,15,Month-to-month,No,Bank transfer (automatic),Fiber optic,No,No,No,398.1,0,1,4.0,77.53,1164.16,0,2431.31
CUST_12640,47,Male,0,Yes,No,43,Month-to-month,No,Electronic check,DSL,Yes,Yes,Yes,217.7,4,0,4.0,94.84,4105.85,0,3075.01
CUST_12641,66,Female,1,No,No,26,One year,Yes,Credit card (automatic),Fiber optic,Yes,No,No,386.3,1,0,5.0,93.18,2411.06,0,2936.08
CUST_12642,39,Male,0,Yes,No,50,One year,No,Electronic check,Fiber optic,Yes,No,No,505.0,0,1,5.0,95.05,4740.36,0,3058.59
CUST_12643,31,Male,0,Yes,Yes,57,Month-to-month,Yes,Credit card (automatic),DSL,Yes,No,No,111.4,1,0,4.0,53.56,3087.89,0,2043.47
CUST_12644,34,Female,0,Yes,Yes,65,Two year,Yes,Bank transfer (automatic),Fiber optic,Yes,Yes,Yes,221.9,0,0,4.0,128.0,8339.77,0,4075.16
CUST_12645,28,Male,0,Yes,No,21,Two year,Yes,Electronic check,No,No internet service,No internet service,No internet service,13.0,0,2,4.0,19.2,389.11,0,720.28
CUST_12646,32,Male,0,No,No,19,Month-to-month,No,Bank transfer (automatic),Fiber optic,No,No,Yes,415.9,2,1,4.0,104.44,2009.04,1,1369.45
CUST_12647,37,Male,0,Yes,Yes,26,Month-to-month,Yes,Electronic check,Fiber optic,No,No,Yes,344.9,2,2,4.0,100.59,2586.91,0,3013.75
CUST_12648,24,Male,0,Yes,Yes,37,One year,No,Bank transfer (automatic),DSL,No,No,No,104.9,0,0,5.0,51.38,1928.4,0,1959.84
CUST_12649,42,Female,0,No,No,6,Month-to-month,Yes,Bank transfer (automatic),Fiber optic,Yes,No,Yes,438.7,1,0,5.0,107.54,661.03,0,3414.14
CUST_12650,54,Male,0,Yes,No,63,Month-to-month,Yes,Bank transfer (automatic),DSL,No,No,No,115.6,1,0,5.0,44.39,2794.38,0,1790.89
CUST_12651,30,Female,0,Yes,No,21,Month-to-month,No,Credit card (automatic),DSL,No,No,No,51.8,1,1,5.0,47.2,998.66,0,1466.16
CUST_12652,62,Male,0,Yes,Yes,9,Two year,Yes,Electronic check,Fiber optic,No,No,Yes,421.5,0,1,4.0,93.82,818.17,0,2771.52
CUST_12653,49,Male,0,Yes,Yes,3,Two year,No,Mailed check,Fiber optic,Yes,No,Yes,376.0,2,0,4.0,107.44,313.2,0,3058.74
CUST_12654,55,Male,0,Yes,Yes,3,One year,Yes,Credit card (automatic),Fiber optic,No,Yes,Yes,486.0,0,0,5.0,119.22,391.75,0,3389.08
CUST_12655,33,Female,0,Yes,Yes,37,Two year,No,Bank transfer (automatic),No,No internet service,No internet service,No internet service,17.0,1,0,4.0,18.5,714.58,0,983.64
CUST_12656,53,Female,0,No,No,48,Two year,No,Credit card (automatic),Fiber optic,No,Yes,No,274.3,2,1,4.0,89.31,4261.53,0,3022.87
CUST_12657,28,Female,0,Yes,No,10,Month-to-month,Yes,Mailed check,DSL,Yes,No,No,132.8,2,0,5.0,59.1,600.48,0,1738.27
CUST_12658,54,Female,0,Yes,Yes,34,One year,Yes,Credit card (automatic),No,No internet service,No internet service,No internet service,14.3,1,0,5.0,20.16,645.18,0,813.91
CUST_12659,44,Female,0,No,No,28,One year,Yes,Credit card (automatic),DSL,No,Yes,No,127.5,0,1,3.0,57.09,1634.64,1,1007.05
CUST_12660,49,Male,0,Yes,Yes,17,One year,Yes,Credit card (automatic),Fiber optic,No,No,Yes,477.7,2,0,4.0,97.8,1670.18,0,3043.74
CUST_12661,27,Female,0,No,No,2,Month-to-month,No,Credit card (automatic),DSL,No,No,No,102.8,0,0,5.0,48.08,84.65,0,1164.62
CUST_12662,30,Male,0,No,No,48,One year,Yes,Electronic check,No,No internet service,No internet service,No internet service,13.5,1,2,4.0,21.99,998.57,0,1180.92
CUST_12663,50,Female,0,Yes,Yes,28,Two year,No,Mailed check,DSL,No,Yes,No,19.7,1,0,5.0,58.89,1645.4,0,1559.17
CUST_12664,30,Male,0,No,No,29,Month-to-month,Yes,Electronic check,Fiber optic,No,No,No,553.7,2,2,3.0,72.58,2158.57,1,1303.95
CUST_12665,48,Male,0,Yes,Yes,3,Month-to-month,Yes,Electronic check,Fiber optic,No,Yes,Yes,348.4,3,2,3.0,110.2,323.01,1,1129.54
CUST_12666,24,Male,0,Yes,Yes,44,One year,Yes,Mailed check,DSL,No,No,Yes,94.0,0,0,5.0,69.5,3065.17,0,2112.44
CUST_12667,53,Male,0,No,No,20,Month-to-month,Yes,Credit card (automatic),Fiber optic,Yes,No,Yes,465.2,1,0,4.0,109.97,2192.47,0,3257.46
CUST_12668,26,Female,0,No,No,26,Month-to-month,Yes,Bank transfer (automatic),DSL,Yes,Yes,No,173.6,3,0,4.0,74.55,1924.8,0,2237.49
CUST_12669,49,Male,0,No,No,24,Month-to-month,Yes,Credit card (automatic),Fiber optic,Yes,No,Yes,162.0,1,0,5.0,111.09,2676.07,0,3127.76
CUST_12670,50,Female,0,No,No,57,Two year,No,Credit card (automatic),No,No internet service,No internet service,No internet service,11.9,2,0,4.0,18.75,1106.72,0,1147.39
CUST_12671,33,Female,0,Yes,No,54,One year,No,Electronic check,Fiber optic,No,No,Yes,382.8,1,2,3.0,98.99,5356.38,0,3602.98
CUST_12672,50,Male,0,No,No,54,Two year,Yes,Electronic check,DSL,No,No,Yes,73.1,1,0,5.0,71.45,3859.42,0,2361.49
CUST_12673,45,Female,0,No,No,61,Month-to-month,Yes,Electronic check,DSL,Yes,No,No,95.3,2,2,4.0,64.15,3901.38,0,2214.64
CUST_12674,35,Male,0,No,No,15,Month-to-month,No,Bank transfer (automatic),DSL,No,Yes,Yes,66.1,2,0,5.0,85.55,1286.71,1,713.7
CUST_12675,29,Female,0,No,No,9,One year,No,Electronic check,Fiber optic,Yes,Yes,No,353.7,1,1,4.0,106.96,949.63,0,2897.64
CUST_12676,18,Female,0,No,No,39,Two year,Yes,Credit card (automatic),Fiber optic,No,No,No,228.4,0,0,5.0,73.57,2862.83,0,2368.42
CUST_12677,47,Female,0,Yes,Yes,55,Two year,No,Electronic check,Fiber optic,No,No,No,650.2,0,1,5.0,83.63,4622.88,0,3413.89
CUST_12678,22,Female,0,No,No,11,Month-to-month,Yes,Electronic check,Fiber optic,No,No,No,559.7,1,1,4.0,80.06,890.27,1,1212.9
CUST_12679,43,Female,0,Yes,Yes,46,One year,Yes,Mailed check,No,No internet service,No internet service,No internet service,9.2,0,0,5.0,26.15,1201.61,0,1208.98
CUST_12680,39,Female,0,Yes,Yes,32,Two year,Yes,Mailed check,Fiber optic,No,Yes,No,131.9,0,0,4.0,92.0,2899.49,0,2705.02
CUST_12681,51,Female,0,No,No,51,Month-to-month,No,Credit card (automatic),Fiber optic,No,Yes,No,168.8,3,0,4.0,92.01,4683.38,0,2717.47
CUST_12682,38,Male,0,Yes,Yes,21,Two year,Yes,Credit card (automatic),DSL,No,Yes,Yes,99.5,1,2,4.0,79.67,1718.16,0,2423.96
CUST_12683,38,Female,0,No,No,12,One year,Yes,Credit card (automatic),DSL,No,No,No,127.0,3,1,3.0,51.35,639.28,1,584.9
CUST_12684,52,Male,0,Yes,Yes,62,Two year,No,Electronic check,Fiber optic,No,No,Yes,185.7,1,1,4.0,94.54,5887.32,0,3302.46
CUST_12685,46,Female,0,No,No,10,Month-to-month,No,Bank transfer (automatic),Fiber optic,No,No,Yes,313.6,2,0,4.0,100.78,987.9,0,2723.93
CUST_12686,46,Male,0,Yes,No,52,One year,Yes,Mailed check,DSL,Yes,Yes,Yes,109.8,0,1,4.0,101.26,5306.31,0,3088.62
CUST_12687,48,Female,0,Yes,No,18,Month-to-month,No,Electronic check,DSL,No,No,No,68.6,1,0,4.0,47.05,826.87,0,1282.08
CUST_12688,22,Female,0,Yes,No,20,One year,No,Mailed check,DSL,Yes,Yes,Yes,177.9,0,1,5.0,96.48,1933.48,0,2666.71
CUST_12689,52,Male,0,No,No,60,Two year,Yes,Mailed check,DSL,No,No,Yes,133.1,0,0,5.0,77.83,4648.68,0,2821.87
CUST_12690,50,Female,0,Yes,No,32,Month-to-month,Yes,Mailed check,Fiber optic,No,Yes,No,405.3,2,0,4.0,83.27,2702.61,1,1234.01
CUST_12691,29,Male,0,No,No,24,Month-to-month,Yes,Electronic check,DSL,No,No,No,221.8,3,0,3.0,47.26,1150.95,0,1747.67
CUST_12692,39,Female,0,Yes,No,30,Month-to-month,No,Credit card (automatic),DSL,Yes,No,Yes,73.9,2,0,4.0,77.65,2360.29,0,2440.74
CUST_12693,41,Male,0,Yes,Yes,40,One year,No,Bank transfer (automatic),Fiber optic,No,No,No,462.7,0,0,4.0,80.12,3139.55,0,2741.3
CUST_12694,40,Female,0,Yes,Yes,58,Month-to-month,Yes,Electronic check,Fiber optic,Yes,Yes,Yes,554.5,6,1,2.0,128.0,7429.45,1,2057.58
CUST_12695,46,Female,0,Yes,No,39,Two year,Yes,Credit card (automatic),Fiber optic,No,Yes,No,535.6,1,0,4.0,88.43,3422.3,0,3120.46
CUST_12696,61,Male,0,No,No,42,One year,No,Credit card (automatic),Fiber optic,Yes,Yes,Yes,429.2,2,0,5.0,128.0,5375.82,1,1945.91
CUST_12697,56,Female,0,No,No,2,One year,No,Credit card (automatic),Fiber optic,Yes,No,Yes,134.4,3,0,3.0,113.36,175.08,0,2949.46
CUST_12698,25,Male,0,Yes,Yes,17,Two year,Yes,Bank transfer (automatic),Fiber optic,Yes,Yes,No,391.2,1,0,5.0,108.25,1815.98,0,2881.71
CUST_12699,50,Female,0,No,No,53,Month-to-month,Yes,Mailed check,Fiber optic,Yes,No,Yes,279.9,3,3,2.0,110.2,5815.13,0,3298.22
CUST_12700,59,Male,0,No,No,41,Month-to-month,No,Mailed check,Fiber optic,No,No,Yes,377.3,3,0,4.0,104.52,4244.49,0,3651.65
CUST_12701,47,Female,0,Yes,No,3,One year,Yes,Mailed check,No,No internet service,No internet service,No internet service,20.4,0,0,5.0,22.92,56.51,0,724.44
CUST_12702,56,Male,0,Yes,No,22,One year,No,Credit card (automatic),DSL,Yes,No,Yes,134.4,0,1,5.0,81.99,1830.18,0,2292.82
CUST_12703,68,Male,1,No,No,16,Month-to-month,Yes,Bank transfer (automatic),Fiber optic,No,No,No,211.1,4,0,3.0,77.29,1242.55,1,793.64
CUST_12704,55,Female,0,Yes,Yes,66,Two year,No,Electronic check,Fiber optic,Yes,No,No,179.8,0,1,5.0,92.89,6106.28,0,3041.79
CUST_12705,45,Female,0,Yes,No,32,One year,Yes,Bank transfer (automatic),Fiber optic,No,Yes,No,253.7,2,0,5.0,95.1,3039.51,1,1498.81
CUST_12706,56,Female,0,Yes,Yes,23,Month-to-month,No,Bank transfer (automatic),DSL,Yes,Yes,No,115.8,2,0,5.0,73.47,1691.39,1,885.17
CUST_12707,44,Male,0,No,No,22,One year,Yes,Credit card (automatic),DSL,No,No,No,177.5,3,0,4.0,40.42,915.71,0,1147.31
CUST_12708,42,Female,0,Yes,Yes,19,Two year,No,Electronic check,DSL,No,Yes,No,131.1,1,1,4.0,55.56,1085.66,0,1566.66
CUST_12709,37,Female,0,Yes,Yes,53,Month-to-month,Yes,Bank transfer (automatic),Fiber optic,No,No,Yes,334.9,1,0,5.0,104.68,5550.17,0,3236.97
CUST_12710,62,Female,0,Yes,Yes,24,Month-to-month,Yes,Electronic check,Fiber optic,No,No,No,324.9,1,2,5.0,74.98,1802.49,1,1111.06
CUST_12711,31,Female,0,Yes,Yes,41,One year,Yes,Electronic check,DSL,No,No,Yes,112.0,0,0,5.0,65.57,2725.26,0,2054.95
CUST_12712,62,Male,0,Yes,Yes,67,Two year,No,Bank transfer (automatic),Fiber optic,Yes,No,Yes,453.5,2,1,3.0,111.64,7442.65,0,4003.48
CUST_12713,48,Male,0,No,No,10,One year,No,Electronic check,DSL,No,No,No,75.8,1,0,5.0,48.92,478.53,0,1479.99
CUST_12714,24,Male,0,Yes,Yes,17,Month-to-month,No,Bank transfer (automatic),DSL,No,Yes,Yes,167.9,1,1,4.0,82.05,1358.3,0,2190.82
CUST_12715,47,Male,0,No,No,38,Two year,Yes,Electronic check,Fiber optic,No,No,Yes,441.1,0,1,5.0,91.64,3462.05,1,1589.14
CUST_12716,18,Male,0,Yes,Yes,15,Month-to-month,Yes,Credit card (automatic),Fiber optic,Yes,Yes,No,317.3,3,0,4.0,103.56,1586.69,0,2991.66
CUST_12717,50,Female,0,No,No,34,One year,Yes,Credit card (automatic),Fiber optic,Yes,No,Yes,684.8,1,0,5.0,107.58,3681.69,0,3776.6
CUST_12718,54,Female,0,No,No,37,Two year,Yes,Electronic check,Fiber optic,No,No,No,475.8,1,4,4.0,72.83,2684.09,0,2554.77
CUST_12719,34,Male,0,Yes,Yes,10,Month-to-month,No,Bank transfer (automatic),No,No internet service,No internet service,No internet service,14.0,1,0,5.0,23.15,213.41,0,447.23
CUST_12720,44,Male,0,No,No,62,Two year,Yes,Electronic check,Fiber optic,Yes,Yes,Yes,443.9,0,1,5.0,121.57,7541.95,0,4057.68
CUST_12721,67,Male,1,No,No,45,Two year,Yes,Bank transfer (automatic),DSL,Yes,Yes,Yes,107.1,0,1,5.0,99.62,4497.53,0,3101.77
CUST_12722,35,Female,0,No,No,21,Month-to-month,No,Electronic check,Fiber optic,Yes,Yes,No,258.5,2,0,4.0,107.08,2243.61,1,1403.21
CUST_12723,28,Female,0,Yes,Yes,5,One year,No,Electronic check,Fiber optic,Yes,Yes,No,290.1,1,1,4.0,104.75,525.96,1,1224.02
CUST_12724,61,Female,0,No,No,26,Month-to-month,No,Credit card (automatic),No,No internet service,No internet service,No internet service,15.0,1,0,5.0,24.99,664.35,0,994.94
CUST_12725,68,Male,1,No,No,27,One year,No,Electronic check,DSL,No,Yes,Yes,49.0,1,1,4.0,88.88,2396.98,0,2594.02
CUST_12726,42,Male,0,No,No,18,One year,Yes,Bank transfer (automatic),Fiber optic,Yes,No,No,177.9,2,0,4.0,83.78,1524.24,0,2169.29
CUST_12727,55,Male,0,No,No,22,Two year,No,Electronic check,DSL,No,No,No,136.7,0,2,4.0,48.26,1078.31,0,1436.19
CUST_12728,59,Female,0,Yes,Yes,27,Month-to-month,Yes,Bank transfer (automatic),Fiber optic,Yes,No,Yes,302.3,4,0,3.0,111.48,3006.88,1,1453.03
CUST_12729,32,Male,0,No,No,10,One year,Yes,Electronic check,DSL,No,No,Yes,203.1,0,2,4.0,74.87,752.84,1,964.89
CUST_12730,36,Female,0,No,No,65,Two year,Yes,Electronic check,No,No internet service,No internet service,No internet service,18.5,0,1,4.0,18.5,1201.64,0,1125.49
CUST_12731,58,Female,0,No,No,29,Month-to-month,Yes,Electronic check,DSL,No,Yes,No,138.5,6,2,2.0,63.18,1839.52,0,1827.34
CUST_12732,64,Male,0,Yes,Yes,25,Two year,Yes,Electronic check,Fiber optic,No,Yes,Yes,408.7,0,3,4.0,115.56,2876.99,0,3472.89
CUST_12733,49,Female,0,No,No,21,Month-to-month,Yes,Credit card (automatic),Fiber optic,No,Yes,No,327.9,3,0,4.0,97.56,2069.86,0,2942.2
CUST_12734,31,Female,0,Yes,Yes,22,Month-to-month,No,Credit card (automatic),DSL,No,No,Yes,150.5,1,1,5.0,70.82,1544.84,0,2254.26
CUST_12735,68,Male,1,No,No,56,Two year,No,Credit card (automatic),Fiber optic,No,No,Yes,343.6,1,0,4.0,101.52,5689.66,0,3523.45
CUST_12736,35,Male,0,Yes,Yes,48,One year,No,Electronic check,Fiber optic,Yes,No,Yes,391.1,1,2,4.0,118.58,5641.15,0,3577.74
CUST_12737,38,Female,0,Yes,Yes,41,Two year,No,Electronic check,Fiber optic,No,No,No,322.1,1,1,4.0,76.71,3149.07,0,2743.72
CUST_12738,46,Male,0,No,No,59,One year,No,Bank transfer (automatic),DSL,Yes,No,No,169.9,0,0,4.0,60.25,3573.94,0,2287.96
CUST_12739,62,Female,0,Yes,Yes,36,One year,Yes,Credit card (automatic),DSL,Yes,No,Yes,86.9,0,0,5.0,83.89,2996.03,0,2477.04
CUST_12740,53,Male,0,No,No,5,Month-to-month,Yes,Bank transfer (automatic),DSL,No,No,Yes,32.5,1,1,5.0,65.95,282.92,0,1645.87
CUST_12741,47,Male,0,No,No,37,Month-to-month,Yes,Electronic check,Fiber optic,No,No,No,290.2,5,0,3.0,72.13,2654.24,0,2609.45
CUST_12742,48,Male,0,Yes,Yes,58,One year,No,Credit card (automatic),DSL,Yes,No,No,184.1,1,0,4.0,61.26,3505.93,0,2120.02
CUST_12743,43,Male,0,Yes,Yes,10,Two year,No,Electronic check,DSL,No,Yes,Yes,155.1,1,2,4.0,85.32,840.11,0,2193.43
CUST_12744,49,Female,0,No,No,22,Two year,Yes,Credit card (automatic),DSL,No,No,No,169.7,1,0,4.0,55.37,1188.39,0,1679.32
CUST_12745,18,Female,0,Yes,Yes,22,One year,Yes,Credit card (automatic),Fiber optic,Yes,Yes,No,366.7,0,1,5.0,104.01,2281.33,0,2931.18
CUST_12746,38,Female,0,No,No,59,Month-to-month,Yes,Credit card (automatic),DSL,Yes,Yes,Yes,125.8,4,0,2.0,98.73,5821.57,0,3028.25
CUST_12747,45,Female,0,No,No,30,Month-to-month,Yes,Electronic check,DSL,No,No,Yes,94.2,2,0,4.0,65.4,1980.78,0,1930.9
CUST_12748,27,Male,0,Yes,No,29,Two year,No,Mailed check,DSL,Yes,No,No,96.2,1,0,5.0,57.9,1722.88,0,1504.63
CUST_12749,47,Female,0,Yes,No,52,Month-to-month,Yes,Bank transfer (automatic),Fiber optic,No,No,No,353.8,2,1,4.0,84.4,4382.22,0,3022.94
CUST_12750,39,Female,0,Yes,No,42,Month-to-month,No,Electronic check,No,No internet service,No internet service,No internet service,15.1,3,1,3.0,18.5,771.3,1,774.06
CUST_12751,65,Female,1,No,No,10,One year,No,Mailed check,DSL,Yes,No,No,115.8,2,0,5.0,62.51,618.07,0,1769.72
CUST_12752,62,Male,0,Yes,No,12,Month-to-month,Yes,Bank transfer (automatic),Fiber optic,No,No,Yes,386.9,3,0,4.0,105.15,1260.05,0,2953.83
CUST_12753,36,Female,0,Yes,No,44,Month-to-month,No,Electronic check,DSL,No,No,Yes,102.0,1,0,4.0,69.36,3022.07,0,2403.01
CUST_12754,40,Male,0,No,No,33,Month-to-month,No,Electronic check,DSL,Yes,No,No,136.9,4,0,3.0,55.69,1878.4,1,881.51
CUST_12755,41,Female,0,No,No,2,One year,No,Electronic check,DSL,No,Yes,No,175.1,1,3,4.0,67.54,151.58,0,1862.92
CUST_12756,36,Female,0,Yes,No,13,One year,No,Credit card (automatic),No,No internet service,No internet service,No internet service,25.6,2,0,5.0,23.94,340.03,0,779.13
CUST_12757,45,Female,0,Yes,Yes,27,Month-to-month,Yes,Credit card (automatic),Fiber optic,No,No,Yes,264.2,1,0,5.0,99.88,2716.29,1,1127.09
CUST_12758,32,Male,0,No,No,29,Two year,No,Bank transfer (automatic),DSL,No,No,Yes,171.2,0,0,5.0,72.05,2111.91,0,2263.02
CUST_12759,27,Male,0,No,No,56,Two year,Yes,Electronic check,DSL,No,No,No,153.3,2,2,3.0,45.54,2560.65,0,1940.57
CUST_12760,50,Male,0,No,No,34,Month-to-month,No,Bank transfer (automatic),Fiber optic,Yes,No,Yes,499.0,3,0,4.0,109.5,3756.48,0,3761.09
CUST_12761,50,Female,0,No,No,41,One year,Yes,Electronic check,DSL,No,No,No,204.5,2,1,4.0,48.04,1971.77,0,1745.36
CUST_12762,32,Female,0,No,No,50,One year,No,Bank transfer (automatic),DSL,No,No,Yes,183.9,1,0,4.0,69.93,3501.33,0,2464.35
CUST_12763,54,Male,0,No,No,34,One year,Yes,Bank transfer (automatic),Fiber optic,No,No,No,199.5,1,0,4.0,72.67,2455.57,0,2586.41
CUST_12764,34,Female,0,No,No,0,Month-to-month,Yes,Credit card (automatic),DSL,No,Yes,No,123.5,2,1,5.0,60.44,,0,1608.15
CUST_12765,45,Male,0,No,No,59,One year,No,Electronic check,Fiber optic,No,No,No,252.9,1,1,4.0,73.12,4331.36,0,2785.16
CUST_12766,53,Male,0,No,No,27,One year,No,Electronic check,DSL,No,Yes,No,130.8,0,1,5.0,66.35,1783.54,0,1854.84
CUST_12767,42,Female,0,Yes,No,24,One year,No,Credit card (automatic),DSL,No,No,No,207.0,6,1,2.0,49.86,1174.68,0,1623.54
CUST_12768,48,Male,0,Yes,Yes,24,Month-to-month,Yes,Credit card (automatic),No,No internet service,No internet service,No internet service,18.8,5,0,3.0,21.78,551.5,1,559.2
CUST_12769,35,Female,0,No,No,11,Month-to-month,No,Mailed check,No,No internet service,No internet service,No internet service,15.6,1,0,5.0,18.5,205.7,0,488.19
CUST_12770,39,Female,0,Yes,Yes,43,Two year,No,Electronic check,Fiber optic,No,No,Yes,259.2,1,2,5.0,95.25,4097.36,0,3140.77
CUST_12771,39,Female,0,No,No,20,Month-to-month,Yes,Mailed check,Fiber optic,No,No,Yes,312.1,4,0,3.0,101.3,2063.27,0,3124.06
CUST_12772,32,Male,0,Yes,Yes,35,One year,No,Mailed check,Fiber optic,No,No,Yes,488.8,0,0,5.0,105.02,3639.75,0,3655.39
CUST_12773,40,Female,0,No,No,52,Month-to-month,Yes,Credit card (automatic),DSL,No,No,No,86.3,2,0,4.0,49.58,2598.45,1,1368.72
CUST_12774,22,Male,0,Yes,No,62,Two year,No,Bank transfer (automatic),Fiber optic,No,Yes,Yes,538.0,2,0,5.0,117.69,7264.94,0,4034.26
CUST_12775,36,Male,0,No,No,60,Month-to-month,Yes,Electronic check,Fiber optic,Yes,Yes,No,451.5,4,0,4.0,107.22,6392.24,1,1989.25
CUST_12776,38,Male,0,No,No,23,Month-to-month,Yes,Bank transfer (automatic),Fiber optic,No,No,Yes,209.0,2,0,4.0,101.81,2337.87,0,2882.41
CUST_12777,39,Male,0,Yes,Yes,27,One year,No,Electronic check,Fiber optic,Yes,No,Yes,530.7,0,0,5.0,111.78,3056.31,0,3281.64
CUST_12778,39,Female,0,No,No,21,Month-to-month,No,Electronic check,Fiber optic,No,Yes,No,188.2,5,1,4.0,89.11,1860.37,1,1136.84
CUST_12779,41,Female,0,Yes,Yes,50,One year,No,Mailed check,DSL,No,No,No,52.4,0,0,5.0,51.5,2593.14,0,1820.19
CUST_12780,48,Female,0,Yes,Yes,37,Month-to-month,No,Electronic check,DSL,No,No,Yes,147.2,4,2,3.0,72.42,2665.78,0,2082.58
CUST_12781,53,Male,0,Yes,Yes,2,Month-to-month,Yes,Credit card (automatic),Fiber optic,No,No,No,468.2,0,0,5.0,79.64,141.73,0,2401.1
CUST_12782,34,Male,0,Yes,Yes,22,One year,Yes,Mailed check,DSL,No,Yes,No,107.4,0,0,5.0,64.0,1395.65,0,1685.23
CUST_12783,26,Male,0,No,No,7,Month-to-month,Yes,Bank transfer (automatic),Fiber optic,Yes,No,No,257.2,5,2,2.0,87.33,585.91,1,899.82
CUST_12784,28,Male,0,Yes,No,30,Month-to-month,Yes,Bank transfer (automatic),Fiber optic,No,No,Yes,326.3,2,0,4.0,104.78,3159.05,0,3346.84
CUST_12785,36,Male,0,No,No,56,One year,Yes,Credit card (automatic),DSL,No,No,Yes,133.3,0,1,5.0,62.86,3485.73,0,2306.29
CUST_12786,37,Female,0,Yes,Yes,24,Month-to-month,No,Credit card (automatic),DSL,Yes,No,Yes,125.0,1,0,4.0,81.06,1945.52,1,1113.74
CUST_12787,32,Male,0,No,No,42,Month-to-month,Yes,Credit card (automatic),No,No internet service,No internet service,No internet service,11.3,1,3,3.0,24.56,1023.31,1,922.73
CUST_12788,25,Male,0,Yes,No,9,Month-to-month,No,Mailed check,DSL,No,No,No,68.1,1,0,5.0,47.52,387.24,0,1437.94
CUST_12789,36,Female,0,No,No,18,Month-to-month,Yes,Electronic check,No,No internet service,No internet service,No internet service,13.1,1,2,4.0,19.61,327.16,1,626.49
CUST_12790,44,Male,0,No,No,31,Two year,Yes,Bank transfer (automatic),DSL,No,Yes,No,78.3,0,0,5.0,60.06,1866.41,0,1887.74
CUST_12791,50,Female,0,No,No,27,Month-to-month,Yes,Mailed check,Fiber optic,No,Yes,No,404.3,2,0,4.0,100.06,2693.13,1,1708.53
CUST_12792,35,Male,0,Yes,Yes,41,Two year,Yes,Electronic check,No,No internet service,No internet service,No internet service,21.0,2,3,4.0,24.32,1010.7,0,950.79
CUST_12793,37,Male,0,No,No,41,Two year,Yes,Electronic check,No,No internet service,No internet service,No internet service,12.0,2,3,3.0,28.01,1144.15,0,1233.04
CUST_12794,30,Male,0,Yes,Yes,57,Month-to-month,No,Mailed check,No,No internet service,No internet service,No internet service,19.9,5,0,3.0,19.16,1094.57,0,892.89
CUST_12795,42,Female,0,Yes,Yes,9,Month-to-month,Yes,Bank transfer (automatic),No,No internet service,No internet service,No internet service,23.4,2,0,4.0,18.5,181.45,0,610.08
CUST_12796,31,Male,0,Yes,No,27,Month-to-month,Yes,Bank transfer (automatic),Fiber optic,No,No,Yes,263.3,4,0,4.0,89.87,2398.09,1,1500.5
CUST_12797,49,Male,0,Yes,Yes,45,One year,Yes,Bank transfer (automatic),Fiber optic,No,No,Yes,393.2,0,1,5.0,104.96,4681.25,0,3389.17
CUST_12798,19,Female,0,Yes,No,54,Two year,Yes,Mailed check,Fiber optic,No,Yes,Yes,352.4,0,1,5.0,116.15,6296.95,0,3694.52
CUST_12799,37,Male,0,No,No,19,One year,No,Electronic check,No,No internet service,No internet service,No internet service,9.1,1,1,5.0,19.96,350.52,0,750.72
CUST_12800,46,Male,0,Yes,No,2,Month-to-month,Yes,Mailed check,Fiber optic,No,Yes,No,350.1,1,0,5.0,89.4,117.94,0,2196.43
CUST_12801,44,Male,0,Yes,Yes,27,Month-to-month,Yes,Credit card (automatic),Fiber optic,No,No,No,295.5,2,0,5.0,81.1,2216.65,0,2172.12
CUST_12802,77,Female,1,Yes,Yes,59,Two year,Yes,Electronic check,Fiber optic,No,No,No,283.2,0,1,4.0,77.94,4572.22,0,2996.35
CUST_12803,47,Female,0,No,No,43,One year,No,Mailed check,Fiber optic,No,Yes,No,319.9,0,0,4.0,93.36,4016.11,0,3113.49
CUST_12804,29,Male,0,No,No,20,Two year,Yes,Electronic check,No,No internet service,No internet service,No internet service,12.3,0,2,4.0,18.5,374.81,1,268.36
CUST_12805,41,Female,0,Yes,No,32,Month-to-month,Yes,Electronic check,DSL,No,No,Yes,175.6,0,1,5.0,75.13,2456.8,1,1023.82
CUST_12806,19,Female,0,No,No,16,Month-to-month,Yes,Mailed check,DSL,No,Yes,No,32.8,5,0,4.0,62.1,956.66,0,1825.72
CUST_12807,41,Male,0,No,No,8,One year,No,Bank transfer (automatic),No,No internet service,No internet service,No internet service,10.1,0,1,5.0,19.1,171.9,0,452.4
CUST_12808,31,Male,0,Yes,No,64,One year,Yes,Mailed check,Fiber optic,No,No,No,340.1,1,0,5.0,78.33,5009.42,0,2787.95
CUST_12809,54,Male,0,No,No,33,One year,Yes,Electronic check,Fiber optic,Yes,No,No,247.0,0,3,4.0,92.78,3103.93,0,2934.16
CUST_12810,35,Female,0,No,No,34,Month-to-month,No,Bank transfer (automatic),Fiber optic,Yes,No,No,433.9,0,0,5.0,89.69,3056.68,0,2623.05
CUST_12811,40,Female,0,No,No,5,One year,Yes,Electronic check,Fiber optic,No,Yes,Yes,384.4,0,2,5.0,116.52,565.5,0,3002.99
CUST_12812,34,Female,0,Yes,No,30,Two year,No,Mailed check,DSL,No,Yes,No,114.1,0,0,5.0,56.99,1704.79,0,2036.51
CUST_12813,65,Female,1,Yes,Yes,15,Month-to-month,Yes,Electronic check,DSL,No,No,Yes,123.7,4,7,1.0,69.45,1083.55,1,898.91
CUST_12814,38,Male,0,Yes,No,7,Month-to-month,Yes,Credit card (automatic),Fiber optic,No,Yes,No,343.5,1,0,5.0,93.78,656.77,0,2598.24
CUST_12815,66,Male,1,No,No,48,Two year,No,Electronic check,Fiber optic,Yes,No,Yes,222.5,1,2,4.0,110.9,5311.83,0,3495.1
CUST_12816,53,Female,0,No,No,10,Two year,Yes,Mailed check,DSL,No,Yes,Yes,146.5,0,1,4.0,90.29,928.46,0,2606.49
CUST_12817,48,Female,0,Yes,Yes,4,Month-to-month,No,Mailed check,Fiber optic,No,Yes,Yes,203.7,1,1,5.0,113.08,440.48,0,3001.79
CUST_12818,47,Female,0,Yes,Yes,31,Two year,No,Bank transfer (automatic),Fiber optic,No,Yes,No,362.0,1,0,5.0,96.13,2968.17,0,2944.29
CUST_12819,47,Female,0,No,No,53,One year,Yes,Credit card (automatic),Fiber optic,Yes,Yes,Yes,378.2,1,0,5.0,126.61,6702.88,0,3889.86
CUST_12820,18,Female,0,No,No,39,Two year,Yes,Bank transfer (automatic),No,No internet service,No internet service,No internet service,12.6,0,0,5.0,22.42,901.62,0,977.69
CUST_12821,38,Male,0,No,No,38,Month-to-month,Yes,Bank transfer (automatic),Fiber optic,Yes,Yes,No,282.4,5,2,3.0,109.49,4156.4,1,1473.42
CUST_12822,53,Male,0,No,No,54,One year,Yes,Electronic check,DSL,No,No,Yes,97.1,0,0,4.0,72.72,3950.19,0,2501.66
CUST_12823,41,Male,0,No,No,10,Month-to-month,Yes,Credit card (automatic),DSL,No,No,Yes,50.5,1,1,4.0,66.03,648.17,0,1664.08
CUST_12824,24,Female,0,Yes,Yes,24,One year,No,Mailed check,DSL,Yes,No,Yes,195.8,1,1,4.0,84.05,2011.6,0,2877.69
CUST_12825,41,Male,0,Yes,No,2,Month-to-month,Yes,Electronic check,No,No internet service,No internet service,No internet service,18.7,2,4,3.0,22.79,22.28,1,272.19
CUST_12826,64,Male,0,Yes,Yes,37,Two year,No,Bank transfer (automatic),DSL,Yes,Yes,No,127.7,3,0,4.0,75.15,2718.58,0,2263.01
CUST_12827,58,Male,0,No,No,22,Two year,Yes,Bank transfer (automatic),DSL,No,Yes,Yes,90.6,0,1,3.0,84.4,1849.98,0,2489.21
CUST_12828,41,Female,0,Yes,Yes,6,One year,Yes,Electronic check,Fiber optic,Yes,No,No,336.5,1,1,5.0,93.78,554.24,0,2467.25
CUST_12829,54,Male,0,No,No,63,Month-to-month,No,Credit card (automatic),DSL,Yes,No,Yes,100.6,0,0,4.0,79.03,4996.33,0,3196.45
CUST_12830,37,Male,0,Yes,No,25,Month-to-month,Yes,Bank transfer (automatic),Fiber optic,No,Yes,Yes,551.2,3,0,4.0,113.01,2829.02,0,3366.46
CUST_12831,20,Male,0,Yes,Yes,68,One year,Yes,Mailed check,DSL,Yes,No,No,41.6,2,0,3.0,61.22,4167.08,0,2023.53
CUST_12832,30,Female,0,No,No,69,Two year,No,Mailed check,DSL,No,Yes,No,59.8,1,0,4.0,65.79,4521.54,0,2403.88
CUST_12833,62,Female,0,Yes,Yes,56,Month-to-month,Yes,Electronic check,No,No internet service,No internet service,No internet service,6.5,0,4,4.0,18.84,1075.53,0,1357.0
CUST_12834,38,Female,0,Yes,No,28,One year,No,Credit card (automatic),DSL,Yes,No,No,152.4,3,0,4.0,65.51,1857.24,0,1858.56
CUST_12835,39,Female,0,No,No,9,Month-to-month,Yes,Bank transfer (automatic),Fiber optic,Yes,Yes,No,263.6,4,0,4.0,91.51,773.64,0,2603.33
CUST_12836,38,Male,0,Yes,No,4,Month-to-month,Yes,Bank transfer (automatic),Fiber optic,Yes,No,Yes,411.6,1,0,3.0,109.85,434.18,0,3040.45
CUST_12837,67,Female,1,No,No,1,Month-to-month,Yes,Bank transfer (automatic),DSL,Yes,No,No,118.7,2,0,5.0,58.02,29.46,0,1380.73
CUST_12838,63,Female,0,No,No,7,Month-to-month,No,Credit card (automatic),DSL,No,Yes,Yes,161.6,5,2,3.0,84.95,610.64,1,912.18
CUST_12839,71,Female,1,No,No,33,Month-to-month,No,Bank transfer (automatic),Fiber optic,No,No,No,460.8,2,0,4.0,78.39,2582.12,0,2741.0
CUST_12840,40,Female,0,No,No,54,One year,Yes,Electronic check,Fiber optic,No,Yes,No,371.4,0,0,4.0,99.45,5358.52,0,3622.37
CUST_12841,46,Female,0,Yes,Yes,50,Two year,Yes,Bank transfer (automatic),DSL,Yes,No,Yes,158.0,1,0,4.0,75.18,3768.73,0,2427.41
CUST_12842,22,Male,0,No,No,49,One year,Yes,Bank transfer (automatic),Fiber optic,No,No,Yes,212.9,1,0,5.0,101.66,5008.7,0,3016.6
CUST_12843,61,Male,0,Yes,No,45,Two year,Yes,Credit card (automatic),Fiber optic,No,No,No,79.6,1,1,4.0,81.6,3648.93,0,2666.53
CUST_12844,27,Female,0,Yes,Yes,15,Month-to-month,Yes,Bank transfer (automatic),DSL,Yes,Yes,Yes,137.4,3,0,3.0,99.77,1531.67,1,1032.63
CUST_12845,45,Female,0,Yes,No,26,One year,Yes,Mailed check,DSL,Yes,No,Yes,117.5,0,0,5.0,78.77,2053.99,0,2444.88
CUST_12846,28,Female,0,Yes,Yes,31,Month-to-month,Yes,Electronic check,DSL,No,Yes,Yes,86.7,2,1,4.0,85.69,2645.82,0,2658.73
CUST_12847,34,Female,0,No,No,6,Two year,Yes,Mailed check,Fiber optic,No,No,Yes,321.2,0,0,5.0,100.37,575.41,0,2906.71
CUST_12848,31,Male,0,Yes,No,62,Two year,No,Bank transfer (automatic),No,No internet service,No internet service,No internet service,5.6,1,0,4.0,19.08,1170.36,0,1236.87
CUST_12849,34,Male,0,No,No,21,Month-to-month,Yes,Electronic check,Fiber optic,No,No,Yes,264.2,0,3,4.0,103.98,2220.6,0,3049.26
CUST_12850,35,Male,0,Yes,No,62,One year,Yes,Bank transfer (automatic),DSL,Yes,No,No,178.3,1,0,5.0,67.35,4149.01,0,2607.06
CUST_12851,35,Male,0,Yes,No,12,One year,Yes,Credit card (automatic),No,No internet service,No internet service,No internet service,19.3,0,0,5.0,18.5,236.44,0,535.96
CUST_12852,53,Female,0,No,No,7,One year,No,Electronic check,Fiber optic,No,No,No,457.2,1,1,5.0,78.52,523.71,0,2456.37
CUST_12853,28,Male,0,Yes,Yes,19,One year,No,Bank transfer (automatic),Fiber optic,No,No,No,307.7,0,0,5.0,72.97,1398.47,0,2317.82
CUST_12854,45,Male,0,No,No,20,Two year,No,Electronic check,Fiber optic,No,Yes,Yes,425.3,1,3,5.0,114.52,2296.72,0,3652.82
CUST_12855,58,Male,0,Yes,No,17,Month-to-month,Yes,Electronic check,Fiber optic,No,No,Yes,531.4,5,0,3.0,97.6,1698.5,1,1591.88
CUST_12856,35,Female,0,Yes,No,3,Month-to-month,No,Electronic check,Fiber optic,No,Yes,Yes,472.3,2,2,3.0,120.69,343.67,1,1381.73
CUST_12857,33,Male,0,No,No,13,One year,No,Bank transfer (automatic),Fiber optic,No,No,Yes,442.5,0,1,5.0,105.72,1371.38,0,3377.14
CUST_12858,39,Male,0,No,No,44,Month-to-month,Yes,Credit card (automatic),DSL,No,No,No,18.8,4,1,3.0,45.08,1957.27,1,695.99
CUST_12859,57,Male,0,Yes,No,55,Two year,No,Bank transfer (automatic),Fiber optic,Yes,Yes,No,428.1,2,0,4.0,104.08,5738.39,0,3439.57
CUST_12860,45,Female,0,Yes,No,14,Two year,No,Electronic check,Fiber optic,No,No,Yes,319.3,0,1,5.0,97.26,1375.81,0,2693.46
CUST_12861,35,Male,0,Yes,Yes,36,Two year,Yes,Electronic check,DSL,No,No,Yes,78.6,1,0,4.0,70.93,2529.3,0,2270.35
CUST_12862,48,Male,0,No,No,10,Month-to-month,Yes,Bank transfer (automatic),DSL,No,No,Yes,146.9,2,0,4.0,72.79,652.15,0,1888.13
CUST_12863,28,Male,0,No,No,46,One year,Yes,Electronic check,Fiber optic,Yes,No,No,358.8,0,1,5.0,87.55,3997.42,1,1450.72
CUST_12864,51,Male,0,No,No,36,One year,Yes,Credit card (automatic),DSL,Yes,No,Yes,139.4,2,0,4.0,80.02,2821.46,0,2424.76
CUST_12865,47,Male,0,Yes,Yes,6,Month-to-month,Yes,Electronic check,DSL,Yes,Yes,No,93.9,2,0,4.0,80.63,458.87,0,2035.97
CUST_12866,38,Female,0,No,No,29,Two year,No,Electronic check,DSL,No,Yes,Yes,61.3,1,1,5.0,84.31,2413.95,0,2282.55
CUST_12867,31,Male,0,No,No,66,Month-to-month,Yes,Mailed check,DSL,Yes,No,No,202.8,1,0,4.0,56.21,3711.26,0,2340.49
CUST_12868,30,Female,0,No,No,6,One year,Yes,Bank transfer (automatic),No,No internet service,No internet service,No internet service,9.1,0,0,5.0,21.65,116.33,0,689.53
CUST_12869,49,Male,0,No,No,14,Month-to-month,Yes,Electronic check,Fiber optic,No,Yes,No,279.1,2,1,4.0,89.84,1250.41,0,2527.09
CUST_12870,58,Female,0,No,No,64,One year,Yes,Electronic check,DSL,No,Yes,No,157.0,2,1,4.0,61.43,3927.43,1,1625.09
CUST_12871,34,Male,0,Yes,No,5,Month-to-month,No,Mailed check,DSL,No,Yes,Yes,178.4,3,1,3.0,84.63,424.99,0,2664.83
CUST_12872,48,Male,0,No,No,34,Month-to-month,Yes,Mailed check,DSL,No,No,No,129.5,2,1,5.0,46.12,1562.69,0,1730.13
CUST_12873,18,Male,0,No,No,31,Month-to-month,Yes,Credit card (automatic),DSL,Yes,Yes,Yes,158.0,2,0,3.0,101.17,3135.96,1,1515.18
CUST_12874,34,Male,0,Yes,No,19,One year,Yes,Electronic check,DSL,Yes,No,No,141.6,0,0,5.0,63.4,1194.74,0,1739.48
CUST_12875,42,Male,0,Yes,Yes,27,One year,Yes,Electronic check,No,No internet service,No internet service,No internet service,10.1,2,1,5.0,21.59,577.67,0,812.04
CUST_12876,30,Male,0,No,No,47,Month-to-month,No,Mailed check,Fiber optic,No,No,No,210.0,1,1,3.0,76.39,3549.65,0,2530.45
CUST_12877,30,Female,0,Yes,No,16,Month-to-month,Yes,Electronic check,Fiber optic,No,No,No,473.1,0,2,4.0,75.81,1165.59,1,1283.64
CUST_12878,33,Female,0,No,No,21,One year,Yes,Mailed check,Fiber optic,Yes,No,No,427.6,0,0,5.0,92.26,1947.51,1,1554.17
CUST_12879,46,Female,0,Yes,Yes,49,Two year,Yes,Electronic check,Fiber optic,Yes,No,No,688.5,0,1,4.0,90.12,4406.01,0,3253.21
CUST_12880,40,Female,0,Yes,Yes,23,Month-to-month,Yes,Credit card (automatic),Fiber optic,No,No,Yes,248.8,2,0,3.0,104.51,2419.65,0,3128.24
CUST_12881,18,Male,0,Yes,No,54,One year,Yes,Electronic check,No,No internet service,No internet service,No internet service,15.1,2,1,3.0,20.57,1123.78,0,1253.31
CUST_12882,18,Male,0,Yes,Yes,25,Month-to-month,No,Bank transfer (automatic),Fiber optic,Yes,Yes,No,363.5,2,0,4.0,105.65,2635.75,0,3400.38
CUST_12883,34,Male,0,Yes,No,34,Month-to-month,Yes,Credit card (automatic),Fiber optic,No,No,Yes,179.1,1,0,4.0,99.5,3383.52,1,1616.42
CUST_12884,48,Female,0,No,No,68,Month-to-month,Yes,Credit card (automatic),Fiber optic,Yes,Yes,No,283.9,2,0,4.0,105.4,7189.86,0,3329.92
CUST_12885,18,Female,0,No,No,7,Month-to-month,Yes,Mailed check,DSL,Yes,Yes,No,141.2,1,0,4.0,75.19,528.78,0,2007.01
CUST_12886,36,Male,0,No,No,13,Two year,Yes,Credit card (automatic),No,No internet service,No internet service,No internet service,17.6,0,1,4.0,20.86,274.38,0,521.94
CUST_12887,35,Male,0,Yes,No,18,Month-to-month,Yes,Bank transfer (automatic),DSL,Yes,No,No,93.1,1,2,4.0,57.89,998.55,0,1688.25
CUST_12888,60,Female,0,No,No,26,One year,Yes,Electronic check,Fiber optic,No,No,Yes,331.3,2,3,4.0,95.66,2487.92,0,2913.7
CUST_12889,37,Male,0,No,No,8,Month-to-month,Yes,Credit card (automatic),DSL,No,Yes,No,202.1,2,0,4.0,59.54,525.6,0,1645.55
CUST_12890,47,Male,0,No,No,50,Two year,Yes,Mailed check,Fiber optic,Yes,Yes,No,345.2,1,0,5.0,109.35,5471.03,0,3512.83
CUST_12891,44,Female,0,No,No,60,Two year,No,Electronic check,No,No internet service,No internet service,No internet service,11.6,2,2,4.0,19.45,1196.42,0,1396.42
CUST_12892,18,Male,0,Yes,Yes,48,Two year,Yes,Credit card (automatic),DSL,No,Yes,Yes,207.6,0,2,4.0,83.25,4005.05,0,2750.62
CUST_12893,52,Female,0,Yes,Yes,42,Two year,Yes,Bank transfer (automatic),Fiber optic,Yes,No,No,389.6,0,0,5.0,92.84,3890.13,0,2994.91
CUST_12894,45,Male,0,Yes,No,10,One year,Yes,Credit card (automatic),DSL,Yes,Yes,No,84.1,1,0,5.0,73.37,736.56,0,2043.76
CUST_12895,49,Female,0,Yes,Yes,1,Month-to-month,No,Credit card (automatic),DSL,Yes,Yes,No,164.1,3,0,4.0,74.42,121.24,1,726.98
CUST_12896,80,Female,1,No,No,11,Month-to-month,Yes,Electronic check,DSL,Yes,No,Yes,76.0,1,2,4.0,78.91,917.06,0,1914.91
CUST_12897,18,Male,0,Yes,Yes,10,One year,Yes,Electronic check,DSL,No,No,No,82.3,0,2,4.0,50.16,501.01,0,1524.28
CUST_12898,64,Female,0,No,No,6,Month-to-month,Yes,Bank transfer (automatic),Fiber optic,No,No,Yes,286.9,4,0,3.0,96.84,550.59,1,1138.31
CUST_12899,38,Male,0,No,No,16,Month-to-month,No,Bank transfer (automatic),Fiber optic,No,No,Yes,242.4,2,0,4.0,93.67,1519.66,1,1403.43
CUST_12900,46,Female,0,No,No,1,One year,No,Electronic check,DSL,No,No,Yes,87.4,0,1,5.0,75.18,90.59,1,754.94
CUST_12901,41,Female,0,No,No,24,Month-to-month,No,Electronic check,DSL,No,No,Yes,73.6,2,2,4.0,68.39,1652.2,0,2049.53
CUST_12902,36,Female,0,Yes,Yes,12,Month-to-month,Yes,Electronic check,DSL,Yes,No,Yes,124.3,5,2,2.0,79.25,943.63,1,805.2
CUST_12903,35,Female,0,No,No,41,Two year,No,Bank transfer (automatic),DSL,No,No,Yes,67.9,1,0,5.0,69.97,2830.05,0,2299.36
CUST_12904,46,Male,0,Yes,No,39,One year,No,Electronic check,DSL,Yes,No,Yes,63.3,1,3,4.0,75.53,2922.93,0,2597.52
CUST_12905,22,Female,0,No,No,8,Month-to-month,Yes,Electronic check,DSL,No,Yes,Yes,139.3,3,0,4.0,88.37,693.16,0,2553.86
CUST_12906,52,Male,0,No,No,43,One year,No,Mailed check,Fiber optic,Yes,Yes,Yes,322.6,2,0,4.0,122.54,5284.21,0,3681.49
CUST_12907,37,Male,0,No,No,60,Two year,No,Electronic check,Fiber optic,Yes,Yes,No,350.2,0,1,5.0,102.57,6122.01,0,3580.48
CUST_12908,27,Male,0,Yes,No,41,Two year,Yes,Electronic check,DSL,No,No,No,109.1,0,1,4.0,46.75,1922.12,0,1900.01
CUST_12909,36,Female,0,No,No,63,Month-to-month,No,Credit card (automatic),Fiber optic,Yes,No,No,621.7,4,0,4.0,88.01,5472.91,0,3486.1
CUST_12910,58,Male,0,Yes,No,18,Month-to-month,Yes,Bank transfer (automatic),Fiber optic,No,Yes,Yes,352.3,3,0,3.0,113.94,2107.62,1,1488.36
CUST_12911,35,Female,0,Yes,No,36,Month-to-month,Yes,Electronic check,Fiber optic,Yes,No,Yes,327.6,4,1,3.0,115.07,4159.34,1,1666.09
CUST_12912,47,Female,0,No,No,27,Two year,Yes,Credit card (automatic),Fiber optic,No,No,Yes,396.0,2,1,4.0,104.93,2819.78,0,3161.33
CUST_12913,32,Female,0,Yes,No,59,Two year,Yes,Electronic check,DSL,No,No,Yes,133.6,2,3,3.0,76.11,4502.72,0,2876.65
CUST_12914,52,Female,0,No,No,11,Month-to-month,No,Bank transfer (automatic),No,No internet service,No internet service,No internet service,20.1,2,0,5.0,18.5,185.86,0,683.58
CUST_12915,51,Female,0,Yes,No,42,Two year,No,Mailed check,DSL,No,No,Yes,127.2,0,0,5.0,68.45,2866.39,0,2183.48
CUST_12916,66,Male,1,No,No,27,One year,Yes,Bank transfer (automatic),Fiber optic,Yes,Yes,Yes,401.5,0,0,5.0,124.22,3326.95,0,3670.86
CUST_12917,40,Female,0,Yes,Yes,25,One year,No,Mailed check,DSL,No,No,Yes,152.3,0,1,5.0,66.56,1692.34,0,1907.43
CUST_12918,51,Female,0,No,No,21,Month-to-month,No,Electronic check,DSL,Yes,Yes,No,165.4,5,0,3.0,72.04,1529.45,1,1006.42
CUST_12919,43,Male,0,No,No,17,Month-to-month,Yes,Bank transfer (automatic),Fiber optic,No,Yes,No,294.6,4,0,3.0,84.42,1456.67,0,2457.5
CUST_12920,59,Female,0,No,No,7,Month-to-month,Yes,Bank transfer (automatic),No,No internet service,No internet service,No internet service,7.2,2,0,4.0,24.49,211.13,0,739.71
CUST_12921,33,Female,0,Yes,No,59,One year,No,Mailed check,Fiber optic,No,No,No,146.8,1,0,5.0,70.92,4204.43,0,2400.77
CUST_12922,52,Female,0,No,No,43,Month-to-month,No,Bank transfer (automatic),Fiber optic,No,Yes,Yes,412.3,5,1,3.0,120.36,5145.57,0,3799.52
CUST_12923,39,Male,0,Yes,Yes,47,Month-to-month,No,Mailed check,No,No internet service,No internet service,No internet service,16.1,5,0,3.0,19.35,896.58,1,707.26
CUST_12924,41,Female,0,Yes,Yes,26,Month-to-month,Yes,Credit card (automatic),Fiber optic,Yes,No,No,187.9,0,0,5.0,86.13,2227.54,0,2515.3
CUST_12925,43,Female,0,Yes,Yes,30,One year,Yes,Bank transfer (automatic),DSL,No,No,Yes,120.0,1,0,5.0,62.55,1860.91,0,2210.75
CUST_12926,45,Male,0,No,No,52,Two year,No,Electronic check,No,No internet service,No internet service,No internet service,12.7,4,0,5.0,21.97,1130.0,0,1405.18
CUST_12927,40,Male,0,Yes,Yes,27,Two year,Yes,Credit card (automatic),Fiber optic,Yes,No,Yes,253.7,2,0,4.0,105.28,2819.32,0,2751.59
CUST_12928,45,Male,0,No,No,34,One year,No,Credit card (automatic),No,No internet service,No internet service,No internet service,5.3,0,0,5.0,18.5,679.72,0,848.03
CUST_12929,63,Male,0,No,No,12,One year,Yes,Credit card (automatic),DSL,No,No,Yes,103.8,0,1,5.0,73.49,879.18,0,1721.93
CUST_12930,55,Female,0,Yes,No,22,Month-to-month,Yes,Bank transfer (automatic),Fiber optic,No,No,No,394.3,2,0,4.0,77.1,1706.34,0,2175.58
CUST_12931,53,Female,0,No,No,60,One year,Yes,Bank transfer (automatic),DSL,Yes,No,No,195.4,1,0,5.0,57.77,3482.75,0,2380.54
CUST_12932,36,Female,0,Yes,No,19,Month-to-month,Yes,Credit card (automatic),Fiber optic,No,No,No,184.2,7,1,2.0,77.66,1504.53,1,935.61
CUST_12933,30,Female,0,No,No,32,Month-to-month,Yes,Electronic check,No,No internet service,No internet service,No internet service,12.7,3,1,3.0,24.1,786.54,1,790.32
CUST_12934,54,Female,0,Yes,No,3,Month-to-month,No,Credit card (automatic),DSL,No,No,Yes,188.1,1,1,3.0,68.02,199.41,0,1762.3
CUST_12935,53,Female,0,No,No,33,Month-to-month,Yes,Electronic check,DSL,No,No,Yes,161.2,4,3,3.0,70.42,2330.82,0,2433.34
CUST_12936,61,Male,0,Yes,No,58,Two year,Yes,Electronic check,DSL,No,No,Yes,154.1,1,0,5.0,73.0,4223.8,0,2833.58
CUST_12937,34,Male,0,Yes,Yes,21,Month-to-month,No,Electronic check,Fiber optic,No,No,No,350.1,2,3,3.0,75.25,1582.95,1,1325.99
CUST_12938,39,Female,0,Yes,Yes,7,Month-to-month,Yes,Bank transfer (automatic),DSL,No,Yes,No,154.6,2,1,4.0,60.55,457.75,1,608.32
CUST_12939,21,Male,0,Yes,Yes,16,Two year,Yes,Electronic check,Fiber optic,No,No,Yes,251.0,0,0,5.0,101.33,1582.77,0,2580.86
CUST_12940,37,Female,0,Yes,Yes,39,Month-to-month,Yes,Electronic check,DSL,No,No,No,79.7,2,0,4.0,48.52,1922.23,0,1689.53
CUST_12941,55,Female,0,Yes,No,40,One year,No,Bank transfer (automatic),No,No internet service,No internet service,No internet service,6.6,0,0,5.0,25.28,1015.14,0,1290.44
CUST_12942,36,Male,0,No,No,53,Month-to-month,Yes,Mailed check,Fiber optic,No,No,Yes,343.1,1,0,4.0,97.4,5134.71,0,3659.49
CUST_12943,50,Female,0,No,No,67,Month-to-month,No,Credit card (automatic),Fiber optic,No,No,No,429.7,2,0,5.0,76.11,5097.76,1,1704.17
CUST_12944,40,Female,0,No,No,10,Month-to-month,Yes,Electronic check,DSL,No,No,No,136.0,2,2,3.0,46.79,442.01,1,786.96
CUST_12945,46,Female,0,No,No,55,Two year,No,Electronic check,DSL,Yes,Yes,Yes,192.1,1,2,3.0,92.15,5066.91,0,3103.76
CUST_12946,27,Male,0,No,No,12,Month-to-month,Yes,Electronic check,Fiber optic,Yes,No,No,257.2,0,0,5.0,88.74,1053.44,0,2687.68
CUST_12947,43,Male,0,No,No,38,Two year,No,Mailed check,Fiber optic,Yes,Yes,Yes,484.1,0,0,5.0,128.0,4874.55,0,3790.95
CUST_12948,18,Female,0,No,No,47,Two year,Yes,Mailed check,No,No internet service,No internet service,No internet service,15.7,1,0,4.0,18.5,849.04,0,971.73
CUST_12949,40,Male,0,Yes,No,8,Month-to-month,No,Electronic check,DSL,No,No,No,163.6,3,0,3.0,49.57,389.77,1,610.23
CUST_12950,21,Male,0,No,No,7,Month-to-month,No,Mailed check,Fiber optic,No,Yes,No,344.3,2,0,4.0,92.46,657.24,0,2680.45
CUST_12951,58,Male,0,Yes,No,62,Two year,No,Credit card (automatic),DSL,No,Yes,Yes,119.2,0,1,4.0,82.33,5101.83,0,2732.13
CUST_12952,52,Male,0,No,No,43,Two year,Yes,Electronic check,Fiber optic,No,No,No,381.6,1,1,4.0,76.32,3284.49,0,2500.19
CUST_12953,48,Female,0,No,No,30,Month-to-month,Yes,Mailed check,DSL,No,Yes,No,121.2,4,0,4.0,61.15,1853.07,0,2002.91
CUST_12954,62,Female,0,Yes,No,45,One year,Yes,Electronic check,DSL,No,Yes,Yes,180.6,1,2,4.0,84.31,3759.23,0,2673.17
CUST_12955,30,Male,0,No,No,32,Month-to-month,Yes,Electronic check,Fiber optic,Yes,No,Yes,86.6,2,0,3.0,111.64,3604.95,1,1685.49
CUST_12956,65,Male,1,Yes,No,26,Month-to-month,No,Electronic check,No,No internet service,No internet service,No internet service,11.5,3,1,3.0,20.78,523.2,1,608.72
CUST_12957,54,Male,0,Yes,No,66,One year,Yes,Mailed check,DSL,Yes,Yes,No,93.7,1,0,5.0,80.59,5296.66,0,2810.33
CUST_12958,39,Male,0,Yes,No,23,Two year,Yes,Mailed check,DSL,No,No,No,159.8,1,0,4.0,41.15,943.83,0,1466.41
CUST_12959,57,Male,0,No,No,56,Two year,Yes,Credit card (automatic),No,No internet service,No internet service,No internet service,12.4,1,0,4.0,18.5,1015.91,0,1114.58
CUST_12960,28,Male,0,No,No,56,Two year,No,Credit card (automatic),Fiber optic,Yes,No,No,344.3,1,0,5.0,93.17,5211.98,0,3329.73
CUST_12961,31,Male,0,No,No,34,Month-to-month,No,Bank transfer (automatic),Fiber optic,Yes,No,No,305.3,4,1,3.0,93.59,3164.06,0,2940.61
CUST_12962,34,Male,0,Yes,No,30,Month-to-month,Yes,Electronic check,DSL,Yes,Yes,No,148.9,2,0,5.0,75.24,2248.97,0,2583.89
CUST_12963,35,Male,0,No,No,57,Month-to-month,No,Credit card (automatic),No,No internet service,No internet service,No internet service,14.3,2,0,4.0,18.5,1080.98,0,1267.78
CUST_12964,28,Female,0,No,No,24,One year,No,Credit card (automatic),DSL,No,No,Yes,156.1,0,1,5.0,61.74,1508.81,0,2138.78
CUST_12965,58,Female,0,Yes,No,43,One year,No,Credit card (automatic),No,No internet service,No internet service,No internet service,20.2,1,1,4.0,21.1,842.59,0,923.85
CUST_12966,39,Female,0,No,No,33,Month-to-month,Yes,Electronic check,DSL,No,No,Yes,202.0,3,0,4.0,74.4,2441.53,1,1368.9
CUST_12967,47,Male,0,Yes,No,32,Month-to-month,No,Bank transfer (automatic),No,No internet service,No internet service,No internet service,19.6,1,0,5.0,25.5,809.93,0,873.77
CUST_12968,35,Male,0,Yes,Yes,10,One year,Yes,Credit card (automatic),Fiber optic,No,No,No,409.1,2,0,4.0,75.9,739.53,0,2214.63
CUST_12969,18,Male,0,Yes,No,59,Two year,No,Bank transfer (automatic),Fiber optic,No,Yes,Yes,573.4,0,1,4.0,115.97,6861.9,0,4060.25
CUST_12970,46,Female,0,No,No,50,Month-to-month,Yes,Bank transfer (automatic),DSL,No,No,No,167.7,2,0,4.0,48.1,2361.75,0,2243.42
CUST_12971,18,Female,0,Yes,Yes,28,One year,No,Bank transfer (automatic),Fiber optic,Yes,Yes,No,361.2,2,0,5.0,99.28,2806.49,0,3007.67
CUST_12972,41,Male,0,Yes,Yes,20,One year,No,Mailed check,Fiber optic,No,No,No,313.4,0,1,5.0,78.89,1600.42,0,2547.18
CUST_12973,24,Female,0,Yes,No,31,Month-to-month,Yes,Credit card (automatic),Fiber optic,No,Yes,No,499.0,0,0,5.0,85.11,2638.79,0,2646.96
CUST_12974,68,Female,1,Yes,No,2,Month-to-month,No,Credit card (automatic),Fiber optic,No,No,Yes,302.9,0,0,5.0,98.93,191.02,0,2674.62
CUST_12975,54,Female,0,Yes,No,6,One year,Yes,Credit card (automatic),Fiber optic,No,No,No,401.4,0,0,5.0,81.25,498.04,0,2277.84
CUST_12976,43,Female,0,Yes,Yes,27,Month-to-month,Yes,Credit card (automatic),DSL,No,No,No,54.4,1,0,5.0,52.39,1407.96,0,1686.23
CUST_12977,58,Male,0,No,No,29,Two year,Yes,Mailed check,No,No internet service,No internet service,No internet service,14.1,3,0,4.0,19.47,541.83,0,742.98
CUST_12978,31,Female,0,Yes,Yes,45,Month-to-month,Yes,Electronic check,No,No internet service,No internet service,No internet service,22.6,2,1,4.0,27.6,1244.67,0,1422.05
CUST_12979,49,Male,0,No,No,51,One year,Yes,Electronic check,DSL,No,Yes,No,76.4,1,3,4.0,61.23,3137.14,0,2398.11
CUST_12980,45,Female,0,No,No,29,Month-to-month,No,Credit card (automatic),Fiber optic,No,Yes,Yes,444.1,5,0,3.0,109.61,3154.51,0,3494.69
CUST_12981,45,Male,0,Yes,Yes,42,Two year,No,Electronic check,DSL,Yes,No,Yes,28.7,3,1,3.0,85.49,3614.39,0,2422.64
CUST_12982,59,Female,0,Yes,No,23,Two year,Yes,Mailed check,Fiber optic,No,No,Yes,505.0,0,1,4.0,100.63,2337.47,0,3283.67
CUST_12983,52,Male,0,No,No,30,Month-to-month,Yes,Mailed check,DSL,Yes,Yes,No,86.7,1,0,5.0,70.3,2109.91,0,1777.39
CUST_12984,46,Male,0,Yes,No,9,Month-to-month,Yes,Electronic check,No,No internet service,No internet service,No internet service,13.2,1,2,4.0,19.68,170.67,1,150.0
CUST_12985,20,Female,0,Yes,Yes,24,Month-to-month,No,Bank transfer (automatic),Fiber optic,No,No,No,523.1,2,0,5.0,76.58,1824.91,1,1606.81
CUST_12986,30,Male,0,Yes,No,56,Two year,No,Credit card (automatic),DSL,No,Yes,Yes,104.2,0,0,5.0,90.84,5074.22,0,2832.93
CUST_12987,40,Male,0,No,No,40,Two year,Yes,Electronic check,No,No internet service,No internet service,No internet service,19.9,2,3,4.0,23.03,916.98,0,1189.93
CUST_12988,43,Female,0,No,No,14,Month-to-month,No,Bank transfer (automatic),Fiber optic,No,No,Yes,436.3,1,0,4.0,97.11,1325.07,1,1365.1
CUST_12989,27,Female,0,No,No,54,Two year,Yes,Bank transfer (automatic),Fiber optic,Yes,Yes,No,500.9,0,0,5.0,105.11,5634.85,0,3679.38
CUST_12990,73,Male,1,No,No,33,One year,Yes,Mailed check,DSL,No,No,No,161.3,3,0,4.0,45.66,1511.77,1,837.67
CUST_12991,62,Male,0,Yes,Yes,53,Month-to-month,Yes,Electronic check,DSL,No,Yes,No,115.3,0,2,4.0,68.49,3575.3,0,2495.85
CUST_12992,50,Female,0,Yes,Yes,39,One year,Yes,Credit card (automatic),No,No internet service,No internet service,No internet service,21.2,0,0,5.0,18.5,719.32,0,1125.3
CUST_12993,43,Female,0,Yes,Yes,44,One year,Yes,Mailed check,Fiber optic,No,No,No,380.7,0,0,5.0,74.9,3317.02,0,2690.67
CUST_12994,39,Male,0,Yes,Yes,17,Two year,No,Mailed check,DSL,No,Yes,Yes,130.1,0,0,5.0,80.75,1380.18,0,2086.51
CUST_12995,30,Male,0,Yes,Yes,23,Month-to-month,Yes,Bank transfer (automatic),DSL,No,Yes,No,192.2,3,2,3.0,65.36,1486.92,1,1115.61
CUST_12996,43,Male,0,Yes,No,22,Two year,Yes,Credit card (automatic),Fiber optic,No,Yes,Yes,392.0,0,0,4.0,115.88,2534.03,1,1538.69
CUST_12997,45,Female,0,Yes,No,3,One year,Yes,Mailed check,DSL,No,No,No,114.5,0,0,4.0,45.0,116.11,0,1337.28
CUST_12998,26,Male,0,Yes,No,16,One year,No,Bank transfer (automatic),DSL,Yes,No,No,190.1,0,0,5.0,56.95,944.07,0,1460.42
CUST_12999,46,Female,0,Yes,No,30,Month-to-month,Yes,Mailed check,DSL,No,No,No,121.8,2,0,5.0,56.08,1668.16,0,1765.72
CUST_13000,40,Female,0,No,No,21,Two year,No,Electronic check,Fiber optic,Yes,No,Yes,216.6,1,2,5.0,117.12,2438.05,0,3074.97
CUST_13001,18,Male,0,No,No,23,One year,Yes,Electronic check,DSL,Yes,Yes,No,54.5,1,3,4.0,75.08,1733.82,0,2010.36
CUST_13002,31,Male,0,No,No,25,Two year,Yes,Electronic check,DSL,Yes,No,No,115.0,0,1,4.0,63.49,1631.45,0,1819.11
CUST_13003,37,Female,0,Yes,No,47,One year,Yes,Electronic check,DSL,Yes,No,No,99.9,1,2,4.0,58.45,2756.51,0,2290.89
CUST_13004,67,Female,1,Yes,Yes,44,Two year,No,Mailed check,Fiber optic,No,Yes,No,477.3,0,0,5.0,93.14,4095.62,0,3324.26
CUST_13005,49,Male,0,Yes,No,7,One year,Yes,Electronic check,Fiber optic,No,No,No,282.8,0,0,5.0,82.31,561.63,0,2480.21
CUST_13006,25,Male,0,Yes,No,21,Two year,Yes,Credit card (automatic),Fiber optic,Yes,No,No,192.6,1,1,5.0,90.34,1870.34,0,2882.76
CUST_13007,48,Male,0,Yes,No,44,One year,Yes,Credit card (automatic),Fiber optic,No,Yes,No,350.8,1,0,5.0,88.45,3919.71,0,3063.57
CUST_13008,22,Male,0,No,No,15,Month-to-month,Yes,Mailed check,Fiber optic,Yes,No,Yes,154.4,6,0,3.0,109.37,1656.48,1,1497.17
CUST_13009,56,Female,0,No,No,17,Month-to-month,No,Mailed check,Fiber optic,No,Yes,No,356.7,0,0,5.0,94.12,1559.71,0,2837.99
CUST_13010,36,Male,0,Yes,No,31,Month-to-month,Yes,Mailed check,Fiber optic,No,No,No,353.9,0,0,5.0,80.55,2498.88,0,2785.82
CUST_13011,41,Male,0,Yes,Yes,61,One year,Yes,Bank transfer (automatic),DSL,No,No,No,105.4,1,1,4.0,53.64,3232.79,0,2038.1
CUST_13012,59,Male,0,Yes,No,3,Two year,No,Bank transfer (automatic),DSL,Yes,No,No,66.4,0,2,4.0,56.38,186.22,0,1536.65
CUST_13013,25,Male,0,Yes,No,47,Two year,Yes,Mailed check,DSL,Yes,No,Yes,91.3,2,0,5.0,83.81,3942.03,0,2669.78
CUST_13014,24,Male,0,Yes,No,61,One year,No,Mailed check,Fiber optic,No,No,Yes,328.0,0,0,5.0,96.28,5854.53,0,3232.99
CUST_13015,34,Female,0,Yes,Yes,36,Two year,No,Bank transfer (automatic),No,No internet service,No internet service,No internet service,8.3,0,0,5.0,18.5,620.61,0,941.07
CUST_13016,55,Female,0,Yes,Yes,30,One year,Yes,Mailed check,DSL,Yes,No,No,135.5,0,1,4.0,60.87,1859.17,0,1932.25
CUST_13017,22,Male,0,Yes,Yes,21,Two year,No,Bank transfer (automatic),Fiber optic,No,No,Yes,414.6,1,0,4.0,95.41,1983.36,0,2760.57
CUST_13018,18,Female,0,Yes,Yes,13,Two year,Yes,Credit card (automatic),Fiber optic,No,No,No,360.6,1,0,5.0,77.39,984.11,0,2404.31
CUST_13019,36,Female,0,Yes,No,10,One year,Yes,Bank transfer (automatic),Fiber optic,No,No,No,255.4,0,0,5.0,76.94,720.44,0,1984.21
CUST_13020,49,Male,0,Yes,No,11,Month-to-month,Yes,Electronic check,DSL,No,Yes,No,109.6,0,0,5.0,59.89,652.35,0,1634.38
CUST_13021,58,Male,0,No,No,45,Two year,No,Bank transfer (automatic),DSL,No,No,No,182.3,0,0,5.0,51.09,2297.2,0,2013.16
CUST_13022,36,Female,0,Yes,No,63,One year,Yes,Mailed check,DSL,No,No,No,144.4,0,0,5.0,46.51,2873.59,0,2153.38
CUST_13023,37,Male,0,No,No,18,One year,Yes,Bank transfer (automatic),No,No internet service,No internet service,No internet service,14.1,0,1,4.0,18.73,359.58,0,727.48
CUST_13024,57,Male,0,No,No,37,Two year,Yes,Credit card (automatic),DSL,Yes,Yes,No,149.1,1,1,5.0,71.57,2654.82,0,2182.12
CUST_13025,18,Male,0,No,No,13,Month-to-month,No,Electronic check,Fiber optic,Yes,No,No,81.5,1,1,5.0,98.75,1258.96,0,2552.36
CUST_13026,37,Male,0,No,No,42,Two year,Yes,Electronic check,No,No internet service,No internet service,No internet service,28.2,1,1,5.0,18.5,780.06,0,900.41
CUST_13027,44,Female,0,No,No,25,Month-to-month,Yes,Mailed check,Fiber optic,Yes,No,No,201.3,2,0,5.0,87.52,2237.13,0,2502.11
CUST_13028,48,Female,0,No,No,41,One year,Yes,Electronic check,Fiber optic,No,No,Yes,383.5,1,4,4.0,101.35,4160.84,0,3259.3
CUST_13029,35,Female,0,Yes,Yes,21,Month-to-month,Yes,Bank transfer (automatic),DSL,No,No,Yes,81.8,2,0,4.0,70.79,1445.78,1,1063.81
CUST_13030,42,Male,0,Yes,Yes,2,One year,Yes,Bank transfer (automatic),Fiber optic,No,Yes,Yes,216.6,0,1,5.0,111.25,204.23,1,948.59
CUST_13031,18,Male,0,No,No,45,Month-to-month,Yes,Mailed check,Fiber optic,Yes,Yes,No,477.3,3,1,4.0,93.86,4212.09,1,1766.03
CUST_13032,33,Male,0,No,No,37,Two year,Yes,Mailed check,Fiber optic,No,No,Yes,334.7,1,0,5.0,102.41,3785.84,0,3299.13
CUST_13033,48,Male,0,No,No,4,Month-to-month,Yes,Bank transfer (automatic),Fiber optic,No,No,Yes,370.5,2,0,4.0,96.5,392.98,0,2590.98
CUST_13034,29,Male,0,No,No,48,Two year,No,Electronic check,Fiber optic,No,No,Yes,387.6,2,1,4.0,102.08,4931.43,0,3209.02
CUST_13035,43,Male,0,No,No,40,Two year,No,Bank transfer (automatic),No,No internet service,No internet service,No internet service,18.1,1,0,5.0,20.06,819.31,0,1179.34
CUST_13036,48,Female,0,No,No,24,One year,Yes,Mailed check,Fiber optic,No,No,No,414.2,1,0,4.0,79.21,1908.53,0,2667.4
CUST_13037,38,Female,0,No,No,24,Month-to-month,Yes,Bank transfer (automatic),Fiber optic,No,Yes,No,456.7,2,1,3.0,92.09,2280.96,1,1704.32
CUST_13038,44,Male,0,No,No,7,Month-to-month,Yes,Bank transfer (automatic),Fiber optic,No,No,Yes,123.9,0,1,5.0,102.88,691.63,0,2840.46
CUST_13039,29,Female,0,No,No,2,Month-to-month,Yes,Bank transfer (automatic),Fiber optic,No,No,Yes,253.9,2,0,5.0,94.51,174.4,1,814.35
CUST_13040,39,Female,0,No,No,1,Month-to-month,Yes,Electronic check,Fiber optic,Yes,No,Yes,239.0,5,1,3.0,109.55,114.9,0,2791.99
CUST_13041,50,Male,0,No,No,38,One year,No,Credit card (automatic),DSL,Yes,Yes,Yes,164.1,0,0,4.0,91.31,3491.28,0,2879.38
CUST_13042,44,Female,0,No,No,58,Two year,Yes,Bank transfer (automatic),Fiber optic,Yes,Yes,Yes,442.7,2,0,5.0,123.6,7179.56,0,4102.23
CUST_13043,34,Male,0,Yes,Yes,59,One year,No,Bank transfer (automatic),DSL,No,Yes,Yes,147.7,2,0,4.0,80.83,4753.3,0,2928.31
CUST_13044,45,Female,0,Yes,No,46,Two year,Yes,Electronic check,DSL,Yes,No,No,81.2,0,1,5.0,61.33,2822.29,0,1966.64
CUST_13045,51,Female,0,No,No,26,One year,Yes,Electronic check,No,No internet service,No internet service,No internet service,8.7,3,1,4.0,18.5,458.09,0,985.07
CUST_13046,18,Female,0,No,No,65,Two year,No,Credit card (automatic),DSL,Yes,No,Yes,50.2,0,1,5.0,83.07,5398.57,0,2752.27
CUST_13047,57,Male,0,Yes,No,19,One year,Yes,Mailed check,DSL,No,No,Yes,134.5,0,2,4.0,75.92,1424.5,0,2188.85
CUST_13048,38,Female,0,Yes,Yes,18,Two year,Yes,Bank transfer (automatic),DSL,No,No,No,55.8,3,0,4.0,51.01,923.52,0,1326.07
CUST_13049,48,Male,0,No,No,5,Month-to-month,Yes,Mailed check,DSL,No,Yes,No,151.3,0,0,5.0,58.09,369.34,0,1608.55
CUST_13050,58,Male,0,No,No,23,One year,Yes,Bank transfer (automatic),DSL,No,No,Yes,91.1,0,1,5.0,71.84,1613.35,0,2085.1
CUST_13051,24,Male,0,No,No,23,Month-to-month,No,Electronic check,DSL,No,No,Yes,98.3,3,1,3.0,74.11,1695.27,0,2003.8
CUST_13052,33,Female,0,No,No,17,Month-to-month,Yes,Electronic check,Fiber optic,Yes,No,Yes,313.5,3,3,3.0,111.06,1893.87,1,1552.68
CUST_13053,38,Female,0,Yes,Yes,9,Two year,No,Electronic check,No,No internet service,No internet service,No internet service,8.4,0,3,4.0,25.56,211.14,0,737.71
CUST_13054,32,Male,0,Yes,Yes,51,One year,No,Mailed check,DSL,No,Yes,Yes,158.0,0,0,5.0,85.75,4364.12,0,2999.18
CUST_13055,65,Male,1,Yes,No,3,Month-to-month,Yes,Credit card (automatic),Fiber optic,Yes,No,No,211.2,1,0,5.0,92.78,251.89,0,2311.46
CUST_13056,31,Male,0,No,No,9,One year,Yes,Mailed check,DSL,Yes,Yes,No,108.6,2,0,4.0,72.55,669.65,0,1852.68
CUST_13057,35,Female,0,Yes,Yes,14,One year,No,Credit card (automatic),DSL,Yes,No,Yes,162.4,1,0,4.0,83.33,1203.59,0,2348.03
CUST_13058,45,Male,0,No,No,23,Month-to-month,Yes,Electronic check,No,No internet service,No internet service,No internet service,5.0,4,4,1.0,18.82,442.31,1,431.25
CUST_13059,26,Female,0,No,No,41,One year,Yes,Credit card (automatic),DSL,Yes,No,No,63.1,0,0,5.0,60.32,2492.61,0,1917.55
CUST_13060,37,Female,0,No,No,16,One year,No,Mailed check,DSL,Yes,No,No,98.2,1,0,5.0,62.02,1009.2,0,2188.59
CUST_13061,46,Female,0,No,No,0,Month-to-month,Yes,Mailed check,DSL,No,No,No,117.6,1,0,5.0,44.58,,0,1151.35
CUST_13062,38,Female,0,Yes,No,60,Two year,No,Bank transfer (automatic),No,No internet service,No internet service,No internet service,17.9,1,0,4.0,19.83,1209.17,0,1197.26
CUST_13063,41,Female,0,No,No,46,One year,Yes,Mailed check,DSL,Yes,Yes,Yes,124.8,0,0,5.0,105.17,4823.26,0,3541.0
CUST_13064,35,Female,0,Yes,Yes,36,Two year,No,Electronic check,DSL,No,Yes,Yes,138.9,0,0,5.0,89.17,3194.09,0,2615.44
CUST_13065,22,Male,0,Yes,No,55,Two year,No,Electronic check,Fiber optic,Yes,Yes,Yes,393.6,1,0,5.0,128.0,6993.61,0,4146.84
CUST_13066,46,Female,0,Yes,Yes,33,Two year,Yes,Electronic check,DSL,Yes,No,Yes,142.7,1,2,4.0,82.64,2726.5,0,2621.42
CUST_13067,65,Male,1,Yes,No,3,Month-to-month,Yes,Bank transfer (automatic),DSL,Yes,No,Yes,62.6,0,0,5.0,85.82,286.99,0,2361.8
CUST_13068,42,Female,0,No,No,9,Month-to-month,Yes,Credit card (automatic),DSL,Yes,No,Yes,98.1,1,1,5.0,79.94,711.34,1,865.16
CUST_13069,45,Female,0,No,No,56,One year,Yes,Electronic check,Fiber optic,Yes,Yes,No,331.1,1,1,5.0,107.75,6012.15,0,3528.34
CUST_13070,51,Female,0,Yes,Yes,57,Two year,No,Bank transfer (automatic),Fiber optic,No,Yes,No,371.6,1,0,4.0,88.81,5084.36,0,2968.75
CUST_13071,25,Female,0,Yes,Yes,13,One year,No,Electronic check,Fiber optic,No,No,No,312.9,3,1,3.0,75.46,1003.29,1,947.32
CUST_13072,64,Male,0,No,No,42,One year,No,Electronic check,DSL,No,No,No,109.4,0,1,5.0,46.63,1949.21,0,1687.03
CUST_13073,45,Female,0,No,No,61,Two year,No,Mailed check,Fiber optic,Yes,Yes,Yes,288.5,0,0,5.0,128.0,7806.93,0,3815.75
CUST_13074,63,Male,0,Yes,Yes,28,Month-to-month,No,Bank transfer (automatic),Fiber optic,No,No,Yes,346.0,1,0,4.0,105.73,2939.97,0,3191.44
CUST_13075,32,Female,0,No,No,50,Two year,No,Electronic check,DSL,Yes,No,Yes,215.3,0,0,5.0,83.35,4144.32,0,2756.44
CUST_13076,66,Male,1,No,No,43,Two year,No,Credit card (automatic),Fiber optic,No,Yes,Yes,358.1,1,0,5.0,113.17,4871.97,0,3424.66
CUST_13077,52,Male,0,No,No,26,Two year,Yes,Electronic check,Fiber optic,Yes,Yes,No,212.4,0,2,4.0,103.26,2724.16,0,2791.17
CUST_13078,49,Female,0,Yes,Yes,15,Two year,No,Bank transfer (automatic),No,No internet service,No internet service,No internet service,20.0,1,1,5.0,24.64,397.09,0,423.6
CUST_13079,45,Female,0,No,No,8,Month-to-month,No,Bank transfer (automatic),Fiber optic,No,No,Yes,132.7,1,0,4.0,99.92,760.38,0,2909.12
CUST_13080,39,Female,0,No,No,15,Month-to-month,Yes,Electronic check,Fiber optic,No,No,Yes,382.9,4,3,3.0,102.44,1560.99,0,3237.05
CUST_13081,58,Male,0,No,No,12,One year,No,Bank transfer (automatic),Fiber optic,No,No,No,352.6,3,0,4.0,79.9,955.13,0,2180.04
CUST_13082,44,Female,0,No,No,57,Two year,Yes,Electronic check,No,No internet service,No internet service,No internet service,23.3,0,5,4.0,28.34,1621.22,0,1117.57
CUST_13083,18,Male,0,No,No,56,Two year,Yes,Electronic check,Fiber optic,Yes,No,No,379.6,2,1,4.0,87.56,4868.74,0,3208.58
CUST_13084,27,Male,0,Yes,No,64,One year,Yes,Electronic check,DSL,No,No,Yes,182.8,0,1,5.0,71.04,4524.49,0,2599.57
CUST_13085,40,Male,0,No,No,32,Month-to-month,Yes,Mailed check,DSL,Yes,Yes,No,120.8,3,0,4.0,71.0,2331.36,1,1044.02
CUST_13086,46,Male,0,No,No,37,One year,Yes,Electronic check,Fiber optic,No,No,No,398.7,0,3,4.0,77.09,2873.71,0,2642.22
CUST_13087,41,Male,0,No,No,16,One year,No,Mailed check,Fiber optic,Yes,Yes,Yes,274.9,1,0,5.0,128.0,2032.88,0,3427.28
CUST_13088,58,Female,0,Yes,Yes,8,Month-to-month,No,Electronic check,DSL,No,No,No,103.6,1,2,5.0,50.69,388.84,1,895.82
CUST_13089,18,Male,0,Yes,Yes,55,Two year,No,Electronic check,Fiber optic,No,No,No,425.5,0,3,4.0,73.61,4028.04,0,2643.11
CUST_13090,44,Male,0,No,No,4,Month-to-month,No,Credit card (automatic),No,No internet service,No internet service,No internet service,21.4,3,0,4.0,22.28,118.93,1,150.0
CUST_13091,18,Female,0,No,No,8,Month-to-month,Yes,Credit card (automatic),DSL,No,No,Yes,46.1,2,0,5.0,66.07,520.67,1,564.46
CUST_13092,52,Male,0,Yes,Yes,39,Month-to-month,Yes,Electronic check,Fiber optic,No,No,Yes,604.3,2,1,3.0,98.4,3815.15,1,1757.16
CUST_13093,41,Female,0,No,No,5,One year,No,Bank transfer (automatic),Fiber optic,No,No,No,405.4,1,0,4.0,79.59,400.41,0,2487.99
CUST_13094,47,Male,0,Yes,No,10,Month-to-month,No,Bank transfer (automatic),DSL,No,No,No,105.8,3,0,3.0,41.59,406.89,0,1170.73
CUST_13095,31,Male,0,No,No,25,Month-to-month,No,Electronic check,DSL,Yes,No,No,139.8,1,3,4.0,58.43,1459.8,1,825.09
CUST_13096,59,Female,0,No,No,25,One year,Yes,Mailed check,No,No internet service,No internet service,No internet service,12.1,0,0,5.0,21.43,516.8,0,822.25
CUST_13097,56,Male,0,Yes,Yes,24,Month-to-month,Yes,Credit card (automatic),No,No internet service,No internet service,No internet service,18.9,2,0,4.0,19.35,473.14,0,626.13
CUST_13098,50,Female,0,No,No,35,Two year,No,Bank transfer (automatic),No,No internet service,No internet service,No internet service,18.6,0,0,5.0,19.35,677.63,0,1048.65
CUST_13099,40,Female,0,No,No,61,Two year,No,Bank transfer (automatic),DSL,No,No,No,125.4,0,0,5.0,51.86,3162.91,0,2028.96
CUST_13100,50,Female,0,Yes,No,52,Two year,Yes,Bank transfer (automatic),DSL,Yes,No,No,81.9,0,0,4.0,55.97,2876.58,0,2154.57
CUST_13101,33,Male,0,No,No,11,Month-to-month,Yes,Bank transfer (automatic),No,No internet service,No internet service,No internet service,15.1,0,0,5.0,18.5,227.13,0,757.2
CUST_13102,53,Female,0,Yes,Yes,22,Month-to-month,Yes,Mailed check,No,No internet service,No internet service,No internet service,16.0,3,0,4.0,18.5,405.02,0,689.03
CUST_13103,63,Female,0,No,No,2,Month-to-month,Yes,Bank transfer (automatic),Fiber optic,Yes,No,No,460.1,2,0,4.0,93.63,215.68,1,1437.24
CUST_13104,56,Male,0,Yes,No,18,Month-to-month,Yes,Bank transfer (automatic),DSL,No,No,Yes,96.6,0,0,5.0,68.14,1249.98,0,1868.62
CUST_13105,33,Female,0,Yes,Yes,50,Two year,No,Electronic check,Fiber optic,Yes,Yes,No,307.0,2,0,4.0,109.29,5448.35,0,3659.09
CUST_13106,47,Female,0,Yes,No,58,One year,No,Bank transfer (automatic),Fiber optic,Yes,Yes,Yes,507.0,1,0,4.0,128.0,7411.51,0,4485.05
CUST_13107,25,Female,0,Yes,Yes,11,Month-to-month,No,Bank transfer (automatic),Fiber optic,No,Yes,No,558.5,3,1,4.0,95.92,1060.94,1,1280.93
CUST_13108,49,Female,0,No,No,3,Month-to-month,No,Electronic check,Fiber optic,No,Yes,Yes,355.9,3,0,4.0,112.44,367.35,1,1386.29
CUST_13109,48,Female,0,Yes,Yes,60,Two year,No,Mailed check,Fiber optic,Yes,Yes,Yes,501.4,1,1,5.0,124.63,7446.77,0,3978.24
CUST_13110,18,Female,0,Yes,Yes,5,Two year,Yes,Credit card (automatic),Fiber optic,Yes,No,No,349.7,0,1,5.0,100.39,518.7,0,2850.48
CUST_13111,27,Male,0,No,No,23,Month-to-month,Yes,Credit card (automatic),DSL,Yes,Yes,No,70.9,1,1,5.0,80.1,1806.77,0,2180.84
CUST_13112,38,Male,0,No,No,32,Month-to-month,Yes,Credit card (automatic),DSL,Yes,No,Yes,93.6,4,0,4.0,88.74,2815.24,0,2510.82
CUST_13113,38,Female,0,No,No,9,Month-to-month,No,Electronic check,Fiber optic,No,Yes,No,264.4,1,2,3.0,85.87,756.32,1,1072.4
CUST_13114,26,Female,0,No,No,9,Month-to-month,No,Mailed check,DSL,No,No,Yes,104.2,1,0,5.0,69.66,593.98,0,1995.28
CUST_13115,47,Female,0,No,No,70,Two year,Yes,Electronic check,No,No internet service,No internet service,No internet service,13.1,0,2,5.0,23.87,1636.43,0,1469.09
CUST_13116,45,Male,0,Yes,No,6,Month-to-month,Yes,Bank transfer (automatic),Fiber optic,Yes,No,No,610.1,2,1,3.0,94.16,590.36,1,1362.67
CUST_13117,39,Female,0,Yes,Yes,28,Two year,Yes,Bank transfer (automatic),No,No internet service,No internet service,No internet service,11.3,2,1,4.0,24.19,720.92,0,1021.25
CUST_13118,32,Female,0,No,No,2,One year,Yes,Credit card (automatic),DSL,Yes,Yes,No,77.5,0,0,4.0,77.72,194.97,0,2034.22
CUST_13119,56,Male,0,Yes,No,62,Two year,Yes,Credit card (automatic),DSL,Yes,No,No,170.7,0,1,4.0,61.69,3814.2,0,2603.3
CUST_13120,64,Female,0,Yes,Yes,34,One year,No,Electronic check,DSL,No,No,No,53.1,0,0,5.0,50.13,1739.02,0,1594.24
CUST_13121,36,Female,0,Yes,Yes,18,Two year,Yes,Electronic check,Fiber optic,Yes,No,Yes,383.5,0,1,5.0,115.21,2096.2,0,3233.17
CUST_13122,34,Male,0,Yes,Yes,45,Two year,No,Credit card (automatic),DSL,No,No,No,119.0,0,0,5.0,46.86,2092.2,0,1899.94
CUST_13123,48,Male,0,No,No,59,Month-to-month,Yes,Credit card (automatic),DSL,Yes,Yes,No,104.9,0,1,5.0,80.15,4726.56,0,2951.63
CUST_13124,37,Female,0,No,No,54,Two year,Yes,Mailed check,DSL,No,No,Yes,84.7,1,1,5.0,73.89,4016.17,0,2519.81
CUST_13125,40,Male,0,No,No,7,Month-to-month,Yes,Mailed check,Fiber optic,Yes,No,Yes,219.3,2,1,3.0,111.98,779.59,1,1162.39
CUST_13126,52,Female,0,No,No,28,Two year,No,Mailed check,Fiber optic,No,Yes,No,425.1,2,0,5.0,93.54,2608.69,0,2965.95
CUST_13127,18,Male,0,Yes,No,63,One year,Yes,Bank transfer (automatic),DSL,Yes,No,No,166.7,0,0,5.0,59.2,3703.54,0,2474.8
CUST_13128,59,Female,0,Yes,No,47,Month-to-month,No,Electronic check,DSL,Yes,No,No,92.6,4,0,3.0,56.44,2666.76,0,2019.13
CUST_13129,43,Male,0,No,No,44,One year,Yes,Mailed check,No,No internet service,No internet service,No internet service,14.1,1,0,5.0,21.74,965.68,0,1011.92
CUST_13130,37,Male,0,Yes,Yes,5,One year,No,Bank transfer (automatic),DSL,No,No,Yes,72.4,0,1,5.0,76.39,383.33,0,1948.15
CUST_13131,41,Male,0,Yes,No,19,Two year,Yes,Electronic check,DSL,Yes,Yes,Yes,123.6,1,2,4.0,94.68,1800.97,0,2525.63
CUST_13132,42,Male,0,No,No,46,Two year,Yes,Credit card (automatic),DSL,No,No,No,95.6,2,1,4.0,51.77,2338.33,0,1807.49
CUST_13133,19,Male,0,No,No,43,Month-to-month,Yes,Electronic check,DSL,Yes,No,Yes,128.7,0,1,5.0,86.43,3743.5,0,2779.88
CUST_13134,61,Female,0,Yes,Yes,2,Month-to-month,Yes,Mailed check,DSL,Yes,Yes,No,115.4,4,1,3.0,76.76,147.15,1,603.38
CUST_13135,43,Female,0,No,No,37,One year,Yes,Mailed check,Fiber optic,Yes,Yes,Yes,196.0,1,0,5.0,124.82,4618.18,0,3537.88
CUST_13136,48,Male,0,No,No,54,Two year,Yes,Mailed check,No,No internet service,No internet service,No internet service,15.6,1,0,3.0,21.21,1177.99,0,1037.11
CUST_13137,54,Male,0,Yes,Yes,23,Two year,No,Electronic check,DSL,No,Yes,Yes,117.4,3,2,3.0,80.52,1830.24,0,2271.09
CUST_13138,29,Female,0,No,No,47,Two year,No,Bank transfer (automatic),Fiber optic,Yes,Yes,Yes,275.2,1,1,4.0,123.31,5790.54,0,3682.66
CUST_13139,48,Male,0,Yes,Yes,41,Two year,Yes,Electronic check,No,No internet service,No internet service,No internet service,19.4,0,2,5.0,22.94,941.02,0,1018.28
CUST_13140,39,Male,0,No,No,3,One year,No,Mailed check,DSL,No,Yes,Yes,115.6,1,0,4.0,86.74,282.83,0,2097.04
CUST_13141,53,Male,0,No,No,24,Month-to-month,No,Electronic check,DSL,Yes,Yes,Yes,136.6,0,1,4.0,92.1,2205.19,0,2255.37
CUST_13142,18,Male,0,No,No,20,Month-to-month,No,Electronic check,Fiber optic,Yes,No,Yes,566.7,1,0,5.0,105.67,2166.24,0,3490.15
CUST_13143,41,Female,0,Yes,Yes,28,Two year,Yes,Credit card (automatic),No,No internet service,No internet service,No internet service,24.9,2,0,4.0,25.99,679.16,0,1070.39
CUST_13144,34,Female,0,Yes,No,28,Month-to-month,Yes,Bank transfer (automatic),DSL,Yes,Yes,Yes,67.6,2,0,5.0,97.83,2735.0,0,2659.79
CUST_13145,48,Female,0,Yes,Yes,9,Month-to-month,Yes,Electronic check,Fiber optic,No,No,No,439.2,4,2,2.0,76.4,685.7,1,1176.24
CUST_13146,48,Female,0,No,No,36,Two year,Yes,Credit card (automatic),Fiber optic,No,No,Yes,327.7,1,0,4.0,98.08,3557.59,0,2861.68
CUST_13147,33,Male,0,Yes,No,16,Month-to-month,No,Electronic check,Fiber optic,No,No,Yes,390.2,2,0,4.0,102.32,1635.52,0,2769.09
CUST_13148,33,Male,0,Yes,No,31,Month-to-month,Yes,Electronic check,Fiber optic,Yes,No,No,492.6,0,1,5.0,90.61,2826.69,0,2862.13
CUST_13149,41,Male,0,Yes,Yes,6,Month-to-month,No,Electronic check,Fiber optic,Yes,No,Yes,438.5,1,3,4.0,112.41,655.13,0,3214.75
CUST_13150,30,Male,0,Yes,Yes,3,One year,Yes,Bank transfer (automatic),Fiber optic,No,No,Yes,335.9,1,0,5.0,91.86,281.89,0,2574.55
CUST_13151,53,Female,0,Yes,No,31,Month-to-month,Yes,Bank transfer (automatic),Fiber optic,No,No,No,475.1,3,0,4.0,84.44,2664.4,0,2963.0
CUST_13152,37,Female,0,No,No,33,Month-to-month,No,Electronic check,DSL,No,No,No,100.0,0,2,4.0,53.46,1736.02,0,1824.57
CUST_13153,18,Female,0,Yes,Yes,28,One year,Yes,Electronic check,Fiber optic,Yes,No,Yes,379.8,1,0,4.0,112.92,3141.33,0,3313.56
CUST_13154,37,Female,0,Yes,Yes,44,Month-to-month,Yes,Mailed check,DSL,Yes,No,Yes,150.1,5,0,3.0,86.44,3816.97,0,2811.82
CUST_13155,28,Male,0,No,No,27,Month-to-month,Yes,Bank transfer (automatic),No,No internet service,No internet service,No internet service,19.1,1,1,3.0,28.06,799.53,0,1168.45
CUST_13156,21,Female,0,No,No,35,Month-to-month,Yes,Credit card (automatic),DSL,Yes,No,No,48.8,2,1,3.0,58.56,2055.49,0,1901.77
CUST_13157,26,Female,0,Yes,No,17,Month-to-month,No,Mailed check,DSL,Yes,No,No,85.9,2,0,3.0,59.71,1021.75,0,1607.24
CUST_13158,43,Female,0,Yes,Yes,68,Two year,Yes,Bank transfer (automatic),DSL,No,No,No,87.9,2,1,3.0,48.16,3262.25,0,2316.95
CUST_13159,59,Male,0,No,No,56,Two year,Yes,Bank transfer (automatic),No,No internet service,No internet service,No internet service,13.8,0,0,5.0,18.5,1021.66,0,1112.75
CUST_13160,46,Female,0,Yes,Yes,30,Month-to-month,No,Bank transfer (automatic),Fiber optic,Yes,No,No,436.4,4,0,3.0,85.69,2566.87,0,2939.69
CUST_13161,34,Female,0,No,No,23,Two year,Yes,Mailed check,Fiber optic,Yes,Yes,No,378.8,1,1,,106.96,2473.84,0,3014.28
CUST_13162,48,Female,0,Yes,No,64,One year,Yes,Electronic check,No,No internet service,No internet service,No internet service,19.6,0,0,5.0,21.05,1291.45,0,1419.24
CUST_13163,36,Male,0,Yes,Yes,39,Two year,Yes,Bank transfer (automatic),No,No internet service,No internet service,No internet service,24.4,0,0,5.0,28.0,1126.11,0,1041.52
CUST_13164,33,Female,0,Yes,No,57,Two year,Yes,Bank transfer (automatic),DSL,No,No,Yes,120.9,0,0,5.0,71.3,4110.7,0,2528.61
CUST_13165,27,Male,0,No,No,7,Month-to-month,Yes,Electronic check,Fiber optic,Yes,Yes,Yes,380.0,1,1,5.0,128.0,913.05,1,1605.84
CUST_13166,19,Male,0,No,No,26,Month-to-month,Yes,Mailed check,No,No internet service,No internet service,No internet service,21.9,4,0,4.0,18.5,445.37,0,923.84
CUST_13167,37,Male,0,Yes,No,28,Month-to-month,Yes,Mailed check,DSL,No,Yes,Yes,78.7,3,0,4.0,82.22,2273.4,0,2477.41
CUST_13168,44,Male,0,No,No,69,Two year,Yes,Electronic check,DSL,No,No,No,139.9,0,0,4.0,48.56,3359.72,0,2293.53
CUST_13169,41,Female,0,Yes,Yes,66,One year,Yes,Electronic check,Fiber optic,No,No,No,352.6,1,2,4.0,82.57,5476.22,0,3191.91
CUST_13170,37,Female,0,Yes,Yes,27,One year,No,Electronic check,Fiber optic,Yes,No,Yes,170.1,1,3,4.0,110.8,3002.08,0,3032.74
CUST_13171,30,Female,0,No,No,37,One year,No,Mailed check,DSL,No,No,No,160.9,1,0,4.0,51.26,1884.82,0,1774.62
CUST_13172,50,Male,0,Yes,No,34,Month-to-month,Yes,Mailed check,DSL,No,No,No,174.0,2,0,3.0,53.36,1810.77,0,1903.33
CUST_13173,25,Female,0,No,No,43,Two year,No,Mailed check,Fiber optic,No,Yes,Yes,464.6,1,0,5.0,120.54,5205.92,0,3695.34
CUST_13174,52,Female,0,No,No,32,One year,Yes,Electronic check,DSL,No,Yes,Yes,88.7,1,1,4.0,93.21,2923.86,0,2911.89
CUST_13175,29,Male,0,No,No,22,One year,Yes,Bank transfer (automatic),No,No internet service,No internet service,No internet service,26.5,0,0,5.0,18.5,409.35,0,722.62
CUST_13176,32,Male,0,No,No,55,One year,Yes,Electronic check,DSL,Yes,Yes,Yes,162.3,0,1,4.0,95.38,5248.75,0,3125.18
CUST_13177,23,Female,0,Yes,No,5,Month-to-month,Yes,Electronic check,Fiber optic,No,No,No,436.6,1,0,5.0,86.63,403.54,1,1058.16
CUST_13178,35,Male,0,Yes,No,4,Month-to-month,Yes,Mailed check,Fiber optic,Yes,Yes,No,464.6,1,0,5.0,101.91,437.4,0,2964.5
CUST_13179,55,Male,0,Yes,No,30,Two year,Yes,Bank transfer (automatic),DSL,Yes,Yes,Yes,144.7,1,0,5.0,94.6,2828.57,0,2645.37
CUST_13180,49,Female,0,Yes,No,27,One year,No,Bank transfer (automatic),DSL,No,No,Yes,109.0,1,0,5.0,69.93,1903.13,0,1939.41
CUST_13181,55,Female,0,No,No,3,Two year,No,Electronic check,DSL,Yes,No,Yes,139.7,0,0,4.0,88.56,265.2,0,2168.22
CUST_13182,49,Male,0,Yes,Yes,23,Month-to-month,Yes,Mailed check,Fiber optic,Yes,Yes,No,431.2,3,1,4.0,101.17,2305.18,0,3083.02
CUST_13183,28,Male,0,No,No,25,Two year,Yes,Mailed check,Fiber optic,No,No,No,361.7,2,0,4.0,72.88,1841.24,0,2331.1
CUST_13184,38,Female,0,Yes,No,29,One year,No,Bank transfer (automatic),DSL,No,No,Yes,89.3,0,0,5.0,67.46,1997.99,0,2296.42
CUST_13185,32,Female,0,No,No,22,Two year,Yes,Electronic check,DSL,No,Yes,No,128.9,1,0,4.0,68.31,1466.93,0,2148.12
CUST_13186,59,Male,0,No,No,7,Month-to-month,Yes,Bank transfer (automatic),DSL,No,Yes,No,160.9,2,0,3.0,64.45,451.8,1,770.93
CUST_13187,26,Male,0,No,No,46,One year,No,Bank transfer (automatic),Fiber optic,No,No,Yes,349.8,0,0,5.0,90.21,4121.67,0,3076.48
CUST_13188,54,Male,0,Yes,Yes,12,One year,No,Credit card (automatic),DSL,Yes,Yes,Yes,166.9,1,0,4.0,97.45,1165.1,0,2788.47
CUST_13189,54,Female,0,No,No,41,Two year,Yes,Credit card (automatic),DSL,No,No,Yes,108.2,1,1,5.0,69.1,2837.97,0,2523.73
CUST_13190,66,Female,1,Yes,No,30,Month-to-month,No,Credit card (automatic),Fiber optic,No,No,Yes,346.9,0,0,5.0,102.76,3082.64,0,3213.21
CUST_13191,37,Male,0,Yes,No,36,One year,No,Bank transfer (automatic),Fiber optic,Yes,No,Yes,138.3,1,0,4.0,112.26,4019.85,0,3296.22
CUST_13192,51,Female,0,Yes,Yes,54,Two year,Yes,Credit card (automatic),DSL,No,No,Yes,137.8,0,0,5.0,70.92,3837.88,0,2506.4
CUST_13193,72,Male,1,No,No,34,Two year,Yes,Electronic check,DSL,No,No,No,34.2,1,1,3.0,47.81,1641.33,0,1671.22
CUST_13194,34,Male,0,Yes,No,3,Month-to-month,Yes,Electronic check,Fiber optic,Yes,No,Yes,359.1,3,1,4.0,108.22,293.65,1,1430.72
CUST_13195,22,Female,0,No,No,71,One year,No,Mailed check,Fiber optic,No,No,Yes,391.6,0,0,5.0,101.1,7185.21,0,3694.78
CUST_13196,18,Male,0,No,No,18,Two year,No,Credit card (automatic),DSL,No,Yes,Yes,121.4,0,1,5.0,82.48,1505.56,0,2502.17
CUST_13197,51,Female,0,Yes,Yes,3,Month-to-month,Yes,Bank transfer (automatic),DSL,No,No,Yes,65.2,5,0,3.0,70.35,240.18,0,1673.17
CUST_13198,18,Male,0,No,No,21,Month-to-month,No,Electronic check,Fiber optic,Yes,Yes,No,452.0,2,1,5.0,112.58,2359.14,1,1362.17
CUST_13199,37,Female,0,No,No,26,Month-to-month,No,Bank transfer (automatic),No,No internet service,No internet service,No internet service,23.3,0,0,5.0,18.5,429.4,0,883.4
CUST_13200,48,Female,0,Yes,Yes,61,Two year,Yes,Electronic check,DSL,No,No,No,206.3,1,4,4.0,47.52,2887.0,0,2029.71
CUST_13201,44,Male,0,No,No,56,One year,Yes,Mailed check,Fiber optic,Yes,Yes,Yes,352.8,0,0,5.0,126.48,7137.49,0,4136.92
CUST_13202,48,Male,0,Yes,No,12,Month-to-month,No,Electronic check,Fiber optic,No,No,Yes,322.1,1,1,5.0,96.83,1122.54,1,1147.86
CUST_13203,45,Female,0,No,No,11,Month-to-month,Yes,Electronic check,DSL,No,Yes,No,68.5,0,2,4.0,66.64,699.5,1,760.02
CUST_13204,59,Male,0,Yes,Yes,38,One year,No,Electronic check,Fiber optic,Yes,No,No,409.5,0,1,5.0,91.33,3465.78,0,2983.08
CUST_13205,30,Female,0,Yes,No,28,Month-to-month,Yes,Bank transfer (automatic),Fiber optic,No,No,No,537.4,1,0,4.0,82.14,2278.76,0,2914.8
CUST_13206,33,Female,0,No,No,7,Month-to-month,Yes,Mailed check,DSL,No,No,No,114.9,3,2,3.0,39.14,252.83,1,441.61
CUST_13207,32,Female,0,Yes,Yes,39,Two year,No,Electronic check,DSL,No,Yes,No,157.0,0,0,5.0,66.94,2585.47,0,2101.83
CUST_13208,53,Female,0,Yes,Yes,22,Month-to-month,No,Mailed check,Fiber optic,Yes,Yes,No,22.6,1,0,4.0,105.47,2298.48,0,2762.82
CUST_13209,54,Female,0,Yes,No,17,Month-to-month,No,Bank transfer (automatic),Fiber optic,No,No,Yes,231.7,2,0,5.0,101.73,1714.18,0,2912.25
CUST_13210,48,Female,0,Yes,Yes,68,One year,Yes,Credit card (automatic),DSL,No,No,No,143.7,2,0,4.0,47.35,3235.6,0,2045.49
CUST_13211,57,Female,0,No,No,30,Month-to-month,Yes,Credit card (automatic),Fiber optic,Yes,No,Yes,164.2,1,1,5.0,109.0,3341.25,0,3115.15
CUST_13212,27,Female,0,No,No,69,Two year,Yes,Electronic check,DSL,No,No,Yes,86.7,1,2,5.0,71.45,4944.79,0,2568.48
CUST_13213,64,Female,0,No,No,27,Two year,No,Electronic check,Fiber optic,Yes,Yes,Yes,264.4,2,4,3.0,124.66,3372.57,0,3479.33
CUST_13214,62,Male,0,No,No,23,One year,Yes,Electronic check,No,No internet service,No internet service,No internet service,17.9,1,3,3.0,19.96,485.09,0,1013.14
CUST_13215,52,Female,0,Yes,No,6,Month-to-month,No,Mailed check,DSL,Yes,No,No,126.3,3,0,4.0,60.79,373.58,1,956.23
CUST_13216,65,Male,1,Yes,Yes,17,Month-to-month,Yes,Bank transfer (automatic),DSL,No,No,No,97.1,2,0,4.0,47.8,848.58,0,1632.8
CUST_13217,20,Male,0,No,No,17,Month-to-month,Yes,Electronic check,Fiber optic,No,Yes,Yes,287.3,3,0,5.0,112.93,1929.37,1,1509.36
CUST_13218,35,Male,0,No,No,51,One year,Yes,Credit card (automatic),Fiber optic,Yes,Yes,Yes,222.5,0,0,5.0,128.0,6480.74,0,3942.25
CUST_13219,32,Male,0,Yes,No,7,Month-to-month,No,Bank transfer (automatic),DSL,No,No,Yes,122.2,2,0,4.0,66.22,484.19,0,1651.46
CUST_13220,51,Male,0,Yes,Yes,69,Month-to-month,Yes,Mailed check,Fiber optic,No,No,Yes,410.4,1,0,5.0,95.32,6570.7,0,3409.01
CUST_13221,28,Female,0,No,No,5,One year,Yes,Bank transfer (automatic),No,No internet service,No internet service,No internet service,19.3,1,0,5.0,18.5,92.92,0,473.75
CUST_13222,52,Male,0,No,No,40,Two year,Yes,Mailed check,Fiber optic,No,No,Yes,559.8,2,0,4.0,91.19,3620.4,0,3491.28
CUST_13223,60,Male,0,No,No,13,One year,No,Bank transfer (automatic),DSL,No,No,Yes,143.8,2,1,4.0,69.27,922.64,1,749.4
CUST_13224,51,Male,0,Yes,Yes,51,Month-to-month,No,Credit card (automatic),Fiber optic,No,Yes,Yes,224.5,5,1,2.0,113.5,5768.16,1,1825.94
CUST_13225,46,Male,0,No,No,27,Two year,No,Electronic check,Fiber optic,No,No,No,417.2,1,1,4.0,68.04,1816.94,0,2029.27
CUST_13226,29,Female,0,Yes,Yes,38,Month-to-month,Yes,Bank transfer (automatic),DSL,Yes,Yes,Yes,61.0,2,2,3.0,97.19,3720.35,0,2944.19
CUST_13227,31,Male,0,Yes,Yes,9,Month-to-month,Yes,Electronic check,DSL,No,No,Yes,113.4,3,1,2.0,73.02,625.76,0,1936.16
CUST_13228,58,Male,0,No,No,50,One year,Yes,Mailed check,DSL,No,Yes,Yes,124.5,0,0,5.0,82.64,4165.07,0,2462.09
CUST_13229,52,Female,0,Yes,Yes,14,Month-to-month,No,Bank transfer (automatic),DSL,No,No,No,153.0,2,0,4.0,47.64,709.8,0,1586.36
CUST_13230,41,Female,0,Yes,No,8,Month-to-month,Yes,Electronic check,Fiber optic,No,No,No,440.5,3,0,5.0,79.77,664.64,0,2446.78
CUST_13231,37,Male,0,No,No,70,Month-to-month,No,Electronic check,DSL,No,No,No,111.9,3,2,3.0,45.58,3169.75,0,1852.67
CUST_13232,18,Male,0,No,No,69,Month-to-month,Yes,Electronic check,Fiber optic,No,No,No,351.1,0,1,5.0,77.54,5350.69,0,3019.36
CUST_13233,28,Female,0,No,No,57,Two year,No,Mailed check,DSL,Yes,No,Yes,158.8,1,0,5.0,83.82,4779.36,0,2918.32
CUST_13234,67,Male,1,Yes,No,3,Month-to-month,Yes,Bank transfer (automatic),No,No internet service,No internet service,No internet service,9.1,1,0,5.0,19.67,26.67,0,526.92
CUST_13235,25,Female,0,Yes,Yes,19,Month-to-month,Yes,Credit card (automatic),Fiber optic,No,No,No,492.1,0,0,5.0,78.9,1502.52,0,2680.39
CUST_13236,44,Female,0,No,No,3,Month-to-month,Yes,Electronic check,DSL,No,No,No,140.1,1,1,4.0,48.51,99.67,1,621.42
CUST_13237,55,Female,0,No,No,23,Month-to-month,Yes,Electronic check,Fiber optic,No,No,Yes,122.0,1,2,3.0,102.09,2345.14,0,3035.62
CUST_13238,26,Female,0,No,No,44,Two year,No,Mailed check,DSL,Yes,No,Yes,133.0,1,0,4.0,75.82,3336.7,0,2235.76
CUST_13239,44,Female,0,Yes,No,46,One year,No,Electronic check,Fiber optic,Yes,No,Yes,485.2,2,1,4.0,112.68,5185.86,0,3957.9
CUST_13240,54,Female,0,Yes,Yes,26,One year,Yes,Electronic check,No,No internet service,No internet service,No internet service,25.6,0,1,5.0,21.91,600.31,0,862.98
CUST_13241,42,Male,0,No,No,11,Month-to-month,Yes,Bank transfer (automatic),Fiber optic,Yes,No,No,288.2,1,0,5.0,91.26,982.83,0,2870.14
CUST_13242,79,Male,1,No,No,29,Two year,Yes,Credit card (automatic),Fiber optic,No,Yes,No,417.2,0,0,5.0,98.62,2863.42,0,2824.98
CUST_13243,20,Female,0,Yes,Yes,12,Month-to-month,Yes,Credit card (automatic),DSL,Yes,No,No,145.0,1,0,5.0,56.05,670.26,0,1609.0
CUST_13244,56,Female,0,Yes,Yes,62,One year,Yes,Electronic check,Fiber optic,Yes,Yes,Yes,422.6,0,1,5.0,126.16,7885.02,0,4433.11
CUST_13245,40,Female,0,No,No,35,Two year,Yes,Electronic check,DSL,No,No,No,112.6,2,2,3.0,55.07,1861.13,0,1788.14
CUST_13246,52,Male,0,Yes,Yes,30,One year,No,Mailed check,No,No internet service,No internet service,No internet service,14.8,0,1,4.0,23.46,687.48,0,574.53
CUST_13247,48,Female,0,Yes,No,55,Two year,Yes,Mailed check,DSL,Yes,No,No,106.3,1,0,4.0,56.77,3149.83,0,2150.07
CUST_13248,32,Female,0,Yes,Yes,46,Two year,Yes,Bank transfer (automatic),DSL,No,No,Yes,131.5,0,0,5.0,68.61,3114.18,0,2404.09
CUST_13249,45,Male,0,No,No,7,Month-to-month,Yes,Mailed check,No,No internet service,No internet service,No internet service,18.0,2,0,5.0,18.5,164.71,1,349.33
CUST_13250,18,Male,0,Yes,No,20,Month-to-month,No,Electronic check,DSL,No,Yes,No,85.8,5,3,2.0,58.81,1176.65,1,873.44
CUST_13251,50,Female,0,No,No,37,Two year,Yes,Electronic check,DSL,No,Yes,Yes,140.3,0,3,4.0,80.37,2968.08,0,2499.42
CUST_13252,46,Female,0,Yes,No,17,One year,Yes,Credit card (automatic),Fiber optic,No,No,No,405.6,0,0,5.0,77.31,1259.43,0,2505.95
CUST_13253,50,Female,0,No,No,37,One year,Yes,Mailed check,No,No internet service,No internet service,No internet service,15.4,0,0,5.0,18.5,692.42,0,578.47
CUST_13254,56,Male,0,Yes,No,50,Two year,No,Credit card (automatic),Fiber optic,Yes,Yes,Yes,270.7,1,0,5.0,128.0,6409.89,0,4087.37
CUST_13255,47,Male,0,No,No,19,One year,Yes,Mailed check,DSL,Yes,No,Yes,74.6,0,2,5.0,81.82,1504.81,0,2340.61
CUST_13256,44,Female,0,No,No,10,Month-to-month,No,Bank transfer (automatic),Fiber optic,No,Yes,No,155.6,2,0,4.0,92.17,922.88,0,2381.62
CUST_13257,31,Male,0,No,No,4,Month-to-month,Yes,Electronic check,DSL,Yes,Yes,Yes,67.0,2,2,4.0,99.14,407.35,0,2331.06
CUST_13258,33,Female,0,No,No,40,Month-to-month,No,Bank transfer (automatic),No,No internet service,No internet service,No internet service,8.1,2,0,5.0,19.88,789.37,0,1139.68
CUST_13259,57,Female,0,No,No,17,Two year,No,Credit card (automatic),Fiber optic,No,Yes,No,427.0,3,0,3.0,95.24,1650.35,0,2794.91
CUST_13260,61,Female,0,No,No,41,Two year,No,Electronic check,Fiber optic,Yes,No,Yes,39.6,1,0,5.0,111.42,4568.02,0,3608.53
CUST_13261,39,Female,0,No,No,15,One year,No,Electronic check,Fiber optic,Yes,No,Yes,367.7,0,1,5.0,108.81,1631.61,0,3001.87
CUST_13262,43,Female,0,No,No,8,Month-to-month,Yes,Mailed check,Fiber optic,No,No,No,195.1,3,0,3.0,74.69,604.09,1,982.89
CUST_13263,30,Female,0,Yes,No,39,Month-to-month,Yes,Bank transfer (automatic),Fiber optic,No,No,Yes,436.7,3,0,4.0,90.76,3468.77,0,3221.07
CUST_13264,57,Female,0,No,No,41,Month-to-month,No,Bank transfer (automatic),DSL,No,Yes,Yes,189.0,3,0,,87.05,3558.65,0,2410.57
CUST_13265,51,Female,0,Yes,Yes,55,Month-to-month,Yes,Bank transfer (automatic),DSL,No,No,Yes,135.3,3,1,4.0,63.61,3458.0,0,2239.83
CUST_13266,67,Male,1,Yes,Yes,11,Month-to-month,Yes,Bank transfer (automatic),DSL,Yes,No,Yes,157.0,1,0,5.0,79.53,848.13,0,2168.38
CUST_13267,31,Female,0,Yes,Yes,37,Month-to-month,No,Mailed check,Fiber optic,No,No,Yes,412.3,1,1,4.0,101.61,3751.21,0,3454.23
CUST_13268,37,Female,0,Yes,No,51,One year,Yes,Bank transfer (automatic),DSL,No,Yes,No,61.6,0,0,5.0,56.77,2871.63,0,2020.92
CUST_13269,45,Male,0,No,No,59,Two year,Yes,Electronic check,DSL,No,No,No,152.4,0,1,4.0,49.11,2928.03,0,2105.98
CUST_13270,50,Male,0,No,No,39,Two year,No,Electronic check,No,No internet service,No internet service,No internet service,17.6,1,1,5.0,18.5,708.72,0,1022.93
CUST_13271,39,Male,0,No,No,3,Month-to-month,No,Mailed check,DSL,No,No,Yes,140.1,0,0,5.0,72.09,210.67,0,1662.48
CUST_13272,31,Female,0,No,No,58,One year,No,Bank transfer (automatic),No,No internet service,No internet service,No internet service,15.6,2,0,4.0,20.73,1207.95,0,1257.14
CUST_13273,53,Female,0,No,No,14,Two year,Yes,Credit card (automatic),No,No internet service,No internet service,No internet service,12.1,1,1,5.0,18.5,273.15,1,280.62
CUST_13274,51,Male,0,No,No,69,Two year,Yes,Bank transfer (automatic),Fiber optic,No,No,No,383.7,0,2,5.0,83.39,5775.6,0,3074.26
CUST_13275,30,Male,0,Yes,Yes,20,Month-to-month,No,Mailed check,DSL,Yes,No,No,166.4,0,0,4.0,66.93,1364.8,0,2127.75
CUST_13276,60,Female,0,No,No,31,Month-to-month,No,Electronic check,DSL,Yes,Yes,Yes,87.8,3,0,4.0,93.95,2860.19,1,1457.29
CUST_13277,57,Male,0,No,No,37,One year,Yes,Mailed check,No,No internet service,No internet service,No internet service,14.3,0,0,5.0,20.25,771.41,0,781.82
CUST_13278,44,Female,0,No,No,45,Month-to-month,No,Electronic check,No,No internet service,No internet service,No internet service,13.3,2,1,4.0,21.44,990.96,0,1397.13
CUST_13279,43,Male,0,No,No,19,One year,Yes,Bank transfer (automatic),No,No internet service,No internet service,No internet service,15.9,0,2,4.0,25.93,549.75,0,1012.0
CUST_13280,49,Male,0,No,No,11,Month-to-month,Yes,Electronic check,No,No internet service,No internet service,No internet service,19.0,1,1,5.0,18.5,202.85,0,580.98
CUST_13281,31,Male,0,Yes,No,44,Two year,Yes,Electronic check,DSL,No,No,Yes,127.5,0,1,5.0,72.83,3206.6,0,2842.37
CUST_13282,42,Male,0,Yes,Yes,24,Month-to-month,No,Bank transfer (automatic),Fiber optic,Yes,Yes,Yes,527.6,1,2,3.0,123.79,2986.9,0,3706.59
CUST_13283,18,Male,0,No,No,9,Month-to-month,Yes,Electronic check,Fiber optic,Yes,Yes,Yes,296.8,1,2,5.0,125.47,1191.0,1,1371.54
CUST_13284,53,Female,0,No,No,2,Month-to-month,Yes,Bank transfer (automatic),DSL,No,No,Yes,148.2,1,0,5.0,70.83,143.36,1,937.38
CUST_13285,22,Female,0,No,No,41,One year,No,Bank transfer (automatic),DSL,No,No,Yes,103.5,0,0,5.0,72.28,2961.99,0,2401.55
CUST_13286,62,Female,0,Yes,Yes,52,Two year,Yes,Credit card (automatic),DSL,Yes,No,No,77.7,0,0,5.0,63.69,3323.52,0,2190.78
CUST_13287,38,Female,0,Yes,Yes,64,Two year,Yes,Electronic check,DSL,No,Yes,Yes,181.6,1,1,5.0,80.99,5150.95,0,3039.27
CUST_13288,39,Male,0,No,No,37,Month-to-month,Yes,Electronic check,DSL,Yes,Yes,No,111.2,1,1,4.0,76.81,2866.62,1,1126.84
CUST_13289,34,Female,0,Yes,Yes,60,One year,Yes,Bank transfer (automatic),DSL,Yes,No,No,88.0,0,0,5.0,63.18,3780.54,0,2377.08
CUST_13290,38,Female,0,No,No,46,One year,Yes,Electronic check,Fiber optic,No,No,Yes,294.3,0,0,5.0,96.37,4431.98,0,2983.82
CUST_13291,60,Male,0,Yes,Yes,44,One year,No,Credit card (automatic),Fiber optic,Yes,No,Yes,460.3,0,1,4.0,109.15,4803.61,0,3498.48
CUST_13292,18,Male,0,Yes,No,35,Month-to-month,Yes,Electronic check,DSL,Yes,No,No,171.7,1,1,4.0,59.11,2115.06,1,1407.73
CUST_13293,59,Female,0,No,No,27,One year,No,Bank transfer (automatic),Fiber optic,Yes,No,No,527.2,2,0,4.0,86.44,2323.29,0,2790.14
CUST_13294,46,Female,0,Yes,No,11,Month-to-month,No,Electronic check,No,No internet service,No internet service,No internet service,13.0,3,0,3.0,18.89,238.85,1,380.95
CUST_13295,26,Female,0,No,No,48,One year,No,Mailed check,DSL,No,Yes,Yes,113.6,0,0,5.0,84.96,4024.68,0,2641.44
CUST_13296,28,Male,0,No,No,41,Two year,No,Credit card (automatic),DSL,No,No,Yes,129.0,0,0,5.0,71.5,2949.62,0,2526.9
CUST_13297,64,Female,0,Yes,No,48,One year,No,Bank transfer (automatic),DSL,No,No,No,72.1,1,0,5.0,52.24,2537.42,0,1961.12
CUST_13298,30,Male,0,No,No,32,Month-to-month,No,Bank transfer (automatic),Fiber optic,Yes,Yes,Yes,381.0,2,0,5.0,123.85,3985.45,0,3481.96
CUST_13299,27,Female,0,No,No,44,Two year,Yes,Electronic check,Fiber optic,Yes,Yes,No,329.8,0,4,4.0,103.48,4533.74,0,3297.25
CUST_13300,57,Female,0,Yes,No,28,One year,Yes,Credit card (automatic),Fiber optic,No,Yes,Yes,554.2,0,0,5.0,117.47,3303.55,0,3613.24
CUST_13301,46,Male,0,Yes,Yes,0,Month-to-month,No,Bank transfer (automatic),DSL,Yes,No,No,102.4,2,1,5.0,68.81,,0,1689.38
CUST_13302,30,Female,0,Yes,Yes,35,Month-to-month,No,Electronic check,DSL,No,No,No,118.8,1,0,5.0,47.91,1665.78,0,1755.0
CUST_13303,45,Female,0,No,No,16,One year,Yes,Electronic check,No,No internet service,No internet service,No internet service,24.1,1,3,4.0,21.41,319.84,0,549.11
CUST_13304,29,Female,0,No,No,44,Two year,No,Electronic check,DSL,Yes,No,Yes,91.0,1,0,5.0,82.91,3666.02,0,2496.45
CUST_13305,56,Female,0,No,No,45,One year,Yes,Electronic check,Fiber optic,No,Yes,No,373.1,0,2,5.0,92.1,4125.82,0,3390.58
CUST_13306,56,Male,0,No,No,11,Month-to-month,Yes,Credit card (automatic),DSL,Yes,No,No,149.1,1,1,5.0,57.83,642.28,0,1816.38
CUST_13307,49,Female,0,No,No,20,Two year,Yes,Mailed check,DSL,No,No,No,99.5,2,1,4.0,50.97,1040.87,0,1537.64
CUST_13308,47,Female,0,No,No,61,One year,Yes,Electronic check,DSL,No,No,No,156.7,0,2,4.0,57.37,3468.14,0,2265.93
CUST_13309,65,Female,1,No,No,49,One year,Yes,Mailed check,Fiber optic,No,No,Yes,322.0,2,0,4.0,103.85,5082.45,0,3261.0
CUST_13310,42,Male,0,Yes,No,18,One year,Yes,Mailed check,DSL,Yes,No,No,118.2,0,0,5.0,60.23,1065.97,0,1871.63
CUST_13311,27,Male,0,No,No,6,Month-to-month,Yes,Electronic check,DSL,Yes,No,Yes,45.5,4,3,2.0,80.88,490.54,1,959.71
CUST_13312,48,Male,0,No,No,28,Month-to-month,Yes,Electronic check,Fiber optic,Yes,No,Yes,370.4,1,3,3.0,113.43,3185.44,0,3388.47
CUST_13313,69,Male,1,No,No,38,One year,No,Electronic check,DSL,No,No,Yes,87.8,0,1,5.0,70.4,2677.18,0,2107.12
CUST_13314,29,Female,0,No,No,15,Month-to-month,Yes,Bank transfer (automatic),Fiber optic,Yes,No,No,240.6,2,0,4.0,89.2,1364.67,0,2481.49
CUST_13315,37,Female,0,Yes,Yes,22,Month-to-month,No,Mailed check,No,No internet service,No internet service,No internet service,19.2,3,0,4.0,18.5,413.99,1,238.11
CUST_13316,47,Female,0,No,No,5,Month-to-month,No,Credit card (automatic),Fiber optic,Yes,No,No,405.0,0,0,5.0,91.87,455.75,0,2827.2
CUST_13317,41,Female,0,Yes,No,40,Two year,No,Mailed check,DSL,No,No,No,75.4,0,0,5.0,55.04,2205.54,0,1725.73
CUST_13318,29,Female,0,No,No,16,Month-to-month,Yes,Mailed check,Fiber optic,Yes,Yes,No,188.8,3,0,4.0,106.34,1711.54,1,1299.91
CUST_13319,57,Male,0,Yes,Yes,31,Month-to-month,No,Credit card (automatic),Fiber optic,No,No,No,115.4,2,2,3.0,73.86,2340.09,1,1135.59
CUST_13320,72,Male,1,No,No,28,One year,Yes,Mailed check,No,No internet service,No internet service,No internet service,21.5,0,1,5.0,18.5,528.17,0,592.73
CUST_13321,45,Male,0,No,No,10,Month-to-month,Yes,Mailed check,Fiber optic,No,No,No,5.0,6,1,2.0,86.88,840.85,1,956.97
CUST_13322,30,Female,0,No,No,65,Two year,No,Mailed check,DSL,No,No,Yes,134.2,0,0,5.0,66.67,4321.46,0,2864.44
CUST_13323,22,Male,0,Yes,No,24,One year,No,Bank transfer (automatic),Fiber optic,No,No,Yes,188.2,0,1,5.0,104.84,2495.0,0,3001.6
CUST_13324,45,Male,0,No,No,24,Two year,Yes,Mailed check,DSL,No,No,No,162.4,1,0,5.0,44.69,1058.81,0,1460.77
CUST_13325,56,Male,0,No,No,20,Month-to-month,Yes,Bank transfer (automatic),DSL,Yes,No,Yes,158.7,2,0,4.0,79.61,1592.25,0,2106.53
CUST_13326,48,Female,0,No,No,30,Month-to-month,Yes,Mailed check,Fiber optic,No,No,Yes,253.1,1,1,4.0,105.0,3158.22,0,3275.1
CUST_13327,42,Female,0,Yes,Yes,55,One year,Yes,Mailed check,Fiber optic,Yes,No,No,278.2,1,0,4.0,91.75,5018.02,0,2921.44
CUST_13328,34,Female,0,No,No,43,One year,Yes,Credit card (automatic),Fiber optic,No,No,Yes,336.3,1,0,5.0,100.08,4344.43,0,3281.77
CUST_13329,28,Female,0,Yes,No,13,Two year,No,Mailed check,Fiber optic,No,No,Yes,274.5,0,0,5.0,97.57,1231.97,0,2663.15
CUST_13330,53,Male,0,No,No,32,Two year,No,Electronic check,DSL,No,Yes,Yes,159.8,1,1,4.0,90.11,2881.34,0,2732.17
CUST_13331,54,Female,0,Yes,Yes,2,One year,No,Bank transfer (automatic),DSL,No,No,No,120.9,1,0,5.0,45.48,41.84,0,1377.22
CUST_13332,22,Female,0,No,No,33,Month-to-month,Yes,Credit card (automatic),DSL,No,Yes,Yes,159.9,2,1,4.0,80.67,2667.55,0,2442.52
CUST_13333,63,Male,0,No,No,64,Two year,Yes,Bank transfer (automatic),Fiber optic,No,No,No,325.7,2,0,5.0,80.11,5146.17,0,3081.48
CUST_13334,49,Male,0,Yes,No,19,Month-to-month,Yes,Electronic check,DSL,Yes,No,No,181.2,0,3,3.0,57.43,1101.26,0,1599.86
CUST_13335,60,Female,0,No,No,10,Two year,No,Credit card (automatic),DSL,No,Yes,No,55.5,1,0,5.0,61.99,624.93,0,1434.58
CUST_13336,25,Male,0,No,No,50,One year,Yes,Mailed check,DSL,Yes,No,No,101.8,0,1,5.0,66.04,3324.74,0,2068.08
CUST_13337,24,Female,0,Yes,No,42,Month-to-month,No,Credit card (automatic),Fiber optic,No,No,No,432.3,4,0,3.0,71.21,3024.11,0,2592.73
CUST_13338,40,Female,0,No,No,37,Two year,No,Electronic check,DSL,No,No,Yes,86.0,1,4,3.0,69.5,2582.64,0,2658.52
CUST_13339,49,Female,0,Yes,Yes,25,One year,No,Credit card (automatic),DSL,No,No,No,71.4,2,1,4.0,50.04,1271.42,0,1391.87
CUST_13340,65,Male,1,Yes,Yes,13,Two year,Yes,Electronic check,Fiber optic,No,Yes,No,138.3,3,1,3.0,92.82,1171.16,0,2078.83
CUST_13341,51,Male,0,Yes,No,27,Month-to-month,No,Bank transfer (automatic),Fiber optic,Yes,Yes,Yes,387.8,2,1,4.0,121.57,3296.35,0,3456.56
CUST_13342,39,Female,0,No,No,64,Two year,Yes,Bank transfer (automatic),Fiber optic,No,No,No,463.5,0,0,5.0,74.99,4797.71,0,2752.38
CUST_13343,29,Male,0,Yes,Yes,29,One year,Yes,Bank transfer (automatic),DSL,Yes,No,Yes,105.3,1,0,5.0,85.39,2466.46,0,2355.63
CUST_13344,58,Female,0,No,No,24,One year,Yes,Bank transfer (automatic),Fiber optic,Yes,No,Yes,422.2,0,1,5.0,114.12,2741.28,0,3238.13
CUST_13345,29,Male,0,No,No,0,Month-to-month,Yes,Mailed check,DSL,No,No,No,200.8,4,1,4.0,44.74,33.27,1,448.84
CUST_13346,63,Female,0,Yes,Yes,36,Two year,Yes,Electronic check,Fiber optic,No,No,Yes,464.0,0,4,4.0,107.93,3882.53,0,3591.09
CUST_13347,38,Female,0,No,No,21,Month-to-month,Yes,Mailed check,Fiber optic,No,No,Yes,450.2,4,0,4.0,100.89,2098.07,0,2736.7
CUST_13348,63,Male,0,Yes,No,21,Month-to-month,No,Bank transfer (automatic),Fiber optic,No,No,No,296.1,3,0,4.0,82.54,1698.3,0,2510.42
CUST_13349,51,Male,0,No,No,51,One year,Yes,Bank transfer (automatic),DSL,No,Yes,Yes,103.5,2,0,5.0,83.05,4249.52,0,2748.41
CUST_13350,40,Female,0,Yes,Yes,55,Two year,No,Electronic check,Fiber optic,Yes,No,No,394.0,1,1,4.0,97.41,5360.43,0,3349.34
CUST_13351,35,Female,0,Yes,Yes,24,Month-to-month,No,Electronic check,DSL,No,Yes,Yes,118.9,4,0,2.0,81.46,1934.36,1,1101.19
CUST_13352,38,Female,0,No,No,32,Month-to-month,Yes,Mailed check,No,No internet service,No internet service,No internet service,17.5,1,0,4.0,24.62,780.61,0,882.07
CUST_13353,48,Female,0,No,No,38,Two year,Yes,Bank transfer (automatic),Fiber optic,No,No,Yes,28.0,0,1,5.0,92.12,3542.29,0,2551.22
CUST_13354,43,Male,0,Yes,Yes,44,One year,Yes,Credit card (automatic),Fiber optic,No,No,Yes,277.8,0,0,5.0,105.49,4644.2,0,3322.45
CUST_13355,34,Male,0,No,No,3,Month-to-month,Yes,Electronic check,Fiber optic,Yes,No,Yes,485.0,1,1,4.0,113.21,327.18,1,1477.65
CUST_13356,40,Female,0,Yes,Yes,16,Two year,Yes,Credit card (automatic),DSL,No,Yes,No,41.8,2,0,4.0,62.25,986.77,0,1797.62
CUST_13357,43,Female,0,No,No,56,Month-to-month,Yes,Credit card (automatic),No,No internet service,No internet service,No internet service,11.0,1,0,4.0,18.9,1029.37,0,1232.92
CUST_13358,18,Male,0,No,No,30,Month-to-month,Yes,Electronic check,Fiber optic,No,Yes,No,320.4,3,4,2.0,93.26,2778.75,1,1398.88
CUST_13359,48,Female,0,Yes,No,9,Month-to-month,No,Mailed check,Fiber optic,No,Yes,Yes,126.5,1,1,4.0,107.5,967.77,0,2841.76
CUST_13360,29,Male,0,Yes,Yes,39,One year,Yes,Bank transfer (automatic),Fiber optic,Yes,No,No,421.5,1,0,5.0,88.18,3433.5,0,3342.79
CUST_13361,27,Female,0,Yes,No,29,Month-to-month,No,Mailed check,Fiber optic,No,No,Yes,397.9,3,0,4.0,103.95,3038.93,0,3268.26
CUST_13362,20,Male,0,Yes,No,65,Two year,Yes,Bank transfer (automatic),Fiber optic,Yes,Yes,Yes,106.7,0,0,5.0,128.0,8308.71,0,4151.19
CUST_13363,19,Male,0,Yes,Yes,42,Two year,Yes,Mailed check,DSL,Yes,No,No,106.1,0,1,4.0,55.8,2326.22,0,1961.07
CUST_13364,24,Male,0,No,No,46,One year,Yes,Electronic check,DSL,No,No,No,109.2,0,1,5.0,53.41,2477.16,0,2057.96
CUST_13365,33,Male,0,No,No,29,Month-to-month,No,Electronic check,Fiber optic,No,Yes,No,429.1,3,0,4.0,87.22,2490.73,1,1462.24
CUST_13366,67,Female,1,Yes,Yes,43,One year,No,Electronic check,Fiber optic,No,No,Yes,439.9,1,1,4.0,102.31,4381.95,0,3214.87
CUST_13367,35,Male,0,No,No,36,Month-to-month,No,Bank transfer (automatic),Fiber optic,Yes,No,No,449.4,0,1,5.0,91.16,3263.72,0,3189.36
CUST_13368,44,Male,0,No,No,18,Two year,Yes,Electronic check,DSL,No,Yes,Yes,164.2,0,1,4.0,82.99,1467.24,0,2497.83
CUST_13369,47,Female,0,No,No,42,One year,No,Credit card (automatic),No,No internet service,No internet service,No internet service,16.1,0,0,5.0,26.38,1088.1,0,1182.89
CUST_13370,44,Female,0,No,No,46,Two year,Yes,Mailed check,DSL,Yes,No,Yes,183.3,0,1,5.0,80.84,3668.59,0,2654.15
CUST_13371,41,Female,0,No,No,37,Two year,Yes,Mailed check,Fiber optic,No,Yes,Yes,421.5,2,0,4.0,121.12,4475.33,0,3906.14
CUST_13372,26,Female,0,Yes,Yes,26,Two year,Yes,Credit card (automatic),DSL,No,Yes,No,118.2,1,0,4.0,63.79,1616.35,0,1909.6
CUST_13373,61,Female,0,Yes,Yes,4,Month-to-month,Yes,Electronic check,DSL,No,No,Yes,193.1,1,0,5.0,68.4,280.62,0,1822.59
CUST_13374,65,Male,1,Yes,No,48,One year,No,Electronic check,Fiber optic,No,No,No,258.0,0,1,4.0,82.25,3951.73,0,2760.14
CUST_13375,20,Female,0,Yes,Yes,31,Month-to-month,No,Credit card (automatic),Fiber optic,No,Yes,No,363.0,1,0,4.0,88.85,2762.8,0,2640.38
CUST_13376,29,Male,0,Yes,Yes,32,Two year,Yes,Mailed check,No,No internet service,No internet service,No internet service,16.1,1,0,4.0,22.56,749.64,0,832.43
CUST_13377,38,Female,0,No,No,12,One year,No,Electronic check,DSL,Yes,No,Yes,141.9,0,0,5.0,86.02,1011.11,0,2416.06
CUST_13378,29,Female,0,Yes,Yes,16,Month-to-month,Yes,Electronic check,Fiber optic,Yes,No,No,293.4,2,0,4.0,86.23,1408.58,1,1000.36
CUST_13379,49,Female,0,No,No,61,Two year,Yes,Credit card (automatic),Fiber optic,No,No,Yes,273.6,2,0,4.0,101.5,6116.56,0,3593.09
CUST_13380,33,Female,0,Yes,Yes,54,One year,No,Bank transfer (automatic),DSL,No,No,No,168.1,0,1,5.0,51.13,2810.01,0,2006.75
CUST_13381,70,Female,1,No,No,43,Month-to-month,Yes,Electronic check,Fiber optic,No,Yes,Yes,209.5,0,0,5.0,118.87,5119.33,0,3917.93
CUST_13382,57,Female,0,No,No,49,One year,No,Credit card (automatic),DSL,Yes,Yes,Yes,171.3,3,0,3.0,98.48,4855.93,0,2890.39
CUST_13383,45,Female,0,Yes,No,29,Month-to-month,Yes,Mailed check,Fiber optic,No,No,Yes,339.8,4,0,4.0,103.59,2989.26,1,1317.7
CUST_13384,55,Male,0,Yes,Yes,21,Two year,No,Credit card (automatic),DSL,No,Yes,No,130.6,0,0,5.0,66.36,1381.9,0,1737.7
CUST_13385,56,Male,0,No,No,46,One year,No,Electronic check,Fiber optic,Yes,Yes,No,288.6,1,2,3.0,104.12,4762.83,0,3443.9
CUST_13386,35,Female,0,Yes,Yes,32,One year,Yes,Mailed check,DSL,No,Yes,No,111.1,1,1,5.0,61.0,1974.44,0,1703.68
CUST_13387,31,Male,0,Yes,Yes,42,Two year,No,Electronic check,DSL,No,Yes,Yes,162.4,1,3,3.0,85.52,3603.26,0,2962.99
CUST_13388,43,Male,0,Yes,Yes,24,Month-to-month,No,Mailed check,DSL,Yes,No,Yes,100.9,3,2,4.0,82.18,1962.02,1,1295.37
CUST_13389,53,Female,0,No,No,22,Month-to-month,Yes,Electronic check,Fiber optic,No,No,Yes,133.9,4,2,2.0,100.11,2224.83,0,2773.81
CUST_13390,44,Male,0,No,No,33,Month-to-month,Yes,Electronic check,DSL,Yes,Yes,Yes,122.0,1,0,5.0,101.42,3307.4,0,2992.1
CUST_13391,21,Male,0,No,No,12,Two year,No,Electronic check,DSL,No,No,No,88.8,1,1,4.0,46.7,547.35,0,1214.19
CUST_13392,32,Female,0,No,No,31,Two year,Yes,Electronic check,DSL,No,No,Yes,81.0,1,1,5.0,66.71,2030.93,0,2382.52
CUST_13393,41,Female,0,No,No,50,One year,No,Credit card (automatic),Fiber optic,Yes,Yes,Yes,269.1,1,0,5.0,128.0,6435.51,0,3976.45
CUST_13394,41,Female,0,No,No,25,Month-to-month,Yes,Electronic check,Fiber optic,Yes,No,No,613.5,3,2,3.0,92.88,2316.81,0,3004.58
CUST_13395,68,Female,1,No,No,0,One year,Yes,Mailed check,No,No internet service,No internet service,No internet service,14.0,2,0,4.0,18.83,14.85,0,749.56
CUST_13396,24,Male,0,Yes,Yes,31,One year,No,Bank transfer (automatic),Fiber optic,Yes,Yes,No,290.7,1,1,4.0,99.44,3111.71,0,2828.27
CUST_13397,49,Female,0,Yes,Yes,18,One year,Yes,Bank transfer (automatic),DSL,Yes,No,Yes,155.6,0,0,5.0,86.81,1593.52,0,2641.63
CUST_13398,61,Male,0,No,No,44,Two year,Yes,Bank transfer (automatic),No,No internet service,No internet service,No internet service,17.9,0,0,5.0,18.5,803.61,0,999.03
CUST_13399,72,Male,1,No,No,31,One year,Yes,Bank transfer (automatic),No,No internet service,No internet service,No internet service,21.1,1,0,5.0,18.5,573.37,0,1199.98
CUST_13400,37,Male,0,Yes,Yes,66,Two year,No,Credit card (automatic),DSL,Yes,No,No,181.0,0,1,4.0,66.78,4433.35,0,2620.46
CUST_13401,48,Male,0,Yes,Yes,0,One year,Yes,Bank transfer (automatic),Fiber optic,No,No,Yes,651.0,0,0,5.0,103.96,0.0,0,3010.15
CUST_13402,49,Female,0,No,No,35,Two year,Yes,Credit card (automatic),Fiber optic,No,No,Yes,259.4,0,0,5.0,99.99,3482.1,0,2982.93
CUST_13403,45,Female,0,No,No,53,Two year,No,Mailed check,Fiber optic,No,No,Yes,470.0,1,0,5.0,100.93,5345.65,0,3440.08
CUST_13404,41,Male,0,Yes,Yes,18,Month-to-month,No,Bank transfer (automatic),Fiber optic,Yes,No,No,262.6,3,0,4.0,91.46,1651.05,0,2670.76
CUST_13405,48,Female,0,No,No,14,Month-to-month,Yes,Mailed check,Fiber optic,No,No,Yes,327.1,3,0,4.0,98.93,1407.2,1,1308.91
CUST_13406,18,Female,0,No,No,19,Two year,Yes,Electronic check,DSL,Yes,No,Yes,142.2,1,2,4.0,85.38,1646.76,0,2618.21
CUST_13407,51,Male,0,No,No,1,Month-to-month,Yes,Electronic check,Fiber optic,No,No,No,359.3,2,4,2.0,83.92,57.56,1,1074.87
CUST_13408,44,Male,0,Yes,Yes,0,One year,No,Mailed check,DSL,No,No,Yes,134.9,1,0,4.0,73.92,0.0,0,1846.59
CUST_13409,39,Female,0,Yes,No,31,Two year,Yes,Mailed check,DSL,Yes,No,Yes,112.5,2,0,5.0,81.54,2509.67,0,2620.62
CUST_13410,69,Male,1,Yes,No,33,Month-to-month,Yes,Mailed check,Fiber optic,No,No,Yes,239.7,5,0,3.0,100.56,3305.2,1,1477.85
CUST_13411,33,Male,0,Yes,No,12,Month-to-month,Yes,Electronic check,Fiber optic,No,No,No,445.0,2,3,3.0,74.79,886.15,1,1304.39
CUST_13412,37,Female,0,No,No,61,Month-to-month,Yes,Mailed check,DSL,No,No,No,70.4,4,0,3.0,50.52,3064.28,0,2290.49
CUST_13413,68,Female,1,Yes,No,19,Month-to-month,No,Credit card (automatic),Fiber optic,No,Yes,No,526.0,2,0,4.0,85.78,1594.12,0,2758.18
CUST_13414,31,Male,0,No,No,58,Two year,Yes,Mailed check,DSL,No,Yes,No,118.1,2,0,4.0,63.37,3699.52,0,2235.01
CUST_13415,35,Female,0,Yes,No,20,Month-to-month,Yes,Electronic check,Fiber optic,No,No,No,475.0,2,3,3.0,74.37,1512.89,1,1296.09
CUST_13416,40,Female,0,Yes,Yes,22,Two year,Yes,Mailed check,Fiber optic,No,No,Yes,588.0,0,0,5.0,97.03,2072.82,0,3022.79
CUST_13417,53,Female,0,No,No,10,Month-to-month,Yes,Credit card (automatic),Fiber optic,Yes,No,No,374.8,3,0,4.0,90.08,908.98,1,1068.96
CUST_13418,45,Male,0,No,No,29,One year,Yes,Credit card (automatic),DSL,No,Yes,No,76.2,1,1,5.0,60.95,1838.27,0,1542.82
CUST_13419,25,Female,0,Yes,No,28,Month-to-month,No,Credit card (automatic),Fiber optic,Yes,No,Yes,496.0,4,1,3.0,110.51,3106.03,1,1520.5
CUST_13420,35,Female,0,No,No,23,One year,Yes,Electronic check,DSL,No,Yes,Yes,109.9,0,3,4.0,77.76,1827.68,0,2350.9
CUST_13421,34,Female,0,No,No,9,Month-to-month,Yes,Mailed check,Fiber optic,No,No,No,205.4,1,1,4.0,77.17,724.18,0,2220.55
CUST_13422,41,Male,0,No,No,3,Month-to-month,Yes,Credit card (automatic),DSL,No,Yes,No,160.0,0,0,5.0,73.93,192.37,0,1734.62
CUST_13423,48,Female,0,No,No,15,One year,Yes,Electronic check,Fiber optic,No,No,Yes,425.5,2,1,3.0,103.13,1561.72,0,2960.03
CUST_13424,47,Male,0,Yes,Yes,25,Two year,No,Electronic check,DSL,No,No,No,127.4,0,2,5.0,48.74,1166.24,0,1653.32
CUST_13425,19,Male,0,No,No,13,Month-to-month,No,Electronic check,Fiber optic,No,Yes,No,250.1,4,0,4.0,92.24,1193.19,1,1024.73
CUST_13426,56,Female,0,No,No,42,One year,No,Credit card (automatic),DSL,No,No,No,172.1,2,0,4.0,41.89,1758.27,0,1607.4
CUST_13427,45,Male,0,Yes,No,6,Month-to-month,Yes,Mailed check,Fiber optic,No,No,No,479.0,2,1,4.0,78.99,538.34,0,2344.26
CUST_13428,60,Male,0,Yes,Yes,40,Two year,Yes,Credit card (automatic),Fiber optic,No,Yes,No,346.7,0,0,4.0,95.49,3834.98,0,3070.05
CUST_13429,48,Male,0,No,No,23,Month-to-month,Yes,Electronic check,Fiber optic,No,No,No,547.1,2,3,3.0,82.81,1879.0,0,2686.66
CUST_13430,56,Female,0,Yes,Yes,2,Month-to-month,No,Bank transfer (automatic),DSL,No,Yes,No,161.1,1,0,5.0,57.73,132.49,0,1488.24
CUST_13431,48,Male,0,Yes,Yes,11,Month-to-month,Yes,Electronic check,DSL,No,Yes,No,91.0,1,2,5.0,67.27,758.14,1,629.07
CUST_13432,60,Male,0,No,No,62,One year,Yes,Electronic check,Fiber optic,No,No,No,292.6,2,1,4.0,81.49,5055.19,0,2944.97
CUST_13433,49,Male,0,Yes,No,18,Month-to-month,Yes,Bank transfer (automatic),Fiber optic,Yes,No,No,393.6,3,0,3.0,80.59,1465.17,1,1287.81
CUST_13434,41,Female,0,Yes,Yes,12,Month-to-month,Yes,Mailed check,Fiber optic,Yes,No,No,330.0,1,0,5.0,84.28,1063.16,1,1191.09
CUST_13435,72,Male,1,No,No,38,One year,No,Bank transfer (automatic),No,No internet service,No internet service,No internet service,16.2,0,0,5.0,18.5,696.57,0,941.94
CUST_13436,54,Female,0,No,No,21,One year,Yes,Credit card (automatic),No,No internet service,No internet service,No internet service,9.7,0,0,5.0,24.48,522.06,0,667.05
CUST_13437,49,Female,0,Yes,Yes,39,Month-to-month,Yes,Electronic check,Fiber optic,No,Yes,No,265.6,2,2,3.0,92.77,3645.67,1,1412.07
CUST_13438,25,Female,0,No,No,40,One year,Yes,Electronic check,Fiber optic,No,No,Yes,359.2,1,3,5.0,99.77,3969.61,0,3216.32
CUST_13439,25,Male,0,No,No,49,Month-to-month,No,Bank transfer (automatic),DSL,Yes,No,Yes,130.8,3,1,3.0,87.72,4326.02,0,2920.83
CUST_13440,46,Female,0,No,No,68,One year,Yes,Credit card (automatic),No,No internet service,No internet service,No internet service,16.1,0,0,5.0,18.5,1245.13,0,1226.57
CUST_13441,44,Male,0,Yes,Yes,45,One year,Yes,Credit card (automatic),Fiber optic,No,No,No,193.0,1,1,4.0,78.77,3539.47,0,3011.4
CUST_13442,34,Male,0,Yes,Yes,35,Month-to-month,No,Mailed check,Fiber optic,No,No,Yes,369.7,2,1,5.0,94.9,3319.8,1,1831.6
CUST_13443,44,Female,0,Yes,Yes,13,Two year,Yes,Bank transfer (automatic),DSL,No,No,No,161.9,0,0,4.0,50.85,617.12,0,1209.34
CUST_13444,63,Male,0,No,No,30,Month-to-month,Yes,Electronic check,Fiber optic,No,No,Yes,300.3,2,0,4.0,100.73,3036.33,0,3206.48
CUST_13445,51,Female,0,No,No,9,One year,No,Electronic check,Fiber optic,No,Yes,Yes,264.4,0,0,5.0,116.9,1101.87,0,3077.79
CUST_13446,27,Female,0,No,No,27,One year,Yes,Bank transfer (automatic),DSL,No,No,Yes,101.6,1,0,4.0,73.14,1965.55,1,1016.88
CUST_13447,41,Male,0,No,No,31,One year,Yes,Credit card (automatic),DSL,No,Yes,No,106.5,0,0,5.0,63.93,2025.63,0,2063.86
CUST_13448,32,Male,0,No,No,37,Two year,Yes,Mailed check,Fiber optic,Yes,Yes,Yes,494.7,0,0,5.0,124.98,4548.56,0,3728.34
CUST_13449,37,Male,0,Yes,No,54,Month-to-month,Yes,Bank transfer (automatic),DSL,Yes,Yes,Yes,66.8,1,0,5.0,103.14,5599.95,0,3434.9
CUST_13450,37,Male,0,No,No,37,Month-to-month,No,Mailed check,DSL,Yes,No,No,78.0,0,1,5.0,65.66,2387.87,0,2041.45
CUST_13451,36,Female,0,No,No,0,Month-to-month,No,Mailed check,Fiber optic,No,No,Yes,93.7,2,0,5.0,100.94,26.24,0,2427.5
CUST_13452,26,Female,0,No,No,31,Month-to-month,Yes,Credit card (automatic),DSL,No,Yes,No,169.6,2,1,5.0,61.91,1884.01,0,2010.37
CUST_13453,40,Male,0,Yes,No,8,Month-to-month,No,Mailed check,DSL,Yes,Yes,No,132.8,3,0,4.0,81.08,691.36,0,1914.9
CUST_13454,35,Female,0,No,No,13,One year,No,Electronic check,No,No internet service,No internet service,No internet service,8.5,0,2,5.0,21.91,242.76,0,711.46
CUST_13455,18,Female,0,Yes,Yes,28,Month-to-month,Yes,Credit card (automatic),DSL,No,No,No,110.8,1,0,5.0,50.61,1443.6,0,1401.08
CUST_13456,69,Male,1,Yes,Yes,47,Two year,Yes,Bank transfer (automatic),DSL,Yes,No,Yes,138.9,0,1,5.0,85.1,3989.37,0,2983.55
CUST_13457,56,Female,0,No,No,14,Month-to-month,No,Bank transfer (automatic),DSL,Yes,No,Yes,144.9,1,1,4.0,81.64,1131.54,0,2046.49
CUST_13458,37,Female,0,No,No,52,One year,Yes,Credit card (automatic),DSL,Yes,No,Yes,162.5,1,0,,76.83,3990.92,0,2624.19
CUST_13459,42,Male,0,Yes,No,28,Two year,Yes,Electronic check,DSL,No,No,No,52.0,2,1,5.0,41.48,1157.02,0,1094.26
CUST_13460,27,Male,0,No,No,52,Month-to-month,Yes,Mailed check,DSL,Yes,No,No,164.6,3,0,2.0,56.75,2973.91,0,2006.26
CUST_13461,64,Male,0,Yes,No,52,Two year,Yes,Bank transfer (automatic),DSL,Yes,No,No,48.8,0,0,5.0,63.55,3311.83,0,2432.72
CUST_13462,67,Male,1,Yes,Yes,42,Month-to-month,No,Mailed check,Fiber optic,No,Yes,Yes,469.1,3,1,4.0,117.7,4952.17,0,3730.99
CUST_13463,44,Female,0,Yes,No,43,Month-to-month,Yes,Credit card (automatic),Fiber optic,Yes,Yes,Yes,455.2,5,1,2.0,128.0,5518.63,0,4344.13
CUST_13464,55,Male,0,No,No,28,Month-to-month,Yes,Bank transfer (automatic),Fiber optic,No,Yes,No,643.1,1,0,4.0,89.82,2467.16,1,1449.49
CUST_13465,44,Male,0,No,No,52,One year,Yes,Bank transfer (automatic),Fiber optic,Yes,Yes,Yes,301.0,2,0,4.0,128.0,6711.94,0,3961.52
CUST_13466,25,Female,0,No,No,66,One year,No,Credit card (automatic),Fiber optic,No,No,No,259.3,1,0,5.0,88.1,5808.16,0,2966.52
CUST_13467,37,Female,0,No,No,37,Month-to-month,Yes,Electronic check,Fiber optic,Yes,No,No,385.9,2,2,3.0,84.42,3115.56,0,2745.65
CUST_13468,44,Male,0,Yes,No,3,Month-to-month,No,Bank transfer (automatic),DSL,No,No,Yes,127.0,1,1,4.0,68.71,201.95,1,662.6
CUST_13469,36,Male,0,Yes,Yes,14,Month-to-month,Yes,Bank transfer (automatic),DSL,No,No,No,213.1,2,1,4.0,44.31,630.61,0,1467.03
CUST_13470,39,Male,0,No,No,10,Month-to-month,Yes,Credit card (automatic),Fiber optic,No,No,No,177.4,2,0,3.0,75.96,803.67,1,896.8
CUST_13471,41,Male,0,Yes,No,22,Two year,Yes,Mailed check,DSL,No,Yes,No,89.8,1,1,4.0,59.92,1351.73,0,1716.43
CUST_13472,41,Male,0,No,No,21,Month-to-month,No,Mailed check,DSL,No,No,Yes,75.6,4,2,2.0,61.79,1314.99,1,943.25
CUST_13473,43,Male,0,No,No,31,One year,Yes,Electronic check,No,No internet service,No internet service,No internet service,17.3,1,1,5.0,26.82,812.44,0,1137.17
CUST_13474,28,Male,0,No,No,16,Month-to-month,No,Credit card (automatic),Fiber optic,No,No,No,293.5,4,0,4.0,78.92,1256.05,1,1332.31
CUST_13475,33,Female,0,Yes,Yes,30,Month-to-month,Yes,Mailed check,DSL,No,No,No,138.3,4,0,4.0,48.34,1438.55,0,1432.38
CUST_13476,25,Male,0,No,No,27,One year,No,Bank transfer (automatic),Fiber optic,Yes,No,No,428.9,1,1,4.0,91.62,2456.21,0,2736.79
CUST_13477,55,Female,0,No,No,26,Two year,Yes,Electronic check,DSL,Yes,No,No,143.2,1,3,4.0,47.51,1306.23,0,1885.41
CUST_13478,18,Male,0,Yes,Yes,39,Two year,Yes,Bank transfer (automatic),DSL,No,Yes,No,117.5,0,1,5.0,61.11,2408.06,0,2385.04
CUST_13479,57,Male,0,No,No,27,One year,Yes,Electronic check,DSL,No,No,Yes,149.6,2,4,3.0,69.54,1864.58,0,2241.21
CUST_13480,60,Male,0,Yes,Yes,10,Month-to-month,Yes,Credit card (automatic),Fiber optic,No,No,No,372.5,3,0,3.0,82.84,830.81,0,2526.82
CUST_13481,38,Male,0,Yes,No,32,Month-to-month,No,Credit card (automatic),No,No internet service,No internet service,No internet service,12.6,1,0,4.0,20.42,696.46,0,887.9
CUST_13482,18,Female,0,Yes,No,2,Month-to-month,Yes,Electronic check,Fiber optic,No,Yes,No,288.9,3,1,4.0,99.75,145.62,1,1170.44
CUST_13483,37,Female,0,Yes,Yes,13,Month-to-month,No,Bank transfer (automatic),DSL,Yes,Yes,Yes,108.8,1,0,5.0,103.22,1320.08,0,2844.07
CUST_13484,41,Female,0,No,No,3,One year,Yes,Bank transfer (automatic),DSL,No,Yes,No,182.3,1,0,5.0,58.76,160.56,0,1873.02
CUST_13485,29,Male,0,Yes,Yes,24,One year,No,Credit card (automatic),Fiber optic,Yes,No,No,354.0,1,0,5.0,88.89,2104.97,0,2826.01
CUST_13486,35,Male,0,Yes,Yes,8,One year,No,Bank transfer (automatic),DSL,No,No,No,124.4,2,0,4.0,49.63,389.62,0,1356.37
CUST_13487,62,Male,0,Yes,No,10,Month-to-month,No,Credit card (automatic),Fiber optic,Yes,No,No,340.3,2,0,5.0,86.52,876.43,1,1011.74
CUST_13488,51,Female,0,Yes,Yes,21,One year,Yes,Mailed check,DSL,Yes,No,Yes,77.6,0,0,4.0,79.48,1669.13,0,2004.05
CUST_13489,30,Female,0,Yes,Yes,18,Month-to-month,No,Electronic check,DSL,No,No,Yes,51.1,3,3,3.0,69.61,1229.76,1,863.93
CUST_13490,21,Male,0,Yes,No,24,One year,Yes,Bank transfer (automatic),Fiber optic,No,No,No,393.2,1,1,4.0,77.42,1843.84,0,2645.52
CUST_13491,38,Female,0,No,No,48,Month-to-month,Yes,Bank transfer (automatic),DSL,No,Yes,No,82.2,2,1,4.0,59.72,2829.67,0,2308.11
CUST_13492,39,Male,0,No,No,44,Two year,No,Electronic check,Fiber optic,No,No,Yes,406.4,2,2,4.0,98.31,4329.1,0,3505.68
CUST_13493,48,Male,0,No,No,20,One year,Yes,Electronic check,No,No internet service,No internet service,No internet service,15.0,1,1,4.0,21.4,379.22,0,858.21
CUST_13494,35,Male,0,No,No,6,One year,Yes,Credit card (automatic),Fiber optic,No,Yes,Yes,477.1,0,0,5.0,114.71,666.12,0,3136.26
CUST_13495,49,Female,0,Yes,No,6,Month-to-month,No,Bank transfer (automatic),Fiber optic,No,Yes,No,447.3,0,1,5.0,88.96,529.64,1,1399.35
CUST_13496,67,Male,1,No,No,43,Two year,No,Electronic check,DSL,No,Yes,Yes,146.8,2,2,3.0,91.49,3929.02,0,2670.06
CUST_13497,53,Female,0,No,No,43,Month-to-month,Yes,Credit card (automatic),DSL,No,No,Yes,82.1,2,2,3.0,81.95,3565.58,0,2507.82
CUST_13498,41,Male,0,Yes,No,11,One year,Yes,Electronic check,DSL,No,Yes,Yes,31.8,1,1,4.0,88.99,1000.08,0,2229.57
CUST_13499,40,Female,0,No,No,33,Month-to-month,Yes,Electronic check,Fiber optic,No,No,No,503.6,1,1,4.0,78.03,2556.07,0,2720.61
CUST_13500,37,Female,0,Yes,Yes,52,Two year,Yes,Mailed check,Fiber optic,No,No,Yes,359.8,1,1,4.0,98.37,5076.83,0,3489.34
CUST_13501,57,Male,0,Yes,Yes,17,One year,No,Credit card (automatic),Fiber optic,Yes,No,No,336.3,0,0,5.0,89.62,1498.68,0,2653.43
CUST_13502,34,Female,0,No,No,33,Two year,No,Bank transfer (automatic),DSL,No,Yes,Yes,110.0,0,0,5.0,84.95,2791.95,0,2453.64
CUST_13503,43,Male,0,Yes,Yes,47,One year,No,Mailed check,Fiber optic,Yes,No,No,416.1,2,0,5.0,89.74,4225.19,0,3165.34
CUST_13504,43,Male,0,Yes,No,3,Month-to-month,Yes,Electronic check,Fiber optic,Yes,No,No,495.8,3,0,4.0,91.27,264.0,1,1080.97
CUST_13505,35,Male,0,Yes,No,28,Month-to-month,No,Bank transfer (automatic),DSL,No,Yes,Yes,96.8,1,0,4.0,87.36,2432.9,0,2566.14
CUST_13506,24,Male,0,Yes,No,39,Two year,No,Bank transfer (automatic),Fiber optic,No,No,Yes,151.0,0,0,5.0,106.97,4201.63,0,3293.53
CUST_13507,46,Female,0,Yes,No,47,One year,Yes,Credit card (automatic),Fiber optic,Yes,Yes,No,568.1,1,0,4.0,107.42,5076.69,0,3523.2
CUST_13508,41,Male,0,No,No,9,Month-to-month,Yes,Bank transfer (automatic),DSL,No,No,Yes,136.4,2,0,5.0,67.92,611.62,0,1668.89
CUST_13509,49,Female,0,No,No,11,Month-to-month,Yes,Electronic check,Fiber optic,No,No,Yes,404.8,1,0,5.0,96.56,1065.74,0,2787.84
CUST_13510,35,Female,0,No,No,61,Two year,Yes,Bank transfer (automatic),Fiber optic,Yes,Yes,No,30.7,2,1,4.0,105.95,6458.3,0,3206.34
CUST_13511,58,Male,0,Yes,Yes,15,Month-to-month,Yes,Electronic check,Fiber optic,Yes,No,No,383.4,2,2,3.0,89.59,1375.51,1,1131.08
CUST_13512,31,Female,0,No,No,42,One year,Yes,Credit card (automatic),Fiber optic,No,Yes,Yes,107.6,0,0,4.0,120.89,5063.94,0,3433.75
CUST_13513,64,Male,0,No,No,65,Two year,Yes,Electronic check,DSL,No,No,No,107.4,0,0,5.0,50.82,3307.66,0,2246.4
CUST_13514,19,Male,0,Yes,Yes,34,Two year,No,Electronic check,DSL,No,Yes,No,149.3,0,1,5.0,59.56,2037.45,0,1926.38
CUST_13515,48,Male,0,No,No,46,Two year,No,Mailed check,DSL,Yes,No,Yes,133.5,0,0,5.0,81.09,3756.53,0,2425.85
CUST_13516,48,Male,0,No,No,38,Two year,Yes,Electronic check,No,No internet service,No internet service,No internet service,18.7,1,1,5.0,18.5,671.38,0,983.75
CUST_13517,32,Female,0,No,No,9,Month-to-month,Yes,Mailed check,DSL,No,No,No,97.3,5,0,3.0,55.12,510.65,0,1594.09
CUST_13518,48,Male,0,Yes,Yes,54,One year,Yes,Mailed check,Fiber optic,No,Yes,No,237.9,1,0,5.0,89.93,4821.09,0,3123.83
CUST_13519,59,Male,0,Yes,Yes,18,Month-to-month,Yes,Mailed check,DSL,No,No,No,105.5,1,0,4.0,42.97,761.1,0,1381.53
CUST_13520,18,Female,0,No,No,19,Month-to-month,No,Mailed check,DSL,No,No,Yes,118.9,1,0,4.0,68.08,1286.85,0,1882.39
CUST_13521,49,Female,0,No,No,19,Month-to-month,Yes,Credit card (automatic),DSL,Yes,No,Yes,95.8,4,0,4.0,76.82,1454.14,0,2326.31
CUST_13522,18,Male,0,No,No,51,Two year,No,Mailed check,Fiber optic,Yes,No,Yes,337.5,1,0,5.0,106.89,5453.01,0,3260.06
CUST_13523,29,Female,0,No,No,47,One year,Yes,Credit card (automatic),DSL,Yes,No,No,120.6,0,0,5.0,61.94,2858.22,0,1987.5
CUST_13524,63,Female,0,No,No,52,One year,Yes,Electronic check,No,No internet service,No internet service,No internet service,16.4,0,1,5.0,20.28,1053.65,0,1168.26
CUST_13525,34,Male,0,Yes,No,51,One year,Yes,Electronic check,No,No internet service,No internet service,No internet service,26.3,1,0,4.0,29.14,1533.69,0,1410.45
CUST_13526,27,Male,0,No,No,53,Month-to-month,No,Bank transfer (automatic),DSL,No,No,No,79.3,6,0,3.0,56.91,3001.49,0,1838.78
CUST_13527,39,Male,0,Yes,Yes,43,One year,Yes,Electronic check,Fiber optic,No,Yes,Yes,436.0,1,1,4.0,115.93,4962.6,0,3500.76
CUST_13528,69,Male,1,No,No,56,Month-to-month,No,Mailed check,Fiber optic,Yes,Yes,Yes,353.8,2,0,4.0,128.0,7174.9,0,4065.8
CUST_13529,18,Male,0,No,No,15,Two year,No,Credit card (automatic),No,No internet service,No internet service,No internet service,24.6,0,1,5.0,19.28,294.73,0,680.53
CUST_13530,28,Female,0,Yes,No,41,One year,Yes,Mailed check,DSL,No,Yes,No,83.7,2,0,4.0,67.13,2690.36,0,2379.69
CUST_13531,61,Female,0,No,No,26,Two year,No,Electronic check,Fiber optic,Yes,No,No,322.3,1,1,5.0,90.12,2382.19,0,2531.85
CUST_13532,66,Female,1,Yes,Yes,15,One year,Yes,Bank transfer (automatic),DSL,Yes,No,No,104.7,1,1,4.0,58.48,865.75,0,1536.16
CUST_13533,41,Male,0,Yes,No,17,Month-to-month,No,Electronic check,Fiber optic,Yes,No,Yes,98.5,3,1,4.0,109.49,1845.66,1,1013.84
CUST_13534,26,Female,0,Yes,No,5,Month-to-month,Yes,Bank transfer (automatic),DSL,Yes,Yes,Yes,120.1,2,0,3.0,96.38,477.28,0,2154.29
CUST_13535,69,Female,1,Yes,No,7,Month-to-month,Yes,Electronic check,Fiber optic,No,Yes,Yes,364.9,1,0,4.0,115.18,808.35,0,3069.17
CUST_13536,63,Male,0,Yes,Yes,59,Two year,No,Electronic check,No,No internet service,No internet service,No internet service,11.7,1,4,4.0,24.15,1390.75,0,1374.52
CUST_13537,51,Female,0,Yes,Yes,42,Month-to-month,Yes,Electronic check,Fiber optic,No,No,No,94.1,3,0,4.0,78.19,3297.13,1,1180.21
CUST_13538,31,Female,0,No,No,39,Month-to-month,Yes,Credit card (automatic),Fiber optic,No,No,Yes,459.2,2,0,4.0,95.33,3707.75,0,3191.0
CUST_13539,41,Male,0,No,No,26,Month-to-month,No,Electronic check,Fiber optic,Yes,Yes,Yes,560.1,0,2,4.0,128.0,3292.39,0,3849.06
CUST_13540,40,Female,0,No,No,36,One year,Yes,Mailed check,DSL,No,No,No,172.5,0,1,4.0,48.37,1792.65,0,1583.84
CUST_13541,46,Female,0,Yes,Yes,58,Two year,Yes,Electronic check,Fiber optic,No,No,No,354.2,1,0,5.0,81.86,4731.47,0,2865.95
CUST_13542,61,Female,0,No,No,9,Month-to-month,Yes,Mailed check,Fiber optic,Yes,No,No,333.1,1,1,4.0,81.76,725.36,0,2502.92
CUST_13543,53,Male,0,No,No,35,Month-to-month,Yes,Mailed check,No,No internet service,No internet service,No internet service,21.5,4,0,3.0,18.5,623.99,0,1011.77
CUST_13544,28,Male,0,Yes,Yes,46,Two year,Yes,Mailed check,DSL,Yes,Yes,No,171.2,0,0,5.0,64.27,2959.19,0,2356.82
CUST_13545,60,Female,0,No,No,62,One year,No,Bank transfer (automatic),DSL,No,Yes,Yes,128.1,1,0,5.0,82.16,5062.98,0,2811.76
CUST_13546,46,Male,0,Yes,No,51,Two year,Yes,Credit card (automatic),DSL,Yes,No,Yes,123.2,2,0,4.0,85.38,4360.2,0,2666.27
CUST_13547,51,Female,0,No,No,15,One year,Yes,Electronic check,Fiber optic,No,No,Yes,430.0,0,1,4.0,100.86,1508.19,1,1455.44
CUST_13548,61,Male,0,Yes,Yes,61,Month-to-month,Yes,Electronic check,DSL,Yes,Yes,Yes,128.1,0,1,5.0,97.74,5964.6,0,3157.11
CUST_13549,28,Female,0,Yes,No,26,Month-to-month,Yes,Credit card (automatic),No,No internet service,No internet service,No internet service,22.1,0,0,5.0,26.47,671.96,0,901.41
CUST_13550,42,Male,0,No,No,12,Month-to-month,Yes,Credit card (automatic),Fiber optic,Yes,No,Yes,419.5,1,2,4.0,113.46,1376.24,1,1474.88
CUST_13551,35,Male,0,Yes,No,29,Two year,Yes,Mailed check,No,No internet service,No internet service,No internet service,18.7,0,2,4.0,20.08,590.0,0,683.97
CUST_13552,22,Male,0,Yes,No,41,Two year,No,Mailed check,DSL,Yes,No,Yes,148.1,2,0,4.0,76.33,3149.34,0,2647.02
CUST_13553,47,Female,0,No,No,37,Month-to-month,Yes,Electronic check,DSL,No,No,Yes,116.3,2,2,4.0,74.11,2713.78,0,2380.15
CUST_13554,75,Female,1,No,No,20,One year,Yes,Mailed check,DSL,No,No,Yes,195.8,0,0,4.0,79.54,1605.98,0,2467.14
CUST_13555,18,Male,0,No,No,17,One year,No,Electronic check,Fiber optic,No,Yes,No,339.8,3,3,3.0,85.2,1490.72,1,1162.64
CUST_13556,42,Female,0,Yes,Yes,65,Month-to-month,Yes,Credit card (automatic),DSL,No,No,Yes,112.6,2,1,4.0,71.04,4614.04,0,2553.61
CUST_13557,50,Male,0,Yes,No,66,One year,Yes,Electronic check,Fiber optic,No,No,Yes,319.3,2,0,5.0,98.08,6502.47,0,3384.03
CUST_13558,44,Male,0,No,No,25,One year,No,Mailed check,Fiber optic,No,No,No,569.7,1,0,4.0,72.59,1793.29,0,2392.25
CUST_13559,41,Male,0,Yes,Yes,33,Month-to-month,Yes,Bank transfer (automatic),Fiber optic,No,Yes,No,145.1,2,1,4.0,89.92,2981.94,1,1168.29
CUST_13560,25,Female,0,Yes,No,19,Two year,Yes,Mailed check,No,No internet service,No internet service,No internet service,11.8,2,0,4.0,18.5,353.66,0,594.91
CUST_13561,45,Male,0,No,No,20,One year,No,Mailed check,Fiber optic,No,No,Yes,438.0,3,0,4.0,98.0,1968.81,0,3145.82
CUST_13562,32,Male,0,Yes,No,65,Month-to-month,No,Credit card (automatic),Fiber optic,Yes,No,Yes,393.7,1,0,4.0,109.58,7100.18,0,3783.9
CUST_13563,18,Male,0,Yes,No,21,Two year,No,Mailed check,Fiber optic,Yes,Yes,No,380.7,0,0,4.0,105.15,2234.71,0,2958.92
CUST_13564,58,Female,0,Yes,Yes,3,Month-to-month,Yes,Credit card (automatic),DSL,Yes,Yes,No,138.6,3,0,4.0,72.05,184.95,0,1905.94
CUST_13565,54,Female,0,Yes,Yes,27,Two year,Yes,Electronic check,Fiber optic,No,Yes,Yes,491.4,1,0,5.0,117.99,3178.48,0,3562.24
CUST_13566,43,Female,0,Yes,Yes,52,One year,No,Electronic check,Fiber optic,Yes,No,No,378.9,0,0,5.0,86.81,4502.82,0,3044.87
CUST_13567,45,Female,0,Yes,Yes,47,Two year,No,Credit card (automatic),Fiber optic,No,Yes,Yes,373.7,0,1,5.0,114.5,5366.04,0,3339.84
CUST_13568,56,Male,0,Yes,Yes,62,Two year,Yes,Electronic check,DSL,Yes,No,Yes,176.2,0,2,4.0,91.03,5618.02,0,3073.52
CUST_13569,45,Male,0,No,No,48,One year,No,Bank transfer (automatic),DSL,Yes,No,Yes,130.0,1,1,5.0,79.85,3834.97,0,2767.0
CUST_13570,54,Female,0,No,No,34,Month-to-month,Yes,Mailed check,Fiber optic,No,No,Yes,440.3,2,1,4.0,95.95,3223.04,0,3162.4
CUST_13571,38,Male,0,Yes,Yes,1,Month-to-month,Yes,Mailed check,Fiber optic,No,Yes,Yes,33.2,2,0,5.0,109.88,124.04,0,2590.91
CUST_13572,59,Female,0,No,No,46,One year,No,Bank transfer (automatic),No,No internet service,No internet service,No internet service,12.7,0,0,4.0,18.5,834.71,0,1255.35
CUST_13573,46,Female,0,Yes,No,36,One year,No,Bank transfer (automatic),DSL,Yes,No,Yes,91.0,1,0,5.0,78.01,2813.81,0,2350.52
CUST_13574,45,Female,0,Yes,No,26,Two year,No,Credit card (automatic),Fiber optic,No,Yes,No,261.0,0,1,5.0,89.17,2320.97,0,2729.05
CUST_13575,25,Female,0,Yes,Yes,45,Two year,Yes,Electronic check,Fiber optic,No,No,Yes,307.7,0,3,4.0,104.57,4674.45,0,3264.92
CUST_13576,46,Male,0,No,No,11,Month-to-month,Yes,Bank transfer (automatic),DSL,No,No,Yes,104.3,3,0,4.0,57.59,651.76,0,1405.79
CUST_13577,31,Female,0,No,No,61,Two year,Yes,Mailed check,Fiber optic,No,No,No,458.9,0,1,5.0,74.72,4600.45,0,3025.47
CUST_13578,34,Male,0,No,No,63,One year,No,Bank transfer (automatic),DSL,No,No,No,88.5,1,1,4.0,53.89,3414.08,0,2321.58
CUST_13579,31,Female,0,Yes,Yes,39,Two year,Yes,Electronic check,Fiber optic,No,Yes,Yes,466.8,1,2,4.0,111.35,4299.35,0,3526.18
CUST_13580,28,Male,0,Yes,No,19,Month-to-month,No,Mailed check,Fiber optic,Yes,No,No,444.7,3,0,5.0,90.98,1737.62,0,2634.33
CUST_13581,70,Female,1,No,No,16,Month-to-month,No,Electronic check,Fiber optic,Yes,No,No,221.2,2,1,3.0,92.73,1456.02,1,1184.43
CUST_13582,59,Female,0,Yes,Yes,40,Month-to-month,No,Electronic check,DSL,No,No,Yes,59.4,1,2,5.0,60.34,2361.98,0,1922.4
CUST_13583,67,Female,1,No,No,26,Two year,No,Bank transfer (automatic),No,No internet service,No internet service,No internet service,13.5,0,0,5.0,27.44,700.2,0,1046.84
CUST_13584,26,Female,0,No,No,13,Month-to-month,No,Electronic check,No,No internet service,No internet service,No internet service,21.1,4,1,3.0,18.5,214.41,0,508.65
CUST_13585,43,Female,0,No,No,56,One year,No,Bank transfer (automatic),No,No internet service,No internet service,No internet service,16.6,0,0,5.0,18.5,1035.65,0,1114.78
CUST_13586,25,Male,0,No,No,46,One year,Yes,Mailed check,DSL,Yes,Yes,No,196.4,1,1,5.0,73.26,3392.54,0,2657.41
CUST_13587,33,Male,0,No,No,30,Month-to-month,No,Electronic check,Fiber optic,No,No,No,176.5,1,1,5.0,77.3,2315.02,0,2334.52
CUST_13588,30,Male,0,No,No,42,One year,Yes,Mailed check,DSL,Yes,No,Yes,66.8,0,0,5.0,86.55,3640.22,0,2682.95
CUST_13589,58,Male,0,No,No,3,Month-to-month,Yes,Credit card (automatic),DSL,Yes,Yes,No,72.7,2,1,4.0,78.65,206.84,0,2003.19
CUST_13590,37,Female,0,Yes,No,11,Month-to-month,No,Credit card (automatic),DSL,Yes,Yes,No,149.8,1,1,4.0,72.08,807.96,0,2304.55
CUST_13591,56,Female,0,No,No,15,One year,Yes,Mailed check,Fiber optic,No,No,No,433.8,1,0,4.0,80.97,1227.8,0,2579.1
CUST_13592,50,Male,0,Yes,Yes,39,One year,No,Electronic check,DSL,No,No,No,141.1,1,1,5.0,53.54,2101.6,0,1819.89
CUST_13593,72,Male,1,Yes,No,3,Month-to-month,Yes,Electronic check,Fiber optic,Yes,Yes,No,385.4,0,0,5.0,110.44,312.86,0,3036.99
CUST_13594,23,Male,0,Yes,No,56,One year,No,Credit card (automatic),Fiber optic,No,Yes,Yes,532.0,2,0,4.0,116.03,6504.66,0,3839.77
CUST_13595,58,Male,0,Yes,Yes,25,One year,No,Bank transfer (automatic),No,No internet service,No internet service,No internet service,14.9,1,0,5.0,18.54,502.59,0,1126.15
CUST_13596,57,Female,0,No,No,18,Month-to-month,No,Electronic check,No,No internet service,No internet service,No internet service,21.0,3,4,2.0,19.73,338.34,1,255.11
CUST_13597,29,Female,0,No,No,39,One year,Yes,Mailed check,Fiber optic,No,No,No,629.2,1,0,4.0,88.4,3444.66,0,3081.04
CUST_13598,55,Female,0,Yes,No,46,One year,Yes,Credit card (automatic),Fiber optic,No,No,No,269.6,1,0,5.0,77.8,3579.25,0,2674.46
CUST_13599,46,Female,0,Yes,No,27,Month-to-month,No,Mailed check,DSL,No,No,Yes,100.7,2,0,5.0,67.76,1826.82,0,1888.38
CUST_13600,39,Female,0,No,No,3,Month-to-month,Yes,Bank transfer (automatic),DSL,No,No,No,39.8,0,0,5.0,46.52,105.36,0,1265.04
CUST_13601,31,Female,0,No,No,21,One year,Yes,Electronic check,Fiber optic,No,No,No,435.0,4,1,3.0,82.06,1701.66,1,1218.4
CUST_13602,33,Male,0,No,No,42,Two year,No,Bank transfer (automatic),Fiber optic,Yes,Yes,No,310.9,3,0,3.0,106.33,4479.07,0,3229.17
CUST_13603,69,Male,1,Yes,Yes,23,Month-to-month,Yes,Mailed check,Fiber optic,No,No,No,340.7,0,0,5.0,82.88,1880.3,0,2710.45
CUST_13604,42,Male,0,No,No,13,Month-to-month,Yes,Mailed check,Fiber optic,Yes,No,No,597.3,3,0,4.0,87.21,1136.32,1,1311.76
CUST_13605,52,Male,0,No,No,22,One year,No,Bank transfer (automatic),No,No internet service,No internet service,No internet service,18.3,0,1,5.0,18.5,399.43,0,758.97
CUST_13606,32,Female,0,Yes,No,15,Two year,Yes,Mailed check,Fiber optic,No,Yes,No,246.9,0,0,5.0,96.56,1465.98,0,2750.29
CUST_13607,32,Female,0,Yes,No,39,Month-to-month,Yes,Mailed check,DSL,No,No,No,104.1,1,0,4.0,49.09,1921.15,0,1868.43
CUST_13608,56,Male,0,Yes,No,45,Month-to-month,No,Electronic check,Fiber optic,No,Yes,No,262.3,0,3,4.0,89.67,4026.17,0,3047.31
CUST_13609,24,Female,0,Yes,Yes,5,Month-to-month,No,Credit card (automatic),No,No internet service,No internet service,No internet service,17.1,3,0,4.0,25.4,128.75,1,150.0
CUST_13610,37,Female,0,No,No,36,One year,No,Credit card (automatic),DSL,Yes,Yes,No,128.1,0,1,5.0,77.97,2826.78,0,2333.9
CUST_13611,42,Female,0,Yes,Yes,61,One year,Yes,Mailed check,DSL,No,No,Yes,175.5,0,0,5.0,64.61,3919.96,0,2427.78
CUST_13612,43,Female,0,Yes,Yes,7,One year,No,Electronic check,DSL,No,No,Yes,135.1,0,1,5.0,69.16,510.5,0,2026.82
CUST_13613,40,Male,0,Yes,Yes,55,One year,No,Electronic check,Fiber optic,Yes,Yes,No,321.0,1,2,4.0,102.2,5645.07,0,3266.22
CUST_13614,47,Female,0,Yes,Yes,53,One year,No,Credit card (automatic),Fiber optic,Yes,Yes,No,386.2,0,0,5.0,107.24,5637.46,0,3502.94
CUST_13615,51,Male,0,No,No,48,Two year,Yes,Credit card (automatic),DSL,Yes,No,Yes,76.1,0,0,5.0,80.49,3832.12,0,2599.47
CUST_13616,52,Male,0,Yes,No,16,Month-to-month,Yes,Electronic check,Fiber optic,No,Yes,Yes,298.9,0,1,4.0,111.71,1747.91,0,3085.69
CUST_13617,29,Female,0,No,No,27,Month-to-month,No,Bank transfer (automatic),No,No internet service,No internet service,No internet service,15.6,4,0,,21.36,592.09,0,967.45
CUST_13618,38,Female,0,Yes,No,17,Month-to-month,Yes,Bank transfer (automatic),Fiber optic,Yes,Yes,No,541.6,3,0,4.0,110.91,1874.07,0,3274.5
CUST_13619,58,Female,0,No,No,45,Month-to-month,Yes,Electronic check,No,No internet service,No internet service,No internet service,19.6,3,2,3.0,20.23,900.24,1,630.08
CUST_13620,54,Female,0,No,No,17,One year,Yes,Mailed check,DSL,No,No,Yes,131.0,1,0,4.0,70.7,1222.83,0,1996.64
CUST_13621,24,Male,0,No,No,51,One year,Yes,Bank transfer (automatic),Fiber optic,Yes,No,No,412.8,0,0,5.0,86.22,4391.17,0,3315.04
CUST_13622,47,Male,0,No,No,41,Two year,Yes,Electronic check,DSL,Yes,No,No,169.4,1,1,4.0,57.0,2347.44,0,2030.25
CUST_13623,18,Male,0,No,No,35,One year,No,Electronic check,Fiber optic,Yes,No,No,343.7,1,1,5.0,92.66,3210.2,0,3178.69
CUST_13624,43,Female,0,Yes,Yes,37,One year,No,Electronic check,No,No internet service,No internet service,No internet service,20.0,1,1,4.0,20.37,740.31,0,1030.36
CUST_13625,67,Male,1,No,No,6,Month-to-month,Yes,Credit card (automatic),DSL,No,Yes,Yes,103.6,5,0,2.0,88.04,580.59,1,883.32
CUST_13626,30,Male,0,No,No,16,One year,No,Bank transfer (automatic),Fiber optic,No,Yes,No,390.6,0,0,5.0,87.26,1370.58,0,2786.42
CUST_13627,31,Female,0,No,No,3,One year,Yes,Mailed check,DSL,Yes,Yes,Yes,166.2,1,0,5.0,102.15,311.26,0,2744.92
CUST_13628,52,Male,0,Yes,No,29,Month-to-month,Yes,Bank transfer (automatic),DSL,No,No,Yes,163.0,1,0,4.0,71.99,2055.95,0,2281.15
CUST_13629,22,Female,0,Yes,Yes,59,One year,Yes,Credit card (automatic),Fiber optic,No,No,No,136.5,5,0,2.0,83.53,4918.06,0,2903.05
CUST_13630,34,Male,0,No,No,14,Two year,Yes,Electronic check,Fiber optic,Yes,Yes,Yes,380.7,0,4,3.0,126.88,1788.07,0,3634.27
CUST_13631,50,Male,0,Yes,No,20,Month-to-month,Yes,Electronic check,DSL,No,Yes,Yes,151.3,7,3,1.0,88.39,1744.79,1,1121.4
CUST_13632,34,Female,0,Yes,Yes,8,Month-to-month,No,Electronic check,DSL,No,No,No,101.2,2,2,4.0,53.32,431.83,1,777.0
CUST_13633,39,Male,0,Yes,No,7,Month-to-month,No,Credit card (automatic),DSL,No,No,Yes,161.2,2,0,5.0,77.58,550.11,0,1985.57
CUST_13634,52,Female,0,No,No,31,Month-to-month,Yes,Mailed check,DSL,No,Yes,Yes,77.3,4,0,4.0,91.66,2861.32,0,2604.73
CUST_13635,47,Female,0,No,No,7,Month-to-month,Yes,Credit card (automatic),Fiber optic,Yes,No,No,244.2,2,0,4.0,92.42,608.31,1,934.37
CUST_13636,45,Male,0,No,No,33,Two year,Yes,Electronic check,DSL,No,No,Yes,5.0,0,1,5.0,70.91,2326.8,0,2403.28
CUST_13637,38,Male,0,Yes,Yes,16,One year,No,Mailed check,DSL,Yes,Yes,No,104.9,0,1,5.0,71.52,1137.68,0,1711.58
CUST_13638,47,Female,0,Yes,No,61,One year,Yes,Electronic check,Fiber optic,Yes,No,Yes,87.5,3,2,3.0,106.66,6484.61,0,3370.42
CUST_13639,40,Female,0,Yes,No,31,Month-to-month,No,Mailed check,Fiber optic,No,No,No,496.9,4,1,3.0,69.2,2154.72,1,1284.46
CUST_13640,48,Female,0,No,No,32,One year,Yes,Electronic check,No,No internet service,No internet service,No internet service,25.3,1,3,3.0,18.5,569.13,0,807.25
CUST_13641,36,Female,0,No,No,21,One year,Yes,Mailed check,Fiber optic,Yes,No,No,236.6,0,0,5.0,89.35,1898.26,0,2320.35
CUST_13642,40,Male,0,Yes,Yes,36,One year,No,Credit card (automatic),DSL,No,No,Yes,112.1,2,0,3.0,61.98,2183.68,0,1926.57
CUST_13643,29,Male,0,No,No,19,Month-to-month,Yes,Credit card (automatic),DSL,No,No,No,124.5,2,1,3.0,43.77,853.11,0,1463.86
CUST_13644,42,Male,0,No,No,59,Two year,No,Electronic check,No,No internet service,No internet service,No internet service,10.5,1,2,5.0,21.74,1248.07,0,1106.02
CUST_13645,31,Female,0,Yes,No,2,Month-to-month,No,Bank transfer (automatic),DSL,No,Yes,No,137.2,1,2,4.0,60.21,124.28,0,1793.67
CUST_13646,28,Male,0,Yes,Yes,2,Month-to-month,No,Credit card (automatic),DSL,Yes,No,No,112.9,2,0,5.0,61.94,146.4,0,1483.95
CUST_13647,45,Female,0,No,No,15,Month-to-month,No,Electronic check,Fiber optic,No,No,No,183.9,2,5,3.0,79.01,1192.17,1,762.71
CUST_13648,45,Male,0,Yes,Yes,50,Month-to-month,No,Bank transfer (automatic),DSL,No,No,No,137.1,4,0,3.0,49.15,2419.66,0,2161.76
CUST_13649,52,Male,0,No,No,16,Month-to-month,Yes,Bank transfer (automatic),Fiber optic,No,No,Yes,413.9,2,0,4.0,101.22,1671.0,1,1478.34
CUST_13650,36,Male,0,Yes,No,35,Two year,No,Electronic check,Fiber optic,No,Yes,No,98.7,0,2,4.0,94.03,3229.74,0,2873.75
CUST_13651,47,Female,0,No,No,13,One year,No,Electronic check,Fiber optic,Yes,Yes,No,348.2,0,1,5.0,105.81,1358.59,0,3333.65
CUST_13652,49,Female,0,No,No,8,Month-to-month,Yes,Electronic check,No,No internet service,No internet service,No internet service,12.8,1,0,4.0,18.5,132.77,0,328.78
CUST_13653,48,Female,0,No,No,5,Month-to-month,Yes,Bank transfer (automatic),Fiber optic,Yes,No,Yes,383.9,2,0,5.0,112.11,526.99,0,3268.8
CUST_13654,31,Male,0,No,No,48,Month-to-month,Yes,Electronic check,Fiber optic,No,No,No,513.2,1,1,4.0,82.64,4010.39,0,2734.58
CUST_13655,44,Female,0,No,No,37,Month-to-month,Yes,Electronic check,DSL,No,Yes,Yes,169.0,4,1,2.0,85.89,3159.81,0,2475.99
CUST_13656,47,Female,0,No,No,39,Month-to-month,Yes,Bank transfer (automatic),DSL,Yes,Yes,No,163.2,0,1,4.0,78.9,3051.62,0,2664.04
CUST_13657,42,Female,0,Yes,Yes,29,One year,Yes,Mailed check,DSL,Yes,Yes,Yes,126.1,1,0,4.0,102.43,2932.94,0,2958.03
CUST_13658,18,Male,0,Yes,Yes,63,One year,No,Electronic check,DSL,No,No,No,108.9,1,0,4.0,49.39,3142.89,0,1698.2
CUST_13659,44,Female,0,No,No,32,Month-to-month,Yes,Mailed check,Fiber optic,No,Yes,No,98.7,3,0,4.0,96.24,3092.98,1,1186.68
CUST_13660,71,Male,1,No,No,4,Two year,No,Credit card (automatic),DSL,No,No,No,153.8,1,0,4.0,49.29,205.21,0,1209.43
CUST_13661,37,Male,0,Yes,Yes,34,Month-to-month,No,Electronic check,Fiber optic,No,No,No,467.8,1,3,3.0,77.28,2655.58,1,1562.54
CUST_13662,33,Male,0,Yes,Yes,9,One year,Yes,Electronic check,DSL,No,No,No,49.9,0,1,4.0,50.41,504.43,0,1406.32
CUST_13663,47,Female,0,No,No,30,Month-to-month,Yes,Electronic check,DSL,No,No,No,139.2,3,0,5.0,49.55,1473.31,1,973.09
CUST_13664,46,Female,0,Yes,Yes,60,One year,Yes,Electronic check,Fiber optic,Yes,No,No,475.8,1,0,4.0,91.95,5518.51,0,3188.09
CUST_13665,58,Female,0,No,No,29,One year,No,Bank transfer (automatic),Fiber optic,No,No,No,242.7,0,1,4.0,72.08,2078.65,0,2209.53
CUST_13666,26,Female,0,No,No,49,Month-to-month,No,Credit card (automatic),Fiber optic,Yes,Yes,Yes,447.4,2,0,4.0,123.47,6054.83,0,4014.18
CUST_13667,52,Female,0,No,No,30,Month-to-month,No,Bank transfer (automatic),Fiber optic,No,No,Yes,208.2,2,1,4.0,95.25,2808.97,1,1369.77
CUST_13668,50,Male,0,Yes,No,35,Month-to-month,No,Mailed check,DSL,No,Yes,No,100.6,4,0,2.0,65.16,2258.91,1,1212.72
CUST_13669,40,Female,0,Yes,Yes,54,One year,Yes,Mailed check,No,No internet service,No internet service,No internet service,8.9,1,1,4.0,23.37,1247.7,0,1074.48
CUST_13670,46,Male,0,Yes,No,38,One year,Yes,Electronic check,DSL,No,Yes,No,154.1,1,1,4.0,65.6,2512.98,0,1973.83
CUST_13671,55,Female,0,Yes,No,69,Two year,Yes,Electronic check,Fiber optic,No,Yes,Yes,449.1,3,1,3.0,113.58,7815.67,0,3999.01
CUST_13672,53,Male,0,No,No,8,Month-to-month,Yes,Credit card (automatic),No,No internet service,No internet service,No internet service,12.2,3,0,4.0,23.36,222.54,0,884.36
CUST_13673,27,Male,0,No,No,45,One year,Yes,Mailed check,DSL,Yes,No,No,67.6,1,0,4.0,57.5,2567.73,0,1744.55
CUST_13674,53,Male,0,Yes,Yes,8,One year,No,Electronic check,DSL,No,No,No,230.9,0,0,5.0,48.82,406.54,0,1293.3
CUST_13675,41,Male,0,Yes,Yes,6,Month-to-month,Yes,Electronic check,Fiber optic,No,No,Yes,359.3,3,4,2.0,102.42,613.51,1,1153.9
CUST_13676,43,Male,0,Yes,Yes,45,Two year,Yes,Mailed check,Fiber optic,No,No,Yes,343.6,0,0,4.0,100.65,4519.58,0,3243.65
CUST_13677,43,Male,0,No,No,13,Two year,No,Credit card (automatic),DSL,No,No,No,86.8,1,0,5.0,50.79,649.54,0,1589.71
CUST_13678,40,Female,0,Yes,Yes,27,Month-to-month,No,Mailed check,Fiber optic,No,No,No,230.5,1,0,5.0,77.5,2108.31,0,2219.77
CUST_13679,57,Male,0,No,No,2,Month-to-month,Yes,Credit card (automatic),DSL,Yes,No,No,142.5,1,0,5.0,62.85,112.97,0,1599.96
CUST_13680,41,Female,0,No,No,12,Two year,No,Bank transfer (automatic),Fiber optic,No,No,Yes,393.3,1,1,5.0,96.98,1187.08,0,2696.93
CUST_13681,27,Female,0,No,No,6,Month-to-month,Yes,Electronic check,DSL,Yes,Yes,Yes,98.2,4,2,3.0,93.82,563.22,1,1030.2
CUST_13682,37,Female,0,No,No,4,Month-to-month,No,Credit card (automatic),Fiber optic,No,Yes,Yes,452.1,2,0,5.0,115.12,478.12,1,1444.92
CUST_13683,44,Female,0,Yes,No,36,One year,No,Electronic check,DSL,Yes,No,No,111.0,1,3,4.0,54.88,1938.74,1,1154.5
CUST_13684,58,Female,0,No,No,29,Month-to-month,Yes,Electronic check,DSL,No,No,Yes,146.8,3,2,3.0,75.99,2161.26,1,1222.34
CUST_13685,50,Female,0,Yes,Yes,31,Two year,No,Credit card (automatic),DSL,No,No,No,136.5,3,0,4.0,48.92,1502.18,1,1070.46
CUST_13686,31,Female,0,No,No,0,Month-to-month,No,Electronic check,Fiber optic,Yes,No,Yes,331.0,1,0,5.0,114.22,19.72,1,1171.22
CUST_13687,74,Male,1,Yes,Yes,18,One year,Yes,Mailed check,Fiber optic,No,No,Yes,441.8,1,0,4.0,98.95,1803.09,0,3196.18
CUST_13688,45,Female,0,No,No,25,One year,No,Credit card (automatic),Fiber optic,Yes,No,No,484.8,0,0,5.0,92.05,2315.78,0,2675.65
CUST_13689,59,Male,0,Yes,Yes,20,One year,No,Bank transfer (automatic),Fiber optic,No,No,Yes,474.7,0,1,5.0,102.74,2091.55,0,3322.4
CUST_13690,40,Female,0,No,No,41,One year,No,Electronic check,DSL,Yes,No,No,58.8,1,2,5.0,59.75,2481.12,0,1852.09
CUST_13691,49,Male,0,Yes,Yes,40,Two year,No,Bank transfer (automatic),Fiber optic,Yes,Yes,No,484.1,0,1,4.0,102.74,4079.86,0,3544.84
CUST_13692,53,Male,0,No,No,18,Two year,Yes,Credit card (automatic),Fiber optic,No,No,Yes,411.1,3,1,3.0,95.45,1702.1,0,3014.16
CUST_13693,58,Male,0,No,No,6,Month-to-month,Yes,Mailed check,Fiber optic,No,No,No,425.4,2,1,3.0,82.14,473.83,1,1051.54
CUST_13694,56,Male,0,Yes,Yes,44,One year,Yes,Bank transfer (automatic),Fiber optic,Yes,Yes,Yes,91.5,1,0,5.0,120.81,5317.03,0,3470.12
CUST_13695,53,Female,0,No,No,25,Month-to-month,Yes,Credit card (automatic),DSL,No,No,Yes,58.6,5,1,2.0,68.77,1733.7,1,759.18
CUST_13696,38,Male,0,No,No,30,Month-to-month,No,Credit card (automatic),DSL,No,No,No,109.7,2,0,5.0,44.08,1313.27,0,1367.5
CUST_13697,35,Male,0,Yes,No,0,Month-to-month,Yes,Mailed check,DSL,Yes,Yes,Yes,44.2,3,0,3.0,95.47,44.29,0,2360.53
CUST_13698,46,Male,0,No,No,41,Two year,Yes,Electronic check,Fiber optic,Yes,No,Yes,560.5,0,1,5.0,111.72,4580.58,0,3437.4
CUST_13699,54,Male,0,No,No,46,One year,Yes,Bank transfer (automatic),Fiber optic,No,No,No,245.2,2,1,4.0,77.93,3581.96,0,2861.79
CUST_13700,39,Female,0,No,No,17,One year,Yes,Electronic check,Fiber optic,No,Yes,Yes,205.3,0,3,4.0,115.44,1939.63,1,1423.23
CUST_13701,56,Male,0,Yes,No,38,One year,Yes,Bank transfer (automatic),DSL,No,No,Yes,103.0,1,0,5.0,66.77,2539.5,0,2173.94
CUST_13702,61,Female,0,Yes,Yes,23,Two year,Yes,Mailed check,Fiber optic,No,No,Yes,322.9,0,0,5.0,102.67,2352.02,0,2947.98
CUST_13703,30,Male,0,No,No,47,One year,Yes,Bank transfer (automatic),DSL,Yes,No,No,130.8,1,0,5.0,55.27,2590.47,0,2230.65
CUST_13704,31,Female,0,Yes,Yes,13,Two year,No,Mailed check,Fiber optic,No,No,No,72.0,3,0,3.0,74.94,964.12,0,2111.82
CUST_13705,40,Male,0,No,No,2,Month-to-month,Yes,Credit card (automatic),DSL,No,Yes,No,64.3,0,1,5.0,62.66,163.4,0,1472.64
CUST_13706,46,Female,0,Yes,No,28,Two year,No,Electronic check,Fiber optic,No,No,Yes,279.3,0,0,4.0,108.9,3048.15,0,3144.04
CUST_13707,35,Female,0,Yes,No,0,Month-to-month,Yes,Electronic check,Fiber optic,No,No,Yes,418.7,1,0,5.0,101.96,,1,1346.13
CUST_13708,60,Male,0,No,No,48,Two year,Yes,Credit card (automatic),Fiber optic,No,No,Yes,319.5,2,0,4.0,93.55,4499.83,0,3141.31
CUST_13709,48,Male,0,No,No,21,Month-to-month,Yes,Mailed check,DSL,Yes,Yes,No,127.1,1,1,4.0,76.52,1601.82,0,2116.89
CUST_13710,43,Male,0,No,No,29,One year,No,Mailed check,DSL,No,No,No,166.7,0,0,5.0,47.72,1387.22,0,1750.47
CUST_13711,23,Female,0,Yes,Yes,35,Month-to-month,No,Credit card (automatic),DSL,No,No,Yes,116.6,0,0,5.0,68.37,2387.5,0,2259.93
CUST_13712,25,Female,0,Yes,Yes,45,Month-to-month,Yes,Bank transfer (automatic),Fiber optic,Yes,No,No,408.4,4,1,4.0,87.8,3971.66,0,3034.86
CUST_13713,46,Male,0,Yes,Yes,36,Two year,No,Bank transfer (automatic),DSL,Yes,No,Yes,116.2,0,0,5.0,82.82,2956.4,0,2315.56
CUST_13714,18,Male,0,No,No,45,One year,Yes,Electronic check,DSL,No,No,Yes,175.5,0,1,5.0,69.04,3081.22,0,2217.44
CUST_13715,55,Male,0,No,No,2,Month-to-month,No,Bank transfer (automatic),No,No internet service,No internet service,No internet service,18.5,3,0,3.0,22.53,82.73,1,265.27
CUST_13716,40,Female,0,No,No,56,One year,No,Mailed check,DSL,No,Yes,No,5.0,2,0,4.0,57.78,3236.41,0,1822.17
CUST_13717,80,Male,1,Yes,No,14,Month-to-month,Yes,Mailed check,Fiber optic,No,No,Yes,397.6,0,1,5.0,95.18,1338.31,0,2708.12
CUST_13718,72,Female,1,No,No,29,Month-to-month,No,Credit card (automatic),DSL,No,No,No,201.4,3,0,4.0,48.8,1406.27,0,1669.32
CUST_13719,40,Male,0,Yes,No,31,Month-to-month,Yes,Mailed check,Fiber optic,Yes,No,Yes,499.9,2,1,4.0,113.09,3506.51,0,3547.97
CUST_13720,41,Female,0,No,No,34,Month-to-month,No,Credit card (automatic),DSL,No,Yes,No,99.7,2,0,4.0,66.53,2244.24,0,2026.59
CUST_13721,55,Female,0,Yes,Yes,50,One year,Yes,Credit card (automatic),Fiber optic,No,No,No,445.5,1,1,4.0,74.49,3735.28,0,2746.23
CUST_13722,64,Male,0,No,No,29,Month-to-month,Yes,Bank transfer (automatic),Fiber optic,No,No,No,241.8,3,0,4.0,74.53,2147.15,0,2153.11
CUST_13723,21,Male,0,Yes,No,47,Two year,Yes,Bank transfer (automatic),No,No internet service,No internet service,No internet service,14.0,1,0,4.0,18.5,848.55,0,1019.18
CUST_13724,19,Female,0,Yes,No,48,Two year,Yes,Mailed check,DSL,No,No,No,90.0,0,1,5.0,48.36,2321.45,0,1881.96
CUST_13725,34,Female,0,Yes,Yes,38,One year,No,Electronic check,Fiber optic,No,No,Yes,366.6,0,0,5.0,95.38,3620.98,1,1476.03
CUST_13726,50,Female,0,Yes,No,23,Month-to-month,Yes,Electronic check,DSL,No,No,No,207.2,1,1,5.0,50.36,1140.18,1,827.3
CUST_13727,48,Male,0,Yes,No,28,Month-to-month,No,Electronic check,DSL,No,Yes,Yes,50.0,0,2,5.0,89.05,2462.66,1,1209.11
CUST_13728,56,Female,0,Yes,No,45,Two year,No,Credit card (automatic),DSL,No,Yes,No,150.3,1,0,5.0,69.08,3115.14,0,2400.21
CUST_13729,26,Female,0,Yes,No,9,Month-to-month,Yes,Electronic check,Fiber optic,Yes,No,Yes,262.9,2,2,4.0,107.64,995.83,1,1117.45
CUST_13730,18,Male,0,No,No,44,Two year,Yes,Bank transfer (automatic),DSL,No,No,No,83.1,1,0,4.0,50.63,2263.69,0,1911.52
CUST_13731,53,Male,0,Yes,Yes,0,One year,No,Bank transfer (automatic),Fiber optic,Yes,No,Yes,403.4,1,1,5.0,120.64,11.28,0,3203.06
CUST_13732,31,Male,0,No,No,24,Two year,No,Bank transfer (automatic),DSL,Yes,No,No,121.2,0,0,5.0,58.52,1416.33,0,1877.34
CUST_13733,18,Male,0,Yes,Yes,17,Two year,Yes,Bank transfer (automatic),Fiber optic,No,No,Yes,391.9,1,0,5.0,102.07,1723.76,0,2675.84
CUST_13734,44,Male,0,No,No,54,Two year,Yes,Electronic check,DSL,Yes,No,Yes,117.9,0,2,4.0,79.55,4290.57,0,2768.51
CUST_13735,52,Male,0,No,No,16,Two year,No,Credit card (automatic),DSL,No,No,Yes,113.5,1,0,5.0,66.2,1062.04,0,1951.76
CUST_13736,40,Male,0,Yes,Yes,34,Two year,Yes,Credit card (automatic),Fiber optic,No,No,No,361.8,0,0,4.0,76.77,2619.96,0,2609.16
CUST_13737,36,Male,0,No,No,59,One year,No,Bank transfer (automatic),DSL,Yes,No,Yes,116.0,0,0,5.0,82.18,4851.93,0,2754.14
CUST_13738,40,Female,0,Yes,No,47,Two year,Yes,Credit card (automatic),DSL,Yes,Yes,No,110.1,0,0,5.0,75.96,3576.38,0,2580.2
CUST_13739,37,Male,0,No,No,11,Month-to-month,Yes,Electronic check,Fiber optic,No,Yes,Yes,357.1,2,0,4.0,116.37,1257.76,1,1469.59
CUST_13740,24,Female,0,No,No,39,One year,No,Electronic check,Fiber optic,No,No,Yes,288.7,0,0,5.0,104.44,4043.7,0,3165.41
CUST_13741,33,Female,0,Yes,Yes,37,One year,Yes,Mailed check,Fiber optic,No,Yes,Yes,531.2,1,0,5.0,115.34,4276.04,0,3735.2
CUST_13742,49,Female,0,Yes,Yes,14,One year,Yes,Credit card (automatic),Fiber optic,No,Yes,No,152.4,0,0,5.0,89.55,1260.7,0,2354.43
CUST_13743,46,Female,0,Yes,No,44,One year,Yes,Electronic check,Fiber optic,No,No,No,174.9,1,2,4.0,78.41,3407.79,0,2322.2
CUST_13744,44,Male,0,Yes,Yes,70,Two year,No,Mailed check,DSL,Yes,No,No,186.5,0,0,5.0,56.34,3920.11,0,2303.69
CUST_13745,29,Male,0,No,No,4,Month-to-month,Yes,Electronic check,Fiber optic,No,No,Yes,437.5,2,0,4.0,111.0,432.61,1,1426.07
CUST_13746,40,Male,0,Yes,Yes,34,Two year,Yes,Credit card (automatic),DSL,No,No,Yes,67.4,1,0,3.0,65.84,2217.47,0,2048.4
CUST_13747,18,Male,0,Yes,Yes,60,One year,Yes,Bank transfer (automatic),Fiber optic,No,Yes,Yes,437.6,1,0,5.0,120.25,7211.38,0,4027.85
CUST_13748,44,Female,0,Yes,No,28,Month-to-month,Yes,Mailed check,Fiber optic,No,Yes,No,260.5,2,1,4.0,95.1,2635.39,0,2631.42
CUST_13749,61,Female,0,Yes,Yes,34,Two year,Yes,Credit card (automatic),Fiber optic,No,Yes,Yes,400.8,0,1,5.0,114.34,3893.75,0,3502.78
CUST_13750,23,Male,0,Yes,Yes,15,Month-to-month,No,Electronic check,Fiber optic,No,No,No,346.7,4,1,3.0,84.06,1269.69,1,1198.23
CUST_13751,34,Male,0,No,No,53,Two year,Yes,Mailed check,Fiber optic,No,No,Yes,408.6,1,1,4.0,97.93,5233.01,0,3463.91
CUST_13752,46,Female,0,Yes,Yes,45,One year,Yes,Electronic check,Fiber optic,No,No,No,369.4,0,2,5.0,74.95,3324.15,0,2833.47
CUST_13753,58,Male,0,No,No,42,Two year,Yes,Electronic check,DSL,Yes,No,Yes,84.5,1,2,4.0,79.25,3295.9,0,2524.26
CUST_13754,36,Female,0,Yes,Yes,4,Month-to-month,Yes,Electronic check,Fiber optic,No,No,No,287.4,1,1,5.0,82.4,340.52,1,1070.23
CUST_13755,33,Female,0,Yes,No,22,Month-to-month,Yes,Electronic check,Fiber optic,No,No,No,360.4,2,1,4.0,77.98,1743.38,1,1011.69
CUST_13756,18,Female,0,No,No,31,Two year,Yes,Credit card (automatic),DSL,No,No,Yes,60.8,1,0,4.0,75.82,2353.7,0,2328.53
CUST_13757,43,Female,0,Yes,No,46,Month-to-month,Yes,Mailed check,No,No internet service,No internet service,No internet service,11.8,2,0,4.0,20.57,970.91,0,1110.31
CUST_13758,69,Male,1,Yes,Yes,70,Two year,No,Electronic check,No,No internet service,No internet service,No internet service,13.8,0,0,5.0,26.58,1843.53,0,1619.69
CUST_13759,46,Male,0,No,No,39,Two year,No,Bank transfer (automatic),DSL,Yes,No,No,120.9,1,0,4.0,59.33,2293.55,0,1918.64
CUST_13760,42,Female,0,No,No,26,Month-to-month,Yes,Bank transfer (automatic),Fiber optic,Yes,Yes,Yes,273.3,1,0,5.0,128.0,3329.63,0,3664.89
CUST_13761,46,Male,0,Yes,Yes,14,Month-to-month,No,Credit card (automatic),DSL,No,No,No,151.6,0,0,5.0,45.79,618.85,0,1210.48
CUST_13762,42,Male,0,No,No,67,Month-to-month,Yes,Mailed check,Fiber optic,No,No,Yes,161.4,1,0,5.0,97.5,6520.66,0,3219.04
CUST_13763,31,Female,0,No,No,22,Month-to-month,Yes,Bank transfer (automatic),Fiber optic,No,No,Yes,352.4,3,1,3.0,102.7,2263.03,0,2897.67
CUST_13764,53,Female,0,Yes,Yes,23,Month-to-month,Yes,Mailed check,Fiber optic,No,Yes,Yes,423.0,3,0,4.0,117.24,2693.02,0,3164.85
CUST_13765,45,Male,0,Yes,No,0,Month-to-month,Yes,Electronic check,DSL,No,Yes,Yes,247.5,4,0,3.0,86.72,0.0,0,2343.74
CUST_13766,42,Male,0,Yes,Yes,1,Two year,Yes,Mailed check,Fiber optic,No,Yes,Yes,186.4,0,0,4.0,112.9,112.74,0,2817.36
CUST_13767,29,Male,0,Yes,Yes,18,Month-to-month,No,Mailed check,Fiber optic,No,No,No,106.9,2,0,5.0,80.7,1496.81,0,2322.81
CUST_13768,59,Female,0,No,No,7,Month-to-month,Yes,Mailed check,Fiber optic,Yes,No,Yes,469.9,0,1,5.0,112.04,807.75,0,3116.45
CUST_13769,51,Male,0,No,No,43,One year,Yes,Bank transfer (automatic),Fiber optic,No,Yes,No,403.8,2,3,3.0,91.23,3960.77,0,2970.18
CUST_13770,35,Female,0,No,No,50,Month-to-month,No,Mailed check,Fiber optic,Yes,Yes,Yes,393.0,1,0,5.0,128.0,6362.42,0,3954.01
CUST_13771,55,Female,0,Yes,No,30,One year,Yes,Credit card (automatic),Fiber optic,No,No,Yes,108.5,0,2,5.0,98.91,3026.35,1,1378.36
CUST_13772,36,Male,0,Yes,No,32,Month-to-month,Yes,Credit card (automatic),No,No internet service,No internet service,No internet service,13.8,4,0,3.0,21.93,734.38,1,718.77
CUST_13773,32,Female,0,No,No,23,Two year,Yes,Mailed check,DSL,Yes,No,No,130.5,0,0,5.0,56.21,1330.72,0,1618.92
CUST_13774,32,Female,0,Yes,Yes,49,Two year,Yes,Mailed check,DSL,No,No,No,62.6,1,1,4.0,46.63,2278.46,0,1817.72
CUST_13775,19,Female,0,No,No,20,Month-to-month,No,Mailed check,Fiber optic,Yes,No,No,170.4,2,0,3.0,91.66,1825.4,1,1373.35
CUST_13776,48,Female,0,No,No,17,One year,Yes,Mailed check,DSL,No,Yes,No,92.1,1,0,5.0,57.62,1002.68,0,1705.0
CUST_13777,18,Male,0,No,No,37,Two year,No,Credit card (automatic),Fiber optic,No,Yes,Yes,246.8,0,0,5.0,115.5,4244.16,0,3411.0
CUST_13778,26,Female,0,Yes,No,11,One year,Yes,Electronic check,DSL,Yes,No,Yes,146.9,1,1,4.0,76.27,860.12,0,2198.28
CUST_13779,18,Female,0,Yes,No,62,One year,Yes,Mailed check,Fiber optic,Yes,No,Yes,287.1,1,0,4.0,114.15,7099.47,0,3778.67
CUST_13780,41,Female,0,No,No,18,Month-to-month,Yes,Electronic check,Fiber optic,Yes,No,No,224.9,3,1,3.0,92.39,1640.79,1,1125.35
CUST_13781,40,Female,0,No,No,62,One year,Yes,Bank transfer (automatic),Fiber optic,No,No,Yes,610.2,2,0,5.0,92.22,5726.91,0,3451.46
CUST_13782,38,Male,0,No,No,10,Month-to-month,Yes,Electronic check,Fiber optic,Yes,No,No,421.6,2,1,4.0,88.68,844.88,1,1130.55
CUST_13783,28,Female,0,Yes,Yes,47,One year,Yes,Credit card (automatic),No,No internet service,No internet service,No internet service,17.2,2,1,4.0,18.5,898.22,0,959.61
CUST_13784,27,Male,0,No,No,29,One year,Yes,Mailed check,Fiber optic,Yes,Yes,No,231.2,0,1,5.0,108.79,3162.59,0,3247.62
CUST_13785,48,Female,0,No,No,64,Month-to-month,Yes,Credit card (automatic),DSL,Yes,Yes,No,74.9,3,0,4.0,67.89,4353.33,0,2659.09
CUST_13786,35,Female,0,Yes,No,56,One year,No,Credit card (automatic),Fiber optic,Yes,No,No,310.9,0,0,5.0,82.28,4623.87,0,2928.83
CUST_13787,46,Male,0,No,No,50,Month-to-month,Yes,Bank transfer (automatic),Fiber optic,No,Yes,No,510.8,0,1,4.0,98.08,4875.3,0,3539.41
CUST_13788,30,Male,0,No,No,32,Month-to-month,No,Bank transfer (automatic),DSL,No,Yes,No,72.0,1,0,5.0,64.43,2083.18,0,2079.36
CUST_13789,44,Female,0,Yes,No,1,Month-to-month,No,Electronic check,Fiber optic,No,No,No,113.6,2,0,4.0,81.67,77.85,1,754.0
CUST_13790,59,Male,0,Yes,Yes,52,Two year,Yes,Credit card (automatic),Fiber optic,Yes,No,No,148.1,1,1,5.0,91.24,4722.56,0,2804.78
CUST_13791,50,Female,0,No,No,9,Two year,Yes,Bank transfer (automatic),Fiber optic,No,Yes,Yes,121.5,0,0,5.0,120.34,1109.0,0,3163.29
CUST_13792,37,Male,0,Yes,Yes,48,One year,Yes,Electronic check,Fiber optic,No,No,No,262.0,1,2,4.0,72.08,3437.54,0,2659.44
CUST_13793,45,Male,0,No,No,4,Month-to-month,Yes,Mailed check,Fiber optic,Yes,No,Yes,497.8,1,0,5.0,106.14,414.77,0,2775.15
CUST_13794,39,Male,0,Yes,No,15,Two year,Yes,Electronic check,Fiber optic,No,No,No,111.1,2,0,4.0,80.08,1163.63,0,2125.36
CUST_13795,42,Male,0,Yes,Yes,55,Month-to-month,Yes,Bank transfer (automatic),DSL,Yes,No,No,116.1,2,0,5.0,58.18,3166.48,1,1278.09
CUST_13796,38,Female,0,No,No,61,Month-to-month,Yes,Electronic check,Fiber optic,No,No,No,266.6,4,1,3.0,79.58,4817.3,1,1769.18
CUST_13797,40,Male,0,No,No,37,One year,Yes,Bank transfer (automatic),DSL,No,No,Yes,112.0,1,1,4.0,71.63,2674.17,0,2430.48
CUST_13798,45,Female,0,Yes,Yes,23,Month-to-month,Yes,Bank transfer (automatic),DSL,No,No,Yes,93.7,2,1,4.0,75.85,1718.56,0,2147.58
CUST_13799,29,Female,0,No,No,29,One year,Yes,Electronic check,DSL,No,No,Yes,27.5,0,6,3.0,72.44,2095.18,0,1917.33
CUST_13800,29,Female,0,Yes,Yes,64,Two year,Yes,Credit card (automatic),DSL,No,Yes,No,99.0,1,0,4.0,62.89,4006.97,0,2120.64
CUST_13801,24,Female,0,Yes,Yes,18,One year,No,Bank transfer (automatic),Fiber optic,No,Yes,No,464.6,0,0,5.0,96.31,1747.47,0,3273.3
CUST_13802,21,Male,0,Yes,Yes,41,One year,No,Mailed check,Fiber optic,No,No,Yes,371.8,0,0,5.0,96.19,3950.69,0,3157.27
CUST_13803,26,Male,0,Yes,No,24,Month-to-month,Yes,Credit card (automatic),DSL,No,No,No,108.1,1,0,4.0,39.52,912.0,0,1327.12
CUST_13804,44,Male,0,No,No,53,One year,No,Credit card (automatic),DSL,No,No,Yes,150.4,0,0,5.0,69.92,3725.47,0,2347.89
CUST_13805,30,Female,0,No,No,56,Two year,Yes,Bank transfer (automatic),DSL,Yes,Yes,No,110.9,0,1,5.0,83.67,4700.13,0,2947.47
CUST_13806,49,Female,0,No,No,57,One year,Yes,Electronic check,DSL,Yes,No,Yes,88.9,0,2,4.0,84.65,4798.2,0,2690.29
CUST_13807,42,Male,0,No,No,49,One year,Yes,Mailed check,DSL,Yes,No,Yes,85.4,1,0,5.0,76.16,3757.26,0,2669.89
CUST_13808,18,Female,0,Yes,No,24,Month-to-month,Yes,Credit card (automatic),DSL,Yes,No,Yes,109.1,7,0,2.0,82.39,1964.2,0,2531.13
CUST_13809,51,Male,0,No,No,41,One year,No,Bank transfer (automatic),Fiber optic,No,No,Yes,522.8,1,0,5.0,109.02,4440.5,0,3602.4
CUST_13810,53,Male,0,No,No,6,Month-to-month,No,Mailed check,Fiber optic,Yes,No,No,220.4,1,0,4.0,89.7,548.93,0,2504.62
CUST_13811,29,Male,0,No,No,69,One year,No,Credit card (automatic),DSL,Yes,Yes,No,76.4,1,0,5.0,74.1,5135.91,0,2577.15
CUST_13812,47,Male,0,No,No,46,Two year,Yes,Electronic check,DSL,Yes,Yes,No,158.4,0,1,4.0,70.87,3282.02,0,2411.26
CUST_13813,31,Male,0,No,No,11,Month-to-month,Yes,Electronic check,Fiber optic,No,No,No,372.0,3,2,4.0,77.04,805.51,1,892.8
CUST_13814,43,Female,0,Yes,No,58,Two year,Yes,Credit card (automatic),Fiber optic,No,Yes,Yes,531.4,0,0,5.0,109.55,6379.88,0,3723.91
CUST_13815,26,Male,0,No,No,15,Two year,No,Electronic check,DSL,No,No,Yes,181.5,3,2,3.0,67.92,1068.01,0,1709.39
CUST_13816,19,Female,0,No,No,23,Two year,Yes,Electronic check,No,No internet service,No internet service,No internet service,19.4,2,0,4.0,28.37,614.94,0,686.42
CUST_13817,37,Female,0,No,No,45,One year,No,Credit card (automatic),DSL,No,No,Yes,153.3,0,0,5.0,64.73,2924.45,0,2124.5
CUST_13818,40,Female,0,Yes,No,49,Two year,Yes,Bank transfer (automatic),Fiber optic,No,No,No,360.0,1,0,5.0,79.94,3916.67,0,2665.2
CUST_13819,37,Male,0,No,No,38,Two year,No,Bank transfer (automatic),DSL,Yes,No,No,43.7,1,0,4.0,68.05,2600.3,0,2147.25
CUST_13820,27,Female,0,No,No,9,Month-to-month,Yes,Bank transfer (automatic),No,No internet service,No internet service,No internet service,10.4,1,0,5.0,21.48,179.01,1,356.71
CUST_13821,37,Female,0,Yes,Yes,6,One year,No,Electronic check,DSL,No,Yes,Yes,87.6,0,1,5.0,89.71,540.15,0,2364.31
CUST_13822,46,Female,0,No,No,17,Month-to-month,Yes,Mailed check,Fiber optic,Yes,No,Yes,480.5,3,2,3.0,109.0,1858.89,1,1488.08
CUST_13823,41,Male,0,Yes,Yes,54,Two year,No,Bank transfer (automatic),DSL,No,Yes,No,193.9,1,1,4.0,59.5,3187.74,0,2451.86
CUST_13824,44,Male,0,Yes,Yes,42,Month-to-month,No,Electronic check,DSL,Yes,No,Yes,120.3,5,0,4.0,82.37,3484.78,0,2661.97
CUST_13825,33,Male,0,Yes,No,8,Month-to-month,No,Credit card (automatic),Fiber optic,Yes,No,Yes,379.4,2,0,4.0,108.98,856.04,1,1320.08
CUST_13826,57,Male,0,No,No,57,Month-to-month,Yes,Electronic check,No,No internet service,No internet service,No internet service,11.8,3,3,2.0,18.5,1069.5,1,1021.66
CUST_13827,27,Female,0,Yes,No,51,One year,No,Electronic check,No,No internet service,No internet service,No internet service,13.6,1,0,5.0,21.33,1102.67,0,1186.07
CUST_13828,48,Female,0,No,No,38,Month-to-month,No,Electronic check,Fiber optic,Yes,No,No,296.9,3,1,4.0,95.39,3641.55,0,3063.04
CUST_13829,57,Male,0,Yes,Yes,62,One year,Yes,Mailed check,Fiber optic,No,No,No,563.3,1,0,4.0,77.48,4780.6,0,2863.87
CUST_13830,48,Female,0,Yes,Yes,13,Two year,Yes,Credit card (automatic),No,No internet service,No internet service,No internet service,23.2,0,1,5.0,22.93,340.05,0,632.45
CUST_13831,39,Female,0,Yes,Yes,46,Month-to-month,No,Mailed check,DSL,No,No,Yes,63.9,0,1,4.0,77.63,3531.67,0,2535.89
CUST_13832,35,Female,0,Yes,No,16,Month-to-month,Yes,Electronic check,DSL,No,No,No,125.1,1,0,4.0,39.0,595.67,1,611.22
CUST_13833,55,Female,0,No,No,64,Two year,Yes,Electronic check,DSL,No,Yes,No,108.6,0,0,5.0,64.97,4130.89,0,2600.8
CUST_13834,24,Female,0,No,No,21,Month-to-month,Yes,Mailed check,Fiber optic,No,No,No,5.0,1,0,4.0,71.03,1531.2,0,2059.64
CUST_13835,29,Male,0,Yes,No,41,Month-to-month,Yes,Electronic check,No,No internet service,No internet service,No internet service,21.9,2,2,4.0,18.5,782.56,0,1062.65
CUST_13836,37,Female,0,Yes,Yes,13,Month-to-month,Yes,Electronic check,Fiber optic,No,No,Yes,653.0,5,0,3.0,104.54,1353.16,1,1444.59
CUST_13837,58,Male,0,No,No,1,Month-to-month,Yes,Bank transfer (automatic),Fiber optic,No,No,Yes,472.2,2,0,4.0,105.51,124.59,1,1528.31
CUST_13838,47,Female,0,Yes,Yes,55,Two year,No,Credit card (automatic),Fiber optic,Yes,Yes,No,304.5,0,0,5.0,102.4,5651.64,0,3605.69
CUST_13839,29,Female,0,No,No,42,Two year,No,Credit card (automatic),No,No internet service,No internet service,No internet service,21.7,2,1,4.0,18.5,753.39,0,1028.01
CUST_13840,38,Female,0,No,No,4,Two year,No,Credit card (automatic),Fiber optic,Yes,No,Yes,408.0,0,0,5.0,112.66,420.85,0,2974.97
CUST_13841,34,Male,0,Yes,No,32,One year,No,Mailed check,No,No internet service,No internet service,No internet service,25.4,1,0,4.0,27.75,910.99,0,868.06
CUST_13842,33,Female,0,Yes,Yes,5,Two year,Yes,Bank transfer (automatic),DSL,No,Yes,Yes,134.8,0,1,5.0,86.91,417.2,1,816.96
CUST_13843,55,Male,0,No,No,13,Month-to-month,Yes,Bank transfer (automatic),Fiber optic,Yes,Yes,No,350.0,3,0,4.0,109.92,1444.56,0,3017.06
CUST_13844,24,Male,0,Yes,Yes,32,Month-to-month,Yes,Electronic check,DSL,No,No,Yes,117.9,0,0,4.0,71.64,2261.47,0,2341.41
CUST_13845,63,Male,0,Yes,No,6,Month-to-month,No,Mailed check,DSL,No,Yes,Yes,108.2,3,1,4.0,78.52,452.6,0,2226.98
CUST_13846,53,Female,0,Yes,No,10,Month-to-month,Yes,Electronic check,DSL,Yes,Yes,No,143.3,1,1,4.0,77.96,776.55,1,736.39
CUST_13847,56,Female,0,No,No,45,Two year,Yes,Electronic check,No,No internet service,No internet service,No internet service,22.9,0,1,4.0,18.5,887.34,0,950.17
CUST_13848,36,Female,0,No,No,32,Month-to-month,Yes,Electronic check,Fiber optic,Yes,No,Yes,216.9,3,1,4.0,110.83,3533.67,1,1563.03
CUST_13849,40,Male,0,Yes,Yes,60,Two year,Yes,Credit card (automatic),Fiber optic,No,No,No,452.8,2,0,4.0,71.76,4313.29,0,2842.72
CUST_13850,23,Female,0,No,No,51,One year,Yes,Credit card (automatic),DSL,No,No,No,248.4,0,0,4.0,45.08,2296.49,0,2090.94
CUST_13851,35,Male,0,Yes,Yes,21,Month-to-month,No,Mailed check,No,No internet service,No internet service,No internet service,9.8,4,2,2.0,19.47,366.56,1,264.68
CUST_13852,48,Male,0,No,No,70,One year,Yes,Electronic check,Fiber optic,No,No,Yes,464.3,0,1,5.0,94.28,6599.8,0,3691.78
CUST_13853,59,Female,0,Yes,No,61,One year,No,Electronic check,DSL,No,Yes,No,115.7,0,1,5.0,56.13,3423.54,0,2122.16
CUST_13854,28,Female,0,No,No,34,Two year,Yes,Mailed check,DSL,No,No,No,60.0,1,0,4.0,52.12,1790.42,0,2000.77
CUST_13855,37,Male,0,No,No,13,One year,Yes,Bank transfer (automatic),No,No internet service,No internet service,No internet service,5.9,1,1,5.0,18.5,201.98,0,736.74
CUST_13856,40,Female,0,Yes,No,54,One year,No,Credit card (automatic),No,No internet service,No internet service,No internet service,18.8,0,0,5.0,19.4,1041.22,0,1280.19
CUST_13857,24,Female,0,Yes,No,45,Month-to-month,Yes,Electronic check,Fiber optic,Yes,No,No,194.4,1,2,4.0,90.1,4064.88,0,2691.46
CUST_13858,50,Male,0,Yes,No,25,Month-to-month,Yes,Mailed check,Fiber optic,No,No,No,454.5,1,0,5.0,74.5,1880.58,0,2222.72
CUST_13859,33,Female,0,Yes,Yes,29,Month-to-month,Yes,Credit card (automatic),No,No internet service,No internet service,No internet service,15.5,3,1,3.0,26.67,806.86,1,480.71
CUST_13860,39,Male,0,Yes,No,35,One year,Yes,Electronic check,Fiber optic,No,Yes,Yes,583.3,1,1,4.0,118.62,4165.89,0,3656.84
CUST_13861,36,Male,0,No,No,58,Month-to-month,No,Mailed check,No,No internet service,No internet service,No internet service,10.2,2,1,4.0,24.44,1398.05,0,1272.2
CUST_13862,32,Male,0,No,No,54,One year,Yes,Electronic check,Fiber optic,No,Yes,No,225.8,2,0,5.0,96.51,5212.31,0,3004.27
CUST_13863,42,Female,0,Yes,No,42,Two year,No,Electronic check,No,No internet service,No internet service,No internet service,21.1,0,5,4.0,24.37,1005.54,0,1269.75
CUST_13864,39,Female,0,No,No,41,One year,Yes,Credit card (automatic),Fiber optic,No,Yes,No,315.3,2,0,4.0,96.91,3982.21,0,3139.35
CUST_13865,37,Male,0,No,No,21,One year,Yes,Bank transfer (automatic),Fiber optic,No,No,Yes,461.1,0,1,4.0,99.64,2074.24,0,2723.3
CUST_13866,33,Female,0,No,No,13,One year,No,Mailed check,DSL,No,No,No,174.8,0,0,5.0,46.24,624.93,0,1348.47
CUST_13867,46,Female,0,Yes,Yes,25,Month-to-month,Yes,Mailed check,Fiber optic,Yes,No,No,539.5,1,0,5.0,85.86,2131.26,1,1550.55
CUST_13868,63,Female,0,Yes,Yes,61,Two year,Yes,Credit card (automatic),Fiber optic,Yes,No,Yes,194.6,1,1,5.0,109.4,6652.47,0,3486.98
CUST_13869,44,Female,0,No,No,7,Month-to-month,Yes,Electronic check,DSL,No,No,Yes,106.8,1,1,5.0,73.68,515.24,0,1772.42
CUST_13870,55,Female,0,Yes,Yes,42,One year,No,Electronic check,Fiber optic,Yes,Yes,No,137.2,3,3,3.0,100.96,4236.35,1,1328.07
CUST_13871,24,Male,0,No,No,18,Month-to-month,No,Credit card (automatic),DSL,No,No,Yes,174.2,1,0,4.0,73.2,1318.4,0,2139.59
CUST_13872,44,Female,0,No,No,38,One year,Yes,Credit card (automatic),No,No internet service,No internet service,No internet service,14.3,1,1,4.0,20.52,753.94,0,770.41
CUST_13873,28,Female,0,Yes,No,0,Two year,Yes,Bank transfer (automatic),Fiber optic,No,Yes,No,58.8,1,1,5.0,93.19,0.0,0,2263.51
CUST_13874,23,Male,0,Yes,Yes,17,Month-to-month,No,Bank transfer (automatic),DSL,No,Yes,Yes,169.1,1,0,5.0,84.32,1404.58,0,2284.24
CUST_13875,32,Male,0,No,No,31,Month-to-month,Yes,Electronic check,DSL,No,No,No,157.9,4,0,3.0,39.26,1238.06,1,913.56
CUST_13876,57,Female,0,No,No,1,Month-to-month,No,Credit card (automatic),Fiber optic,No,Yes,Yes,228.2,0,0,5.0,111.6,115.74,0,2945.31
CUST_13877,54,Female,0,No,No,67,Month-to-month,No,Mailed check,Fiber optic,Yes,Yes,Yes,326.6,3,0,3.0,126.15,8483.51,0,4430.17
CUST_13878,45,Male,0,Yes,Yes,56,Month-to-month,Yes,Electronic check,DSL,Yes,No,Yes,146.5,2,3,4.0,81.48,4556.01,0,2726.91
CUST_13879,22,Male,0,No,No,14,One year,No,Mailed check,DSL,No,No,Yes,165.6,0,1,4.0,72.09,1019.54,1,1077.85
CUST_13880,39,Male,0,No,No,9,Month-to-month,Yes,Electronic check,No,No internet service,No internet service,No internet service,11.8,3,3,2.0,22.06,170.55,1,399.08
CUST_13881,46,Male,0,No,No,2,One year,No,Electronic check,No,No internet service,No internet service,No internet service,20.3,2,2,3.0,18.5,45.1,1,150.0
CUST_13882,44,Female,0,Yes,Yes,22,Two year,Yes,Electronic check,DSL,No,No,Yes,110.1,1,3,4.0,64.24,1388.75,0,2169.31
CUST_13883,18,Male,0,Yes,No,43,One year,Yes,Electronic check,DSL,No,No,No,137.1,2,1,5.0,50.97,2198.11,0,1897.95
CUST_13884,30,Female,0,Yes,No,18,Two year,No,Electronic check,DSL,No,Yes,No,133.2,0,0,5.0,59.97,1086.51,0,2015.39
CUST_13885,41,Male,0,No,No,2,Month-to-month,Yes,Electronic check,Fiber optic,Yes,No,No,127.2,3,2,2.0,94.74,191.38,1,759.9
CUST_13886,49,Male,0,No,No,32,One year,No,Electronic check,DSL,No,No,No,90.1,1,2,4.0,47.33,1489.36,0,1756.31
CUST_13887,18,Male,0,No,No,14,Month-to-month,No,Electronic check,DSL,No,Yes,No,68.9,1,3,3.0,67.24,946.86,1,537.46
CUST_13888,40,Female,0,No,No,26,Month-to-month,No,Electronic check,DSL,No,Yes,Yes,85.9,3,0,4.0,83.57,2157.86,0,2034.2
CUST_13889,44,Female,0,Yes,No,23,Month-to-month,Yes,Electronic check,No,No internet service,No internet service,No internet service,16.6,1,1,4.0,19.54,476.14,0,1086.8
CUST_13890,53,Male,0,Yes,Yes,21,Month-to-month,No,Mailed check,Fiber optic,No,No,No,254.6,2,0,4.0,81.25,1712.94,0,2572.41
CUST_13891,51,Male,0,Yes,Yes,54,Two year,Yes,Bank transfer (automatic),Fiber optic,Yes,No,No,390.2,0,1,5.0,84.96,4570.4,0,3252.98
CUST_13892,50,Male,0,Yes,Yes,51,Month-to-month,Yes,Electronic check,Fiber optic,Yes,Yes,Yes,214.3,2,3,4.0,124.43,6344.26,1,1820.49
CUST_13893,32,Female,0,No,No,54,Month-to-month,No,Electronic check,Fiber optic,Yes,No,Yes,309.8,3,1,3.0,119.56,6488.31,0,3711.8
CUST_13894,18,Female,0,No,No,33,Two year,No,Credit card (automatic),Fiber optic,No,No,No,531.6,2,0,5.0,76.27,2521.87,0,2792.81
CUST_13895,37,Male,0,Yes,No,3,Month-to-month,No,Mailed check,DSL,No,No,Yes,85.7,1,0,5.0,69.39,219.9,0,1610.87
CUST_13896,55,Female,0,No,No,36,One year,Yes,Bank transfer (automatic),Fiber optic,No,Yes,No,445.0,0,0,5.0,93.06,3313.04,0,2896.4
CUST_13897,60,Male,0,No,No,59,Month-to-month,No,Bank transfer (automatic),Fiber optic,Yes,No,Yes,170.5,1,0,5.0,114.61,6793.74,1,1756.77
CUST_13898,51,Female,0,Yes,No,49,Two year,No,Electronic check,Fiber optic,No,No,Yes,452.1,0,0,5.0,102.81,5009.54,0,3604.54
CUST_13899,48,Male,0,Yes,Yes,35,Month-to-month,Yes,Mailed check,DSL,Yes,Yes,Yes,82.9,0,0,5.0,95.57,3320.58,0,2640.92
CUST_13900,47,Male,0,Yes,Yes,52,Two year,Yes,Bank transfer (automatic),DSL,No,Yes,No,90.1,0,0,5.0,64.69,3366.85,0,2429.76
CUST_13901,35,Male,0,Yes,Yes,50,Two year,Yes,Mailed check,No,No internet service,No internet service,No internet service,20.5,1,1,5.0,18.5,934.04,0,1151.82
CUST_13902,40,Female,0,No,No,54,One year,Yes,Bank transfer (automatic),Fiber optic,Yes,No,No,56.7,0,0,5.0,91.39,4893.0,0,2985.15
CUST_13903,64,Male,0,Yes,No,32,Two year,Yes,Credit card (automatic),Fiber optic,No,No,No,327.5,1,0,4.0,75.7,2444.45,0,2248.58
CUST_13904,30,Female,0,Yes,Yes,50,Month-to-month,Yes,Mailed check,Fiber optic,Yes,Yes,Yes,465.1,3,2,3.0,128.0,6366.77,0,3992.61
CUST_13905,63,Male,0,No,No,9,One year,No,Electronic check,DSL,No,No,Yes,43.1,2,0,4.0,77.79,678.12,0,1983.0
CUST_13906,38,Female,0,No,No,49,One year,Yes,Mailed check,DSL,No,No,No,113.4,0,1,5.0,40.58,2027.97,0,1732.42
CUST_13907,59,Female,0,Yes,No,26,One year,No,Electronic check,Fiber optic,No,Yes,Yes,199.8,2,2,4.0,122.45,3197.67,1,1427.15
CUST_13908,24,Female,0,No,No,21,Two year,Yes,Electronic check,Fiber optic,No,No,Yes,264.9,0,1,5.0,99.2,2065.95,0,3111.19
CUST_13909,50,Female,0,Yes,No,16,One year,Yes,Mailed check,Fiber optic,Yes,No,Yes,362.5,0,0,5.0,116.03,1855.51,0,3251.45
CUST_13910,32,Male,0,Yes,Yes,6,One year,Yes,Electronic check,DSL,No,No,Yes,140.4,1,3,5.0,73.78,428.03,0,2016.96
CUST_13911,24,Female,0,No,No,13,Month-to-month,No,Credit card (automatic),DSL,No,No,Yes,139.8,5,0,4.0,63.25,821.29,1,819.79
CUST_13912,45,Male,0,Yes,Yes,50,Two year,Yes,Bank transfer (automatic),DSL,No,No,No,170.2,2,0,4.0,46.88,2340.1,0,2001.17
CUST_13913,55,Male,0,No,No,64,Two year,Yes,Mailed check,DSL,No,Yes,No,110.0,1,0,4.0,57.18,3670.61,0,2266.39
CUST_13914,31,Female,0,Yes,Yes,13,Two year,No,Electronic check,DSL,No,No,No,94.2,0,2,4.0,42.29,538.77,0,1069.05
CUST_13915,23,Male,0,Yes,No,37,Two year,Yes,Electronic check,DSL,No,No,No,137.0,2,3,4.0,53.75,1974.81,0,1812.76
CUST_13916,41,Female,0,No,No,16,Month-to-month,No,Credit card (automatic),DSL,Yes,No,No,166.0,0,0,5.0,63.36,1021.53,0,1725.55
CUST_13917,41,Female,0,Yes,No,63,One year,Yes,Mailed check,DSL,Yes,Yes,Yes,90.4,2,0,4.0,90.18,5657.03,0,2712.13
CUST_13918,49,Female,0,No,No,58,Two year,No,Electronic check,DSL,No,Yes,No,131.5,3,0,4.0,57.07,3308.5,0,2380.58
CUST_13919,54,Male,0,No,No,6,Month-to-month,Yes,Credit card (automatic),Fiber optic,No,Yes,No,404.3,1,0,5.0,96.98,559.22,0,2979.1
CUST_13920,41,Female,0,No,No,42,One year,Yes,Electronic check,DSL,No,Yes,Yes,121.3,1,0,5.0,88.95,3714.92,0,2726.74
CUST_13921,66,Male,1,No,No,27,Month-to-month,Yes,Mailed check,DSL,No,No,Yes,135.0,3,0,3.0,71.71,1946.58,0,2142.96
CUST_13922,45,Male,0,Yes,No,42,One year,Yes,Credit card (automatic),DSL,No,No,Yes,149.1,0,1,5.0,70.17,2937.95,0,2229.89
CUST_13923,37,Male,0,No,No,27,One year,No,Electronic check,Fiber optic,Yes,Yes,Yes,379.8,0,0,4.0,123.98,3383.44,0,3640.35
CUST_13924,21,Female,0,No,No,10,One year,No,Bank transfer (automatic),DSL,No,No,No,119.2,0,0,3.0,46.99,445.0,0,1575.86
CUST_13925,39,Male,0,No,No,24,Month-to-month,No,Credit card (automatic),No,No internet service,No internet service,No internet service,14.3,1,1,4.0,21.67,541.46,0,1059.84
CUST_13926,38,Male,0,No,No,64,Month-to-month,Yes,Electronic check,DSL,Yes,Yes,No,163.0,2,0,3.0,74.6,4749.63,0,2748.2
CUST_13927,54,Male,0,No,No,30,One year,No,Credit card (automatic),DSL,No,Yes,No,135.2,0,0,4.0,63.17,1828.8,0,1752.87
CUST_13928,48,Male,0,Yes,No,32,Two year,Yes,Mailed check,DSL,Yes,No,No,167.4,0,0,4.0,69.24,2239.57,0,2364.38
CUST_13929,27,Male,0,No,No,2,Month-to-month,Yes,Credit card (automatic),DSL,No,Yes,Yes,124.9,3,1,4.0,83.57,150.38,0,2032.4
CUST_13930,44,Female,0,Yes,Yes,41,Two year,Yes,Electronic check,Fiber optic,No,Yes,No,429.3,1,0,5.0,87.78,3611.85,0,2919.92
CUST_13931,51,Female,0,Yes,No,42,One year,No,Credit card (automatic),DSL,Yes,No,No,143.2,0,1,5.0,60.64,2521.45,0,2167.06
CUST_13932,62,Female,0,No,No,1,One year,Yes,Bank transfer (automatic),Fiber optic,No,Yes,Yes,278.8,0,0,5.0,114.83,101.0,0,2901.03
CUST_13933,54,Female,0,Yes,Yes,21,One year,Yes,Bank transfer (automatic),Fiber optic,Yes,No,No,52.2,0,0,5.0,88.45,1867.67,0,2493.64
CUST_13934,52,Female,0,Yes,Yes,58,Two year,No,Credit card (automatic),Fiber optic,Yes,No,No,148.9,0,1,5.0,88.12,5094.75,0,2936.81
CUST_13935,43,Female,0,Yes,Yes,20,One year,Yes,Mailed check,Fiber optic,Yes,Yes,No,452.7,0,0,5.0,100.54,2044.26,0,2938.97
CUST_13936,47,Female,0,No,No,28,Month-to-month,No,Electronic check,Fiber optic,Yes,No,Yes,418.2,3,1,4.0,112.69,3163.07,0,3460.79
CUST_13937,58,Male,0,Yes,No,36,Two year,No,Electronic check,DSL,No,No,No,120.1,1,2,4.0,52.84,1886.71,0,1726.94
CUST_13938,25,Female,0,No,No,32,One year,Yes,Electronic check,DSL,No,No,Yes,130.4,0,2,5.0,70.9,2264.52,0,2208.04
CUST_13939,37,Male,0,Yes,No,10,Month-to-month,No,Bank transfer (automatic),DSL,Yes,Yes,No,92.1,5,1,2.0,73.28,717.14,1,617.27
CUST_13940,32,Female,0,No,No,20,Month-to-month,Yes,Credit card (automatic),DSL,No,No,Yes,89.5,3,0,4.0,67.77,1365.95,0,2156.34
CUST_13941,47,Male,0,Yes,Yes,20,Month-to-month,Yes,Mailed check,DSL,No,No,No,108.0,1,0,5.0,47.76,975.54,0,1264.48
CUST_13942,58,Male,0,No,No,30,One year,No,Mailed check,Fiber optic,Yes,Yes,Yes,448.4,1,0,5.0,128.0,3865.81,0,3807.23
CUST_13943,34,Female,0,Yes,No,27,One year,No,Credit card (automatic),Fiber optic,No,Yes,Yes,477.4,0,1,4.0,116.36,3142.88,0,3646.85
CUST_13944,18,Female,0,No,No,13,One year,Yes,Electronic check,DSL,No,No,No,133.8,0,2,5.0,48.89,630.58,0,1616.8
CUST_13945,37,Female,0,No,No,56,Month-to-month,Yes,Bank transfer (automatic),DSL,No,No,No,124.2,4,0,3.0,43.28,2464.85,0,1834.39
CUST_13946,54,Female,0,No,No,41,One year,Yes,Electronic check,DSL,No,Yes,No,117.7,1,2,4.0,68.72,2830.28,1,1113.35
CUST_13947,49,Male,0,No,No,50,Month-to-month,No,Electronic check,DSL,Yes,No,No,103.5,2,0,4.0,59.18,2967.23,0,2156.01
CUST_13948,48,Male,0,Yes,Yes,23,One year,No,Bank transfer (automatic),DSL,No,Yes,No,36.9,1,1,5.0,70.72,1617.97,0,1791.22
CUST_13949,38,Female,0,No,No,22,Two year,Yes,Electronic check,DSL,Yes,Yes,No,156.6,0,2,5.0,77.28,1689.95,0,1919.56
CUST_13950,25,Female,0,No,No,43,Two year,No,Electronic check,DSL,No,No,Yes,149.2,2,0,5.0,61.76,2636.16,0,2147.64
CUST_13951,49,Female,0,No,No,8,Month-to-month,No,Bank transfer (automatic),DSL,No,No,Yes,132.4,2,0,5.0,63.74,523.29,0,1779.06
CUST_13952,31,Female,0,No,No,47,One year,Yes,Mailed check,DSL,Yes,No,Yes,146.1,0,1,5.0,83.94,3956.91,0,2736.16
CUST_13953,70,Male,1,No,No,39,One year,Yes,Bank transfer (automatic),DSL,No,No,Yes,194.0,0,1,4.0,66.5,2568.46,0,2282.49
CUST_13954,49,Female,0,No,No,16,Month-to-month,Yes,Credit card (automatic),DSL,No,No,Yes,98.5,2,0,4.0,68.42,1134.86,0,2140.92
CUST_13955,34,Male,0,Yes,No,16,Two year,No,Bank transfer (automatic),DSL,No,Yes,No,133.1,0,0,4.0,61.34,986.99,0,1790.07
CUST_13956,34,Female,0,No,No,33,Month-to-month,Yes,Bank transfer (automatic),DSL,No,No,No,67.9,2,1,4.0,35.43,1193.04,0,1388.32
CUST_13957,41,Female,0,No,No,8,Month-to-month,No,Mailed check,Fiber optic,No,No,Yes,563.1,2,1,4.0,100.82,766.73,1,1356.6
CUST_13958,39,Male,0,No,No,42,Two year,No,Bank transfer (automatic),Fiber optic,No,No,Yes,359.7,1,0,4.0,101.28,4234.81,0,3080.88
CUST_13959,57,Female,0,Yes,Yes,27,Month-to-month,Yes,Electronic check,DSL,No,No,Yes,35.5,0,4,4.0,78.66,2125.07,0,2376.41
CUST_13960,44,Male,0,No,No,54,One year,No,Mailed check,DSL,No,No,No,104.4,0,0,5.0,46.48,2507.04,0,1546.66
CUST_13961,32,Male,0,No,No,17,Month-to-month,Yes,Electronic check,DSL,Yes,No,No,174.5,2,1,3.0,59.36,983.91,0,1510.56
CUST_13962,67,Female,1,Yes,Yes,50,One year,No,Electronic check,DSL,No,Yes,Yes,150.5,0,0,5.0,83.7,4150.35,0,3014.72
CUST_13963,43,Female,0,No,No,2,Month-to-month,No,Bank transfer (automatic),DSL,Yes,Yes,No,189.5,3,0,4.0,85.41,176.85,0,2319.66
CUST_13964,52,Male,0,Yes,Yes,13,Two year,No,Bank transfer (automatic),DSL,Yes,No,Yes,115.4,0,0,4.0,82.94,1042.3,0,2295.9
CUST_13965,34,Male,0,No,No,0,Month-to-month,No,Mailed check,DSL,No,Yes,Yes,154.8,1,0,4.0,83.02,,0,2404.94
CUST_13966,47,Male,0,Yes,Yes,10,One year,Yes,Mailed check,No,No internet service,No internet service,No internet service,17.0,2,1,4.0,20.09,139.65,1,404.15
CUST_13967,46,Female,0,Yes,No,24,Two year,Yes,Mailed check,No,No internet service,No internet service,No internet service,16.8,0,1,5.0,18.9,474.59,0,637.62
CUST_13968,18,Male,0,Yes,Yes,24,One year,No,Bank transfer (automatic),Fiber optic,Yes,No,Yes,230.4,0,0,5.0,110.79,2631.13,0,3058.14
CUST_13969,68,Female,1,No,No,40,One year,Yes,Electronic check,Fiber optic,Yes,Yes,Yes,5.0,0,0,5.0,124.35,4965.3,0,3708.04
CUST_13970,59,Male,0,Yes,No,48,Two year,No,Mailed check,DSL,No,No,Yes,117.7,4,0,4.0,73.36,3507.48,0,2437.8
CUST_13971,37,Male,0,No,No,44,Month-to-month,No,Electronic check,Fiber optic,No,No,No,93.3,2,1,4.0,76.22,3358.81,0,2448.45
CUST_13972,28,Female,0,No,No,15,Month-to-month,Yes,Electronic check,DSL,No,No,No,145.2,3,2,4.0,46.68,659.6,1,492.34
CUST_13973,47,Male,0,No,No,23,One year,Yes,Mailed check,No,No internet service,No internet service,No internet service,12.8,1,1,4.0,20.06,444.53,0,685.28
CUST_13974,43,Female,0,Yes,No,34,One year,Yes,Electronic check,Fiber optic,Yes,No,No,247.5,2,2,3.0,90.29,3059.29,0,2796.32
CUST_13975,47,Male,0,No,No,48,Month-to-month,Yes,Mailed check,DSL,Yes,Yes,Yes,83.7,1,1,5.0,102.11,4902.43,0,3312.11
CUST_13976,44,Female,0,No,No,7,Month-to-month,Yes,Credit card (automatic),Fiber optic,No,No,No,359.5,4,1,4.0,76.68,575.96,1,1277.42
CUST_13977,49,Male,0,Yes,Yes,47,Month-to-month,No,Bank transfer (automatic),DSL,Yes,Yes,No,160.2,2,0,4.0,75.03,3516.98,0,2588.75
CUST_13978,61,Female,0,Yes,No,15,One year,Yes,Credit card (automatic),DSL,Yes,No,No,107.6,1,0,5.0,57.32,863.11,0,1751.77
CUST_13979,49,Male,0,Yes,Yes,58,Two year,Yes,Bank transfer (automatic),No,No internet service,No internet service,No internet service,11.0,0,0,5.0,20.63,1172.54,0,1179.0
CUST_13980,28,Male,0,No,No,45,Two year,Yes,Credit card (automatic),DSL,No,No,No,88.8,0,0,5.0,48.5,2224.81,0,1670.19
CUST_13981,60,Female,0,Yes,No,56,Two year,Yes,Electronic check,Fiber optic,Yes,No,Yes,548.5,1,2,4.0,111.05,6190.49,0,3795.97
CUST_13982,63,Female,0,Yes,No,18,One year,No,Mailed check,DSL,No,Yes,Yes,118.0,0,1,4.0,83.42,1510.25,0,2422.58
CUST_13983,80,Male,1,No,No,29,Month-to-month,Yes,Bank transfer (automatic),DSL,No,No,No,5.1,1,0,5.0,38.13,1134.77,0,1105.95
CUST_13984,27,Female,0,No,No,35,One year,Yes,Credit card (automatic),Fiber optic,Yes,No,No,301.9,0,0,5.0,85.45,2972.66,0,2582.05
CUST_13985,45,Male,0,No,No,53,One year,No,Electronic check,No,No internet service,No internet service,No internet service,7.5,2,1,4.0,18.5,953.06,0,1233.06
CUST_13986,18,Female,0,No,No,28,Month-to-month,Yes,Electronic check,DSL,Yes,No,Yes,94.1,1,0,5.0,85.23,2394.31,0,2186.3
CUST_13987,49,Male,0,Yes,Yes,54,Two year,Yes,Credit card (automatic),DSL,No,No,No,70.5,1,1,4.0,45.79,2490.67,0,1631.28
CUST_13988,35,Female,0,No,No,11,One year,No,Electronic check,Fiber optic,No,No,No,583.6,0,0,5.0,83.93,897.12,0,2617.27
CUST_13989,67,Female,1,Yes,Yes,23,One year,No,Electronic check,Fiber optic,No,No,Yes,389.0,1,3,4.0,99.96,2306.03,1,1806.36
CUST_13990,32,Female,0,No,No,32,Two year,Yes,Mailed check,Fiber optic,No,No,Yes,480.7,1,0,5.0,101.57,3218.14,0,3152.03
CUST_13991,20,Female,0,No,No,25,One year,No,Mailed check,Fiber optic,Yes,Yes,No,581.7,0,1,5.0,106.64,2637.21,1,1743.37
CUST_13992,36,Female,0,Yes,No,2,Month-to-month,Yes,Credit card (automatic),Fiber optic,No,Yes,Yes,385.8,4,0,4.0,110.18,202.69,1,1250.69
CUST_13993,18,Female,0,No,No,14,One year,Yes,Mailed check,DSL,No,Yes,No,227.2,0,0,5.0,64.21,891.45,0,1896.04
CUST_13994,52,Male,0,No,No,17,Two year,No,Mailed check,DSL,No,No,No,55.7,1,0,5.0,42.25,643.43,0,953.38
CUST_13995,18,Male,0,Yes,Yes,39,One year,No,Electronic check,DSL,No,Yes,Yes,179.2,1,2,5.0,88.85,3456.35,0,2986.67
CUST_13996,42,Male,0,No,No,26,One year,Yes,Bank transfer (automatic),Fiber optic,Yes,Yes,No,374.2,0,1,5.0,102.13,2664.66,0,2964.21
CUST_13997,18,Female,0,No,No,39,One year,Yes,Mailed check,No,No internet service,No internet service,No internet service,19.6,1,1,4.0,22.57,891.07,0,846.97
CUST_13998,38,Male,0,No,No,14,One year,Yes,Electronic check,Fiber optic,Yes,Yes,No,332.5,0,1,5.0,102.29,1463.56,0,3271.54
CUST_13999,63,Female,0,No,No,47,One year,No,Credit card (automatic),Fiber optic,Yes,No,Yes,430.2,0,0,5.0,112.96,5264.96,0,3601.34
CUST_14000,47,Male,0,No,No,9,Month-to-month,No,Electronic check,Fiber optic,No,No,Yes,402.0,0,1,4.0,97.54,869.49,1,1481.62
CUST_14001,31,Female,0,Yes,No,55,One year,No,Bank transfer (automatic),DSL,No,No,Yes,116.0,0,0,5.0,74.0,4120.99,0,2388.42
CUST_14002,42,Female,0,Yes,Yes,65,One year,Yes,Credit card (automatic),DSL,No,Yes,Yes,126.0,0,1,5.0,84.85,5524.94,0,3100.83
CUST_14003,42,Female,0,Yes,No,54,Two year,No,Electronic check,DSL,No,No,No,193.8,0,4,4.0,49.83,2684.6,0,2167.31
CUST_14004,48,Male,0,Yes,No,11,One year,No,Electronic check,No,No internet service,No internet service,No internet service,11.2,0,3,4.0,18.5,208.83,0,559.94
CUST_14005,24,Female,0,No,No,34,Month-to-month,Yes,Mailed check,Fiber optic,No,Yes,No,538.9,2,0,5.0,91.53,3120.0,0,3110.68
CUST_14006,50,Male,0,Yes,Yes,56,One year,Yes,Electronic check,Fiber optic,Yes,No,Yes,258.4,0,0,5.0,111.88,6346.16,0,3476.97
CUST_14007,18,Female,0,Yes,Yes,29,Month-to-month,Yes,Bank transfer (automatic),DSL,Yes,No,Yes,148.0,0,0,5.0,82.6,2366.45,0,2624.88
CUST_14008,34,Male,0,Yes,Yes,71,One year,Yes,Electronic check,Fiber optic,No,No,No,343.3,0,0,5.0,73.06,5164.14,0,2918.34
CUST_14009,36,Male,0,No,No,30,One year,Yes,Credit card (automatic),DSL,No,No,No,146.4,0,0,5.0,52.61,1577.61,0,1539.08
CUST_14010,50,Female,0,No,No,58,One year,Yes,Credit card (automatic),Fiber optic,No,No,No,387.2,2,0,4.0,79.52,4616.26,0,3051.45
CUST_14011,42,Female,0,Yes,Yes,20,Two year,Yes,Credit card (automatic),DSL,Yes,Yes,Yes,141.9,1,0,4.0,91.16,1859.91,0,2576.84
CUST_14012,24,Male,0,No,No,49,Two year,No,Electronic check,DSL,No,No,No,146.7,0,0,5.0,46.22,2242.24,0,1871.62
CUST_14013,29,Male,0,Yes,No,19,Month-to-month,Yes,Electronic check,DSL,No,No,No,128.1,2,1,3.0,38.2,688.01,1,422.19
CUST_14014,45,Female,0,No,No,26,One year,No,Electronic check,Fiber optic,No,Yes,Yes,503.1,0,1,4.0,110.83,2841.63,0,3705.21
CUST_14015,41,Male,0,Yes,Yes,51,Month-to-month,No,Bank transfer (automatic),Fiber optic,No,Yes,No,414.1,1,0,5.0,96.94,4903.98,0,3304.76
CUST_14016,34,Male,0,No,No,0,Month-to-month,Yes,Electronic check,DSL,Yes,Yes,No,193.6,1,0,5.0,75.52,0.0,0,1986.9
CUST_14017,36,Female,0,No,No,6,Two year,Yes,Credit card (automatic),Fiber optic,No,No,Yes,322.8,0,0,5.0,95.21,593.61,0,2628.55
CUST_14018,51,Male,0,No,No,30,One year,No,Mailed check,Fiber optic,No,No,No,260.0,1,0,5.0,79.37,2385.06,0,2653.89
CUST_14019,35,Female,0,Yes,No,14,Month-to-month,Yes,Bank transfer (automatic),Fiber optic,Yes,No,No,406.4,3,0,4.0,87.01,1240.07,0,2789.41
CUST_14020,41,Female,0,No,No,17,One year,No,Mailed check,Fiber optic,No,No,No,174.8,0,0,5.0,72.25,1209.43,0,2151.52
CUST_14021,70,Male,1,No,No,1,One year,Yes,Mailed check,DSL,Yes,No,No,165.8,0,0,5.0,61.97,81.7,0,1878.86
CUST_14022,23,Female,0,No,No,51,Two year,Yes,Electronic check,No,No internet service,No internet service,No internet service,13.2,1,1,4.0,18.5,915.21,0,1153.72
CUST_14023,18,Female,0,Yes,Yes,49,Month-to-month,Yes,Electronic check,DSL,Yes,Yes,Yes,158.6,0,2,5.0,94.63,4619.08,1,1500.83
CUST_14024,52,Male,0,Yes,Yes,42,Two year,No,Mailed check,DSL,Yes,No,No,135.3,1,1,4.0,58.71,2485.04,0,1957.12
CUST_14025,33,Male,0,No,No,53,Two year,No,Bank transfer (automatic),Fiber optic,No,No,Yes,344.9,1,1,4.0,102.78,5371.99,0,3456.61
CUST_14026,38,Male,0,Yes,Yes,1,Month-to-month,Yes,Electronic check,DSL,Yes,No,No,133.7,3,2,3.0,63.25,84.2,0,1193.92
CUST_14027,32,Male,0,Yes,Yes,22,One year,Yes,Credit card (automatic),No,No internet service,No internet service,No internet service,7.5,0,0,5.0,19.14,412.0,0,715.74
CUST_14028,39,Male,0,Yes,No,16,Month-to-month,Yes,Credit card (automatic),Fiber optic,No,No,Yes,299.9,0,0,5.0,98.97,1622.81,0,2792.65
CUST_14029,63,Female,0,No,No,23,Month-to-month,Yes,Electronic check,DSL,No,No,No,153.7,2,2,4.0,48.51,1095.64,1,712.34
CUST_14030,52,Female,0,Yes,No,12,One year,Yes,Bank transfer (automatic),No,No internet service,No internet service,No internet service,8.0,1,1,4.0,18.5,214.07,1,307.3
CUST_14031,53,Male,0,No,No,34,Two year,Yes,Mailed check,Fiber optic,No,No,No,422.2,0,0,5.0,77.94,2657.77,0,2719.17
CUST_14032,24,Female,0,Yes,Yes,62,Two year,Yes,Electronic check,Fiber optic,No,No,Yes,455.9,1,0,4.0,99.3,6136.91,0,3632.33
CUST_14033,27,Male,0,Yes,Yes,18,One year,Yes,Credit card (automatic),DSL,No,Yes,Yes,92.9,1,1,4.0,80.52,1461.79,0,2253.78
CUST_14034,18,Male,0,Yes,Yes,24,One year,No,Credit card (automatic),Fiber optic,No,Yes,No,512.9,1,0,5.0,91.71,2210.68,0,2946.16
CUST_14035,31,Female,0,Yes,Yes,35,One year,Yes,Bank transfer (automatic),DSL,No,No,Yes,154.1,0,1,5.0,73.57,2612.72,0,2583.36
CUST_14036,54,Male,0,No,No,19,One year,No,Credit card (automatic),DSL,Yes,No,No,178.0,1,0,5.0,55.72,1133.09,0,1960.11
CUST_14037,49,Male,0,No,No,6,Month-to-month,Yes,Bank transfer (automatic),Fiber optic,Yes,No,Yes,395.0,3,1,4.0,114.9,724.51,1,1305.65
CUST_14038,39,Female,0,No,No,11,Month-to-month,No,Bank transfer (automatic),No,No internet service,No internet service,No internet service,12.8,4,0,4.0,18.5,189.58,1,474.63
CUST_14039,42,Male,0,Yes,Yes,33,Month-to-month,Yes,Mailed check,DSL,Yes,No,Yes,169.1,6,2,2.0,81.06,2671.94,0,2380.1
CUST_14040,33,Female,0,No,No,7,Month-to-month,No,Electronic check,DSL,No,No,Yes,120.5,0,3,4.0,71.49,490.5,1,794.5
CUST_14041,45,Female,0,No,No,27,Month-to-month,No,Electronic check,Fiber optic,Yes,No,No,465.1,2,0,4.0,86.44,2334.98,0,2689.32
CUST_14042,52,Male,0,No,No,12,One year,No,Mailed check,Fiber optic,No,No,Yes,294.8,3,0,4.0,98.39,1175.84,1,1312.92
CUST_14043,21,Male,0,No,No,34,Month-to-month,No,Bank transfer (automatic),DSL,No,No,Yes,97.1,2,1,4.0,72.38,2468.87,0,2127.91
CUST_14044,46,Male,0,Yes,No,53,One year,No,Mailed check,Fiber optic,No,Yes,No,259.1,0,0,5.0,94.51,5029.02,0,3160.66
CUST_14045,54,Male,0,No,No,44,Two year,Yes,Bank transfer (automatic),DSL,No,No,Yes,179.4,2,0,4.0,72.42,3235.86,0,2470.03
CUST_14046,37,Male,0,Yes,Yes,15,One year,No,Electronic check,DSL,No,No,Yes,147.4,0,0,5.0,72.02,1041.61,0,1926.61
CUST_14047,51,Female,0,Yes,Yes,4,One year,Yes,Mailed check,DSL,Yes,No,Yes,57.8,1,1,5.0,84.28,362.83,0,2198.45
CUST_14048,79,Male,1,No,No,1,Month-to-month,Yes,Mailed check,DSL,No,No,Yes,107.0,2,1,4.0,71.07,111.39,0,2031.72
CUST_14049,41,Male,0,No,No,57,Two year,No,Electronic check,DSL,Yes,Yes,No,129.4,0,0,5.0,74.89,4260.55,0,2659.69
CUST_14050,47,Female,0,No,No,31,One year,Yes,Credit card (automatic),DSL,No,No,Yes,183.6,2,0,4.0,77.32,2358.82,0,2469.12
CUST_14051,32,Female,0,Yes,No,12,One year,Yes,Bank transfer (automatic),DSL,No,Yes,Yes,108.1,3,0,4.0,90.66,1068.65,0,2651.98
CUST_14052,44,Male,0,Yes,No,61,One year,No,Electronic check,Fiber optic,No,No,Yes,479.7,1,1,5.0,109.27,6664.83,0,3704.76
CUST_14053,48,Male,0,Yes,No,31,One year,Yes,Bank transfer (automatic),Fiber optic,No,No,Yes,557.9,1,2,4.0,99.41,3069.19,1,1810.97
CUST_14054,45,Male,0,No,No,69,Two year,Yes,Mailed check,Fiber optic,No,No,Yes,198.2,1,0,5.0,99.49,6837.43,0,3465.91
CUST_14055,29,Male,0,Yes,Yes,20,Month-to-month,No,Mailed check,DSL,Yes,Yes,Yes,122.7,2,0,3.0,91.2,1849.23,0,2605.57
CUST_14056,45,Male,0,No,No,20,Month-to-month,No,Credit card (automatic),DSL,Yes,No,Yes,92.8,1,0,5.0,74.95,1533.59,0,2166.81
CUST_14057,61,Male,0,Yes,Yes,57,One year,No,Bank transfer (automatic),No,No internet service,No internet service,No internet service,22.7,2,0,5.0,18.6,1041.91,0,1141.08
CUST_14058,48,Male,0,No,No,41,One year,No,Credit card (automatic),Fiber optic,No,No,No,420.3,3,0,5.0,84.4,3458.21,0,2851.7
CUST_14059,55,Female,0,No,No,26,Month-to-month,Yes,Credit card (automatic),Fiber optic,No,No,No,296.7,2,0,4.0,81.91,2138.07,0,2645.03
CUST_14060,39,Male,0,Yes,Yes,46,Two year,Yes,Electronic check,DSL,Yes,No,No,79.1,1,0,5.0,58.64,2719.08,0,2259.73
CUST_14061,52,Male,0,Yes,Yes,35,Month-to-month,No,Electronic check,DSL,Yes,No,Yes,93.8,2,1,4.0,83.75,2958.45,0,2535.12
CUST_14062,46,Male,0,No,No,38,One year,No,Mailed check,DSL,No,No,Yes,80.3,0,1,5.0,65.93,2505.39,0,2226.85
CUST_14063,30,Male,0,No,No,31,One year,Yes,Bank transfer (automatic),Fiber optic,No,Yes,Yes,281.8,1,0,5.0,117.43,3658.7,0,3534.22
CUST_14064,46,Female,0,No,No,8,One year,Yes,Credit card (automatic),Fiber optic,No,No,Yes,273.9,1,1,5.0,100.36,773.98,1,1282.41
CUST_14065,29,Female,0,No,No,4,Two year,Yes,Credit card (automatic),Fiber optic,No,Yes,No,416.4,0,1,5.0,98.24,400.66,0,2664.71
CUST_14066,34,Female,0,Yes,Yes,57,Month-to-month,No,Mailed check,Fiber optic,No,No,No,253.2,2,0,5.0,78.29,4482.04,1,1579.52
CUST_14067,44,Female,0,No,No,48,One year,No,Bank transfer (automatic),No,No internet service,No internet service,No internet service,17.7,1,0,4.0,18.5,853.75,0,916.41
CUST_14068,46,Female,0,Yes,No,17,Month-to-month,Yes,Bank transfer (automatic),DSL,No,Yes,No,91.6,2,0,4.0,62.27,1013.33,0,1774.24
CUST_14069,27,Male,0,No,No,23,Two year,Yes,Electronic check,Fiber optic,No,No,Yes,206.0,2,3,4.0,99.33,2334.61,0,2746.15
CUST_14070,56,Female,0,Yes,Yes,49,One year,Yes,Electronic check,Fiber optic,No,Yes,Yes,319.6,0,3,4.0,114.6,5589.55,0,3652.92
CUST_14071,49,Female,0,No,No,8,One year,No,Bank transfer (automatic),DSL,Yes,No,Yes,93.6,0,0,4.0,74.34,615.04,0,1718.57
CUST_14072,33,Male,0,Yes,No,39,Two year,No,Bank transfer (automatic),Fiber optic,Yes,Yes,No,209.0,1,0,4.0,113.59,4406.91,0,3289.45
CUST_14073,22,Male,0,Yes,No,61,One year,No,Bank transfer (automatic),Fiber optic,No,No,No,274.9,0,1,5.0,78.51,4803.85,0,2811.58
CUST_14074,40,Female,0,Yes,Yes,57,Month-to-month,Yes,Electronic check,DSL,No,Yes,No,186.5,3,3,3.0,62.23,3521.75,1,1442.8
CUST_14075,36,Male,0,No,No,59,One year,Yes,Electronic check,DSL,No,Yes,No,102.7,1,0,4.0,60.93,3594.52,1,1147.28
CUST_14076,43,Male,0,No,No,46,Month-to-month,Yes,Bank transfer (automatic),Fiber optic,Yes,Yes,No,385.7,3,2,2.0,102.79,4761.48,1,1790.7
CUST_14077,37,Female,0,No,No,35,Two year,No,Credit card (automatic),DSL,No,No,Yes,91.4,0,0,5.0,64.19,2248.43,0,2004.14
CUST_14078,18,Female,0,Yes,Yes,67,Month-to-month,Yes,Credit card (automatic),DSL,No,No,Yes,152.9,5,0,3.0,74.78,4958.96,0,2779.46
CUST_14079,37,Male,0,No,No,15,One year,No,Mailed check,Fiber optic,No,Yes,Yes,188.9,1,0,5.0,115.13,1722.09,0,3143.61
CUST_14080,38,Male,0,No,No,42,Month-to-month,Yes,Credit card (automatic),Fiber optic,Yes,Yes,Yes,490.6,2,0,4.0,127.44,5343.36,0,4104.17
CUST_14081,50,Male,0,Yes,No,50,Month-to-month,Yes,Electronic check,DSL,Yes,Yes,Yes,158.4,1,2,4.0,101.52,5052.61,0,3332.05
CUST_14082,33,Female,0,Yes,No,24,Month-to-month,No,Credit card (automatic),Fiber optic,Yes,No,No,335.6,3,0,4.0,88.19,2108.66,1,1205.18
CUST_14083,64,Female,0,No,No,42,One year,No,Mailed check,Fiber optic,No,Yes,No,547.7,0,0,5.0,98.39,4158.26,0,3437.47
CUST_14084,18,Male,0,Yes,Yes,59,Month-to-month,No,Credit card (automatic),DSL,No,No,No,153.7,4,1,4.0,46.24,2796.55,0,1797.03
CUST_14085,59,Female,0,Yes,Yes,10,Month-to-month,No,Electronic check,DSL,No,Yes,No,218.7,2,0,3.0,59.96,620.21,0,1789.4
CUST_14086,39,Female,0,No,No,41,Two year,Yes,Credit card (automatic),Fiber optic,No,No,Yes,444.8,1,0,5.0,98.72,4021.34,0,3289.39
CUST_14087,53,Male,0,Yes,No,12,Two year,Yes,Bank transfer (automatic),DSL,Yes,Yes,No,74.0,0,2,4.0,74.51,862.59,0,2021.12
CUST_14088,43,Female,0,No,No,53,Two year,No,Electronic check,Fiber optic,No,No,No,271.5,2,2,3.0,82.73,4353.5,0,2749.57
CUST_14089,57,Male,0,No,No,39,One year,Yes,Mailed check,DSL,No,No,Yes,158.6,1,0,5.0,71.16,2776.65,0,2321.41
CUST_14090,37,Male,0,No,No,22,One year,Yes,Electronic check,Fiber optic,No,No,Yes,167.6,0,2,5.0,101.54,2235.07,0,2769.36
CUST_14091,28,Female,0,No,No,52,One year,No,Mailed check,Fiber optic,No,No,No,342.2,2,0,4.0,73.15,3806.77,0,2652.27
CUST_14092,60,Male,0,Yes,Yes,16,One year,No,Electronic check,No,No internet service,No internet service,No internet service,5.0,1,0,5.0,20.74,329.06,0,962.72
CUST_14093,41,Female,0,No,No,22,Month-to-month,No,Mailed check,Fiber optic,Yes,Yes,Yes,465.2,1,4,2.0,120.57,2628.03,1,1715.07
CUST_14094,45,Male,0,Yes,Yes,35,Month-to-month,Yes,Credit card (automatic),DSL,No,Yes,No,115.4,2,0,5.0,60.41,2097.81,0,2122.54
CUST_14095,58,Female,0,No,No,5,Month-to-month,No,Credit card (automatic),DSL,No,No,Yes,102.0,1,0,4.0,70.2,345.7,0,2127.72
CUST_14096,29,Female,0,No,No,30,Month-to-month,No,Electronic check,DSL,No,No,No,116.6,3,0,4.0,42.89,1319.42,0,1380.53
CUST_14097,50,Male,0,No,No,47,One year,No,Electronic check,Fiber optic,No,No,No,263.0,1,0,5.0,87.27,4083.08,0,2738.56
CUST_14098,34,Female,0,No,No,38,One year,Yes,Mailed check,Fiber optic,Yes,No,Yes,215.8,1,0,5.0,110.05,4174.92,0,3506.23
CUST_14099,40,Male,0,Yes,No,1,One year,Yes,Electronic check,No,No internet service,No internet service,No internet service,15.2,0,3,3.0,24.81,68.68,0,433.07
CUST_14100,43,Female,0,Yes,No,13,Month-to-month,No,Credit card (automatic),DSL,No,No,Yes,102.6,2,0,5.0,73.55,968.74,1,724.39
CUST_14101,22,Female,0,No,No,8,Month-to-month,No,Mailed check,DSL,Yes,Yes,Yes,78.4,2,0,5.0,99.97,789.09,0,2645.18
CUST_14102,32,Male,0,Yes,No,57,Two year,Yes,Bank transfer (automatic),DSL,No,No,No,199.9,1,0,4.0,49.95,2814.23,0,1987.63
CUST_14103,60,Female,0,No,No,59,Month-to-month,Yes,Electronic check,Fiber optic,No,Yes,Yes,338.1,2,1,5.0,111.22,6594.48,0,3736.54
CUST_14104,54,Female,0,Yes,Yes,60,Two year,No,Bank transfer (automatic),Fiber optic,Yes,No,No,297.7,1,0,4.0,92.31,5543.54,0,3294.55
CUST_14105,41,Male,0,No,No,34,Two year,No,Credit card (automatic),DSL,Yes,No,No,118.4,1,0,4.0,59.68,2034.88,0,1676.31
CUST_14106,45,Male,0,Yes,Yes,39,One year,Yes,Mailed check,Fiber optic,Yes,No,Yes,338.6,1,1,4.0,104.64,4101.01,0,3540.43
CUST_14107,38,Male,0,No,No,57,Two year,Yes,Credit card (automatic),DSL,No,Yes,Yes,111.2,0,1,5.0,87.57,4992.88,0,3256.38
CUST_14108,60,Male,0,No,No,7,Two year,No,Electronic check,DSL,No,Yes,No,60.2,0,3,4.0,62.4,423.3,0,1620.01
CUST_14109,39,Female,0,Yes,Yes,49,One year,Yes,Electronic check,DSL,Yes,No,No,175.7,2,1,4.0,53.14,2614.19,0,2158.38
CUST_14110,45,Male,0,Yes,No,20,Month-to-month,Yes,Credit card (automatic),No,No internet service,No internet service,No internet service,10.7,2,0,5.0,29.29,553.65,0,1331.95
CUST_14111,57,Female,0,Yes,Yes,4,One year,Yes,Bank transfer (automatic),No,No internet service,No internet service,No internet service,23.3,2,0,5.0,27.22,81.76,0,771.42
CUST_14112,32,Male,0,Yes,Yes,13,Month-to-month,Yes,Electronic check,DSL,Yes,No,Yes,70.7,5,2,,83.68,1096.61,1,729.56
CUST_14113,62,Female,0,Yes,Yes,12,Month-to-month,No,Mailed check,DSL,No,Yes,No,158.7,3,0,3.0,64.51,820.31,0,1882.43
CUST_14114,22,Male,0,Yes,No,13,Two year,No,Mailed check,Fiber optic,No,No,No,477.1,1,0,4.0,78.69,1045.6,0,2314.46
CUST_14115,63,Male,0,No,No,15,Month-to-month,No,Bank transfer (automatic),Fiber optic,No,No,No,359.3,3,0,4.0,69.17,1017.7,0,2133.14
CUST_14116,37,Male,0,Yes,No,68,Two year,No,Credit card (automatic),DSL,No,No,Yes,45.2,1,0,5.0,72.08,4929.86,0,2805.12
CUST_14117,39,Male,0,No,No,14,Month-to-month,Yes,Electronic check,Fiber optic,Yes,Yes,Yes,363.4,1,1,4.0,128.0,1806.92,1,1755.07
CUST_14118,18,Male,0,No,No,48,Two year,Yes,Bank transfer (automatic),Fiber optic,No,No,Yes,510.5,0,0,5.0,101.81,4903.18,0,3273.67
CUST_14119,36,Male,0,Yes,No,50,One year,Yes,Mailed check,No,No internet service,No internet service,No internet service,7.8,0,1,5.0,18.5,960.46,0,1161.48
CUST_14120,28,Female,0,Yes,No,48,One year,No,Bank transfer (automatic),Fiber optic,No,No,No,303.1,1,0,4.0,77.35,3702.14,0,2673.21
CUST_14121,34,Female,0,No,No,19,Month-to-month,Yes,Mailed check,DSL,No,Yes,Yes,81.0,2,0,4.0,86.09,1624.06,1,893.79
CUST_14122,40,Female,0,Yes,Yes,22,Month-to-month,Yes,Mailed check,Fiber optic,No,Yes,No,415.3,3,0,4.0,92.4,2044.39,0,2885.99
CUST_14123,54,Female,0,No,No,6,Month-to-month,Yes,Electronic check,DSL,Yes,Yes,No,188.8,3,1,4.0,74.99,459.29,1,947.59
CUST_14124,45,Male,0,No,No,59,One year,No,Mailed check,Fiber optic,No,No,Yes,349.4,0,0,4.0,101.44,5993.03,0,3660.51
CUST_14125,46,Male,0,Yes,Yes,12,Two year,No,Electronic check,Fiber optic,No,No,No,260.3,1,1,3.0,79.35,952.24,0,2357.73
CUST_14126,28,Male,0,No,No,0,Month-to-month,Yes,Electronic check,Fiber optic,No,No,No,581.4,1,1,4.0,78.91,25.97,0,2356.14
CUST_14127,31,Male,0,Yes,Yes,64,One year,No,Mailed check,DSL,Yes,No,Yes,129.6,2,1,4.0,83.63,5329.37,0,2892.62
CUST_14128,65,Male,1,Yes,Yes,49,One year,No,Electronic check,Fiber optic,No,No,Yes,346.3,2,2,3.0,95.86,4726.65,0,3421.26
CUST_14129,32,Female,0,No,No,65,Two year,Yes,Bank transfer (automatic),Fiber optic,No,No,Yes,324.6,1,0,4.0,97.91,6384.47,0,3377.92
CUST_14130,64,Female,0,No,No,19,One year,Yes,Electronic check,DSL,Yes,No,No,73.4,2,1,4.0,55.36,1014.46,1,710.44
CUST_14131,39,Female,0,No,No,6,Month-to-month,Yes,Mailed check,DSL,Yes,No,Yes,149.0,0,0,5.0,79.24,463.15,0,2104.56
CUST_14132,42,Female,0,No,No,7,Month-to-month,No,Credit card (automatic),DSL,Yes,No,No,158.0,0,0,5.0,59.66,386.2,0,1650.8
CUST_14133,56,Male,0,No,No,17,One year,Yes,Electronic check,Fiber optic,No,Yes,No,317.5,2,0,4.0,89.09,1504.9,0,2569.43
CUST_14134,59,Male,0,No,No,33,Month-to-month,Yes,Mailed check,DSL,No,No,Yes,149.4,1,0,4.0,78.16,2587.63,0,2599.32
CUST_14135,41,Male,0,Yes,Yes,32,One year,No,Bank transfer (automatic),DSL,Yes,No,No,31.2,2,0,5.0,66.6,2113.62,0,2074.12
CUST_14136,37,Male,0,No,No,19,Month-to-month,No,Electronic check,DSL,Yes,No,No,108.9,2,3,4.0,54.74,1041.69,1,1041.11
CUST_14137,41,Male,0,No,No,0,Month-to-month,No,Bank transfer (automatic),Fiber optic,No,No,Yes,274.0,2,0,4.0,100.13,,1,1316.02
CUST_14138,46,Female,0,Yes,Yes,3,Month-to-month,Yes,Electronic check,Fiber optic,Yes,No,Yes,373.4,1,0,5.0,118.74,393.46,1,1438.75
CUST_14139,54,Male,0,No,No,14,Month-to-month,No,Electronic check,DSL,Yes,No,Yes,73.3,1,0,4.0,79.28,1126.38,0,2109.53
CUST_14140,42,Female,0,Yes,No,1,Month-to-month,No,Credit card (automatic),No,No internet service,No internet service,No internet service,6.1,4,0,3.0,22.84,6.27,0,360.63
CUST_14141,50,Female,0,No,No,5,Month-to-month,No,Electronic check,Fiber optic,Yes,No,No,314.5,0,0,4.0,96.18,495.99,0,2545.67
CUST_14142,63,Female,0,No,No,20,Month-to-month,No,Mailed check,DSL,No,No,No,116.6,5,0,3.0,49.57,1003.78,1,991.74
CUST_14143,47,Female,0,No,No,32,Month-to-month,No,Electronic check,Fiber optic,No,Yes,No,497.4,3,0,4.0,97.45,3069.12,1,1589.28
CUST_14144,46,Female,0,Yes,Yes,35,One year,No,Electronic check,Fiber optic,No,No,Yes,415.3,0,2,4.0,94.74,3312.8,0,2953.65
CUST_14145,22,Female,0,No,No,52,Two year,Yes,Electronic check,Fiber optic,Yes,Yes,Yes,436.7,0,1,5.0,124.84,6501.61,0,4191.84
CUST_14146,18,Male,0,Yes,Yes,12,Month-to-month,Yes,Electronic check,DSL,No,No,No,39.2,1,0,4.0,47.79,568.78,0,1351.86
CUST_14147,47,Male,0,No,No,60,One year,Yes,Bank transfer (automatic),Fiber optic,No,Yes,No,483.2,0,0,5.0,92.45,5588.71,0,3375.27
CUST_14148,41,Female,0,No,No,48,One year,No,Bank transfer (automatic),DSL,No,Yes,No,161.0,3,0,4.0,67.18,3247.03,0,2467.35
CUST_14149,35,Female,0,No,No,24,One year,Yes,Mailed check,Fiber optic,Yes,Yes,Yes,409.5,0,0,5.0,128.0,3056.21,0,3543.92
CUST_14150,45,Male,0,No,No,36,Month-to-month,Yes,Bank transfer (automatic),Fiber optic,No,No,Yes,24.3,2,0,5.0,100.32,3565.47,0,2824.65
CUST_14151,41,Female,0,No,No,49,One year,Yes,Credit card (automatic),Fiber optic,No,No,Yes,362.6,2,1,4.0,92.08,4524.3,0,3313.71
CUST_14152,57,Male,0,Yes,No,48,One year,No,Credit card (automatic),DSL,No,Yes,Yes,95.0,2,0,3.0,84.31,3994.78,0,2764.59
CUST_14153,43,Male,0,Yes,No,32,One year,Yes,Mailed check,No,No internet service,No internet service,No internet service,13.1,2,1,3.0,18.5,596.79,0,963.97
CUST_14154,32,Female,0,No,No,66,Two year,Yes,Credit card (automatic),Fiber optic,Yes,No,Yes,255.8,2,1,3.0,109.05,7193.94,0,3858.02
CUST_14155,55,Female,0,No,No,18,One year,Yes,Mailed check,Fiber optic,Yes,No,No,393.4,1,0,4.0,88.2,1554.47,0,2830.42
CUST_14156,39,Female,0,Yes,Yes,25,Month-to-month,Yes,Credit card (automatic),DSL,Yes,No,No,69.7,1,0,5.0,62.56,1519.63,0,1820.77
CUST_14157,49,Female,0,No,No,19,Month-to-month,No,Bank transfer (automatic),DSL,No,No,Yes,124.4,3,0,3.0,69.94,1310.87,1,946.03
CUST_14158,36,Female,0,Yes,No,41,Month-to-month,No,Credit card (automatic),No,No internet service,No internet service,No internet service,21.8,2,0,4.0,26.03,1043.52,0,882.41
CUST_14159,34,Male,0,Yes,No,50,One year,Yes,Mailed check,No,No internet service,No internet service,No internet service,12.2,0,0,5.0,23.07,1161.09,0,1427.97
CUST_14160,43,Female,0,No,No,67,One year,No,Bank transfer (automatic),DSL,No,No,Yes,102.8,0,0,5.0,68.52,4554.74,0,2638.03
CUST_14161,42,Male,0,Yes,Yes,36,One year,No,Mailed check,DSL,Yes,No,Yes,67.1,3,0,4.0,76.26,2786.78,0,2195.94
CUST_14162,48,Male,0,Yes,Yes,1,One year,Yes,Credit card (automatic),DSL,No,Yes,Yes,153.9,1,0,4.0,84.24,33.6,1,614.02
CUST_14163,39,Female,0,Yes,No,6,Month-to-month,Yes,Credit card (automatic),DSL,No,Yes,No,80.6,4,0,4.0,67.13,419.95,0,1684.33
CUST_14164,18,Female,0,No,No,30,One year,No,Electronic check,DSL,No,No,No,91.8,1,2,4.0,44.56,1348.88,0,1502.69
CUST_14165,36,Female,0,No,No,12,One year,No,Mailed check,DSL,No,Yes,Yes,151.4,0,1,5.0,83.07,1020.33,0,2282.82
CUST_14166,52,Female,0,No,No,58,Two year,No,Electronic check,Fiber optic,Yes,No,No,402.9,0,1,5.0,87.11,4982.35,0,2950.2
CUST_14167,38,Male,0,Yes,Yes,69,Two year,Yes,Electronic check,DSL,No,No,No,50.2,1,1,4.0,48.55,3334.28,0,1944.61
CUST_14168,39,Female,0,No,No,27,Month-to-month,No,Credit card (automatic),No,No internet service,No internet service,No internet service,17.8,3,0,4.0,18.5,479.76,0,840.78
CUST_14169,55,Male,0,No,No,42,Month-to-month,No,Mailed check,Fiber optic,No,No,Yes,317.9,0,2,4.0,97.78,4106.35,0,3523.56
CUST_14170,33,Female,0,No,No,43,Two year,No,Mailed check,DSL,No,No,Yes,115.5,1,0,5.0,69.52,3000.91,0,2356.93
CUST_14171,22,Female,0,No,No,44,One year,Yes,Bank transfer (automatic),No,No internet service,No internet service,No internet service,22.6,2,0,5.0,19.93,871.36,0,1111.27
CUST_14172,40,Male,0,Yes,Yes,9,Two year,Yes,Bank transfer (automatic),Fiber optic,No,Yes,No,454.7,1,0,5.0,94.96,843.57,0,2585.79
CUST_14173,36,Male,0,Yes,Yes,52,One year,Yes,Electronic check,DSL,No,No,No,171.1,1,1,4.0,47.84,2496.97,0,1944.0
CUST_14174,29,Female,0,Yes,Yes,58,Month-to-month,No,Electronic check,Fiber optic,No,Yes,No,232.1,0,3,3.0,98.4,5732.07,0,3082.81
CUST_14175,40,Female,0,Yes,Yes,1,Month-to-month,Yes,Bank transfer (automatic),Fiber optic,No,Yes,No,530.6,5,0,4.0,92.22,70.9,0,2657.36
CUST_14176,48,Male,0,No,No,28,Month-to-month,Yes,Electronic check,Fiber optic,No,No,Yes,253.2,1,0,5.0,92.71,2563.46,0,3061.72
CUST_14177,42,Female,0,No,No,21,Month-to-month,Yes,Electronic check,Fiber optic,Yes,Yes,No,261.8,4,1,3.0,103.58,2226.55,1,1255.17
CUST_14178,46,Female,0,No,No,58,Two year,Yes,Electronic check,DSL,Yes,Yes,No,116.0,0,2,5.0,72.63,4249.02,0,2594.41
CUST_14179,66,Male,1,Yes,No,11,Month-to-month,Yes,Credit card (automatic),Fiber optic,Yes,Yes,Yes,416.6,5,0,3.0,128.0,1406.23,1,1424.28
CUST_14180,38,Female,0,Yes,Yes,58,One year,Yes,Electronic check,Fiber optic,No,No,Yes,503.7,1,0,4.0,101.62,5926.18,0,3673.86
CUST_14181,46,Male,0,Yes,Yes,39,One year,Yes,Credit card (automatic),DSL,No,No,No,117.9,0,0,5.0,49.25,1973.31,0,1730.53
CUST_14182,35,Male,0,Yes,No,23,Month-to-month,Yes,Bank transfer (automatic),DSL,No,No,No,193.4,3,0,3.0,50.91,1132.76,0,1426.89
CUST_14183,31,Male,0,Yes,No,52,One year,Yes,Electronic check,No,No internet service,No internet service,No internet service,25.8,2,1,4.0,22.38,1137.94,0,1196.76
CUST_14184,34,Male,0,No,No,53,Month-to-month,Yes,Bank transfer (automatic),Fiber optic,No,Yes,No,205.9,1,1,4.0,97.41,5172.82,0,3456.52
CUST_14185,36,Male,0,Yes,Yes,28,Month-to-month,No,Mailed check,Fiber optic,No,No,No,515.5,1,0,5.0,80.51,2259.86,0,2796.11
CUST_14186,47,Male,0,No,No,18,Two year,Yes,Credit card (automatic),Fiber optic,No,No,Yes,365.5,0,0,5.0,100.31,1805.01,0,2979.4
CUST_14187,73,Male,1,Yes,Yes,71,Two year,Yes,Credit card (automatic),DSL,No,Yes,No,162.8,1,1,5.0,67.42,4775.53,0,2565.71
CUST_14188,33,Female,0,No,No,34,One year,No,Electronic check,Fiber optic,No,No,No,219.1,0,0,4.0,79.87,2673.07,0,2466.37
CUST_14189,37,Female,0,No,No,45,Month-to-month,Yes,Credit card (automatic),Fiber optic,No,No,No,501.3,4,0,3.0,80.14,3619.46,1,1891.75
CUST_14190,41,Male,0,Yes,Yes,66,Month-to-month,No,Electronic check,Fiber optic,Yes,No,Yes,283.6,0,1,5.0,109.52,7204.22,0,3663.31
CUST_14191,47,Male,0,No,No,28,One year,Yes,Electronic check,Fiber optic,No,No,No,485.8,1,3,4.0,74.43,2101.78,1,1432.65
CUST_14192,45,Female,0,No,No,11,Month-to-month,No,Electronic check,Fiber optic,Yes,Yes,Yes,344.6,3,0,4.0,125.95,1380.5,1,1560.3
CUST_14193,59,Male,0,No,No,20,Month-to-month,Yes,Bank transfer (automatic),Fiber optic,No,No,Yes,334.3,4,0,4.0,103.82,2075.35,1,1230.19
CUST_14194,18,Female,0,No,No,46,One year,Yes,Electronic check,Fiber optic,Yes,Yes,Yes,349.9,3,1,4.0,126.5,5829.38,0,3557.59
CUST_14195,18,Male,0,Yes,Yes,12,Month-to-month,Yes,Mailed check,Fiber optic,No,No,Yes,441.6,3,0,4.0,97.98,1164.94,0,2705.01
CUST_14196,36,Male,0,No,No,4,Month-to-month,Yes,Credit card (automatic),DSL,No,No,Yes,120.0,0,0,5.0,67.81,248.07,0,1561.55
CUST_14197,56,Male,0,No,No,59,Two year,Yes,Credit card (automatic),Fiber optic,Yes,No,Yes,423.8,1,1,4.0,116.88,6897.45,0,4107.92
CUST_14198,22,Female,0,Yes,Yes,13,Month-to-month,Yes,Credit card (automatic),Fiber optic,No,No,Yes,350.9,3,0,4.0,93.98,1254.36,0,2570.92
CUST_14199,18,Male,0,Yes,Yes,62,One year,Yes,Electronic check,Fiber optic,No,Yes,No,201.4,0,1,4.0,88.23,5454.56,0,2974.01
CUST_14200,49,Female,0,No,No,27,One year,No,Bank transfer (automatic),Fiber optic,Yes,No,No,389.6,1,1,4.0,85.83,2291.75,0,2807.03
CUST_14201,45,Female,0,Yes,Yes,4,Month-to-month,Yes,Credit card (automatic),Fiber optic,No,Yes,No,401.1,1,0,5.0,90.68,358.4,1,1061.95
CUST_14202,28,Female,0,No,No,55,Two year,Yes,Electronic check,DSL,Yes,Yes,Yes,60.5,0,1,5.0,99.17,5430.97,0,3252.53
CUST_14203,29,Male,0,No,No,21,Two year,Yes,Credit card (automatic),DSL,No,No,Yes,106.4,2,1,4.0,67.7,1423.17,0,2318.94
CUST_14204,29,Female,0,No,No,23,Month-to-month,No,Electronic check,Fiber optic,Yes,No,Yes,437.0,0,2,5.0,106.14,2435.69,1,1738.78
CUST_14205,43,Female,0,Yes,No,55,One year,Yes,Bank transfer (automatic),DSL,No,Yes,Yes,125.6,1,0,4.0,87.99,4797.77,0,3029.29
CUST_14206,34,Male,0,Yes,Yes,61,One year,Yes,Bank transfer (automatic),No,No internet service,No internet service,No internet service,17.2,0,0,5.0,21.84,1350.89,0,1205.57
CUST_14207,48,Male,0,Yes,No,13,Month-to-month,Yes,Credit card (automatic),DSL,Yes,No,Yes,102.8,2,0,4.0,87.44,1110.16,0,2315.42
CUST_14208,18,Male,0,No,No,48,Two year,No,Mailed check,DSL,No,No,No,92.1,0,0,5.0,57.37,2721.27,0,2072.72
CUST_14209,31,Male,0,No,No,62,Two year,No,Credit card (automatic),No,No internet service,No internet service,No internet service,16.7,1,1,5.0,18.5,1171.82,0,1421.45
CUST_14210,27,Female,0,No,No,36,Two year,Yes,Electronic check,DSL,Yes,No,No,5.0,1,2,3.0,64.28,2270.3,0,2004.21
CUST_14211,39,Male,0,No,No,69,Two year,Yes,Mailed check,Fiber optic,No,No,No,410.5,1,0,5.0,74.52,5108.8,0,2967.55
CUST_14212,35,Male,0,Yes,Yes,33,Month-to-month,No,Mailed check,DSL,No,No,No,163.4,3,0,4.0,49.32,1620.75,0,1964.06
CUST_14213,52,Female,0,Yes,No,22,One year,Yes,Mailed check,Fiber optic,No,No,No,437.6,1,0,5.0,71.86,1578.14,0,2528.54
CUST_14214,18,Female,0,No,No,8,Month-to-month,Yes,Mailed check,DSL,No,No,Yes,120.4,1,0,4.0,70.32,603.45,0,1660.3
CUST_14215,43,Female,0,No,No,9,Month-to-month,Yes,Credit card (automatic),DSL,Yes,No,Yes,166.7,2,0,4.0,86.87,771.35,0,2433.35
CUST_14216,49,Female,0,Yes,Yes,35,Two year,Yes,Electronic check,No,No internet service,No internet service,No internet service,20.7,0,3,4.0,28.81,993.56,0,1074.57
CUST_14217,66,Male,1,Yes,Yes,61,One year,Yes,Electronic check,DSL,Yes,No,Yes,57.3,1,0,5.0,82.44,5059.28,0,3204.42
CUST_14218,36,Male,0,Yes,No,26,One year,No,Credit card (automatic),Fiber optic,No,No,Yes,302.4,1,1,5.0,95.91,2455.02,0,2862.3
CUST_14219,46,Male,0,Yes,Yes,42,Two year,No,Mailed check,DSL,Yes,Yes,No,124.2,2,1,3.0,80.02,3332.39,0,2604.4
CUST_14220,19,Male,0,No,No,43,One year,Yes,Bank transfer (automatic),DSL,No,No,Yes,127.4,0,0,5.0,73.54,3180.16,0,2569.65
CUST_14221,18,Female,0,No,No,31,Month-to-month,No,Electronic check,Fiber optic,No,Yes,No,416.1,0,1,5.0,94.26,2898.63,0,3222.33
CUST_14222,53,Male,0,No,No,30,Month-to-month,Yes,Electronic check,DSL,No,Yes,No,141.7,1,2,4.0,61.15,1829.19,0,2055.97
CUST_14223,42,Female,0,No,No,48,One year,Yes,Electronic check,DSL,No,No,No,126.9,2,1,4.0,44.48,2157.44,0,1866.73
CUST_14224,57,Male,0,No,No,22,One year,No,Electronic check,Fiber optic,Yes,No,No,428.7,3,1,3.0,90.64,1991.83,1,1564.28
CUST_14225,24,Female,0,No,No,23,Month-to-month,No,Bank transfer (automatic),Fiber optic,Yes,Yes,Yes,328.3,1,1,4.0,128.0,2989.16,0,3649.08
CUST_14226,49,Male,0,Yes,Yes,41,One year,No,Bank transfer (automatic),Fiber optic,Yes,No,No,519.6,1,0,4.0,89.25,3660.11,0,3082.35
CUST_14227,66,Female,1,No,No,23,Month-to-month,No,Credit card (automatic),DSL,No,No,Yes,197.5,1,0,5.0,71.27,1612.02,0,2289.89
CUST_14228,47,Female,0,Yes,No,33,Month-to-month,Yes,Electronic check,Fiber optic,No,No,No,505.3,3,2,3.0,78.42,2609.7,0,2834.93
CUST_14229,46,Female,0,Yes,No,63,One year,Yes,Electronic check,DSL,Yes,Yes,No,150.6,2,1,4.0,81.79,5122.72,0,2902.11
CUST_14230,42,Male,0,Yes,No,34,One year,No,Bank transfer (automatic),Fiber optic,Yes,No,Yes,394.2,0,1,5.0,115.39,3971.27,0,3616.81
CUST_14231,22,Male,0,No,No,4,One year,Yes,Electronic check,Fiber optic,No,No,No,344.9,1,1,4.0,85.72,329.11,0,2596.42
CUST_14232,60,Female,0,Yes,Yes,17,Month-to-month,No,Credit card (automatic),Fiber optic,Yes,No,No,432.4,1,1,5.0,86.62,1512.64,0,2630.94
CUST_14233,34,Male,0,Yes,Yes,67,One year,Yes,Mailed check,DSL,Yes,Yes,No,130.9,0,0,5.0,77.66,5200.34,0,2569.25
CUST_14234,49,Male,0,Yes,Yes,14,Two year,No,Credit card (automatic),DSL,No,No,Yes,165.8,1,0,5.0,70.04,955.4,0,1933.03
CUST_14235,22,Male,0,No,No,18,Month-to-month,Yes,Electronic check,Fiber optic,Yes,No,No,296.7,2,0,4.0,91.79,1672.69,0,2801.38
CUST_14236,27,Male,0,No,No,28,One year,No,Electronic check,No,No internet service,No internet service,No internet service,20.9,0,0,4.0,18.5,566.56,0,791.33
CUST_14237,61,Female,0,No,No,71,One year,No,Mailed check,DSL,No,No,Yes,136.5,0,0,5.0,66.34,4735.51,0,2574.73
CUST_14238,37,Female,0,Yes,No,55,Month-to-month,Yes,Electronic check,Fiber optic,No,Yes,No,421.4,1,3,4.0,88.94,4871.29,0,3091.17
CUST_14239,61,Male,0,Yes,No,63,Two year,Yes,Bank transfer (automatic),DSL,No,Yes,Yes,109.7,0,1,4.0,89.45,5650.84,0,3100.01
CUST_14240,41,Male,0,No,No,43,Two year,No,Credit card (automatic),DSL,No,No,No,118.0,2,1,4.0,46.17,1913.27,0,1855.72
CUST_14241,18,Male,0,Yes,No,36,Two year,Yes,Electronic check,No,No internet service,No internet service,No internet service,19.2,3,4,3.0,21.37,801.76,0,943.14
CUST_14242,54,Male,0,No,No,16,One year,Yes,Electronic check,No,No internet service,No internet service,No internet service,22.4,2,1,4.0,18.5,302.93,1,466.36
CUST_14243,34,Female,0,No,No,34,One year,Yes,Electronic check,DSL,Yes,No,Yes,41.0,2,1,4.0,79.67,2666.57,0,2592.6
CUST_14244,51,Male,0,No,No,57,One year,Yes,Mailed check,DSL,No,Yes,Yes,119.2,1,1,5.0,86.12,4912.82,0,2770.99
CUST_14245,42,Female,0,No,No,43,One year,Yes,Mailed check,DSL,Yes,Yes,No,59.9,0,0,5.0,73.0,3145.05,0,2314.4
CUST_14246,22,Male,0,Yes,Yes,2,Month-to-month,No,Bank transfer (automatic),Fiber optic,No,Yes,No,316.9,2,0,4.0,90.5,222.91,1,1071.54
CUST_14247,44,Female,0,Yes,Yes,1,One year,Yes,Bank transfer (automatic),DSL,No,No,No,153.4,0,2,5.0,50.88,61.44,0,1335.47
CUST_14248,71,Male,1,No,No,23,Month-to-month,Yes,Bank transfer (automatic),DSL,Yes,No,Yes,150.8,1,0,5.0,81.18,1884.28,1,1043.17
CUST_14249,48,Male,0,Yes,Yes,6,Month-to-month,Yes,Bank transfer (automatic),DSL,Yes,No,Yes,179.1,3,0,3.0,83.0,520.21,0,2305.03
CUST_14250,41,Female,0,Yes,No,19,Month-to-month,Yes,Credit card (automatic),DSL,Yes,No,No,129.5,1,0,4.0,59.65,1142.73,1,835.3
CUST_14251,56,Female,0,Yes,Yes,40,One year,No,Mailed check,No,No internet service,No internet service,No internet service,6.1,1,0,5.0,23.16,938.62,0,1230.74
CUST_14252,45,Male,0,Yes,Yes,21,Month-to-month,Yes,Electronic check,Fiber optic,No,No,Yes,371.9,3,5,2.0,94.73,1991.22,1,1383.58
CUST_14253,45,Male,0,Yes,No,64,One year,Yes,Electronic check,DSL,No,No,No,168.2,1,1,5.0,52.5,3392.37,0,2100.98
CUST_14254,28,Female,0,Yes,Yes,31,One year,Yes,Electronic check,Fiber optic,No,Yes,No,474.5,1,4,3.0,95.46,2903.15,1,1634.76
CUST_14255,45,Male,0,No,No,19,One year,No,Mailed check,No,No internet service,No internet service,No internet service,18.8,1,0,5.0,21.94,418.06,0,1045.13
CUST_14256,55,Male,0,No,No,64,One year,No,Mailed check,Fiber optic,Yes,No,No,316.6,0,0,5.0,92.53,5970.11,0,3327.1
CUST_14257,31,Female,0,No,No,17,Month-to-month,Yes,Electronic check,Fiber optic,No,Yes,Yes,511.4,3,1,3.0,111.08,1886.71,1,1639.2
CUST_14258,61,Female,0,No,No,14,One year,No,Bank transfer (automatic),No,No internet service,No internet service,No internet service,15.7,1,0,5.0,21.13,269.7,0,904.32
CUST_14259,41,Male,0,Yes,Yes,24,One year,Yes,Mailed check,DSL,Yes,Yes,No,63.5,0,1,5.0,76.63,1821.29,0,2051.51
CUST_14260,30,Male,0,Yes,Yes,60,One year,Yes,Electronic check,Fiber optic,Yes,Yes,No,283.1,1,1,5.0,102.42,6175.26,0,3516.34
CUST_14261,55,Male,0,Yes,Yes,61,Month-to-month,Yes,Bank transfer (automatic),Fiber optic,Yes,No,Yes,398.9,0,0,5.0,114.81,7021.78,0,3822.74
CUST_14262,38,Male,0,No,No,45,Two year,No,Bank transfer (automatic),No,No internet service,No internet service,No internet service,9.3,0,1,5.0,20.13,940.75,0,873.35
CUST_14263,52,Female,0,No,No,26,One year,No,Electronic check,Fiber optic,No,No,Yes,281.8,3,2,3.0,105.23,2783.69,1,1446.57
CUST_14264,38,Female,0,Yes,No,3,Month-to-month,Yes,Credit card (automatic),No,No internet service,No internet service,No internet service,10.2,2,0,5.0,22.78,78.22,0,626.11
CUST_14265,41,Female,0,Yes,No,25,Month-to-month,No,Electronic check,Fiber optic,No,No,No,395.3,0,2,5.0,80.73,2028.7,0,2322.29
CUST_14266,48,Female,0,No,No,22,One year,Yes,Bank transfer (automatic),Fiber optic,No,Yes,Yes,269.2,1,1,4.0,112.99,2445.81,0,2907.8
CUST_14267,46,Male,0,No,No,10,Month-to-month,Yes,Credit card (automatic),DSL,Yes,No,No,146.7,0,0,5.0,66.07,658.63,0,1736.12
CUST_14268,18,Male,0,No,No,42,Two year,No,Bank transfer (automatic),No,No internet service,No internet service,No internet service,15.2,0,0,5.0,20.58,844.07,0,1101.9
CUST_14269,27,Female,0,Yes,Yes,22,One year,No,Bank transfer (automatic),Fiber optic,No,Yes,Yes,93.3,1,0,5.0,114.38,2470.23,0,3090.5
CUST_14270,54,Female,0,Yes,No,9,Month-to-month,Yes,Credit card (automatic),DSL,No,Yes,Yes,118.0,0,1,4.0,88.58,805.96,0,2586.18
CUST_14271,40,Male,0,No,No,37,Two year,No,Electronic check,DSL,No,No,No,80.3,2,0,5.0,45.97,1673.31,0,1626.69
CUST_14272,35,Male,0,No,No,25,Month-to-month,No,Electronic check,Fiber optic,Yes,Yes,No,418.4,1,1,4.0,111.12,2789.4,1,1586.8
CUST_14273,24,Male,0,No,No,11,Month-to-month,Yes,Bank transfer (automatic),DSL,Yes,Yes,Yes,100.9,2,2,3.0,106.49,1149.73,0,2802.24
CUST_14274,28,Male,0,No,No,17,Month-to-month,Yes,Credit card (automatic),Fiber optic,No,Yes,No,467.1,1,1,4.0,87.28,1514.05,1,1469.91
CUST_14275,18,Male,0,No,No,30,Month-to-month,Yes,Bank transfer (automatic),DSL,Yes,Yes,Yes,172.6,3,1,4.0,104.31,3135.06,0,2933.09
CUST_14276,41,Male,0,No,No,44,Two year,No,Credit card (automatic),Fiber optic,No,No,No,263.0,1,0,5.0,78.82,3488.54,0,2761.97
CUST_14277,34,Female,0,Yes,No,44,One year,Yes,Electronic check,DSL,No,No,Yes,160.6,0,1,4.0,66.3,2912.06,0,2371.71
CUST_14278,29,Female,0,Yes,No,1,Month-to-month,Yes,Credit card (automatic),DSL,No,No,Yes,84.2,1,1,4.0,65.13,77.21,1,549.04
CUST_14279,41,Female,0,No,No,29,One year,Yes,Credit card (automatic),DSL,Yes,No,No,116.0,0,0,5.0,50.66,1467.52,0,1840.43
CUST_14280,47,Male,0,Yes,Yes,48,Two year,Yes,Mailed check,Fiber optic,No,Yes,Yes,325.7,0,1,5.0,110.81,5320.91,0,3659.61
CUST_14281,69,Male,1,No,No,53,Two year,No,Credit card (automatic),DSL,No,Yes,No,98.9,0,1,5.0,64.17,3414.09,0,2469.96
CUST_14282,22,Male,0,No,No,4,One year,No,Electronic check,DSL,No,Yes,Yes,135.3,2,1,3.0,81.81,297.72,0,2243.01
CUST_14283,57,Female,0,No,No,62,Month-to-month,Yes,Credit card (automatic),DSL,No,No,Yes,170.5,1,0,5.0,66.1,4116.37,0,2725.06
CUST_14284,55,Female,0,Yes,Yes,37,Two year,Yes,Credit card (automatic),Fiber optic,No,No,No,406.9,1,0,4.0,74.83,2745.01,0,2709.77
CUST_14285,32,Female,0,Yes,Yes,34,Month-to-month,Yes,Electronic check,Fiber optic,No,Yes,Yes,340.8,2,2,4.0,114.03,3836.49,0,3211.75
CUST_14286,45,Female,0,No,No,57,Month-to-month,No,Mailed check,Fiber optic,No,Yes,No,184.6,5,0,3.0,91.09,5233.45,0,2769.34
CUST_14287,36,Male,0,No,No,44,Month-to-month,No,Mailed check,No,No internet service,No internet service,No internet service,5.0,3,0,4.0,18.5,796.74,0,1045.44
CUST_14288,44,Male,0,No,No,50,Month-to-month,No,Electronic check,Fiber optic,No,No,No,311.6,1,0,5.0,82.28,4179.21,1,1774.61
CUST_14289,62,Male,0,Yes,Yes,41,Two year,Yes,Electronic check,No,No internet service,No internet service,No internet service,6.4,0,0,4.0,24.88,1037.17,0,915.19
CUST_14290,50,Male,0,Yes,Yes,40,Two year,Yes,Electronic check,Fiber optic,Yes,No,Yes,211.8,1,2,4.0,100.98,4074.77,0,3152.27
CUST_14291,49,Male,0,No,No,5,Month-to-month,No,Mailed check,DSL,Yes,Yes,Yes,129.6,1,0,5.0,96.86,468.09,1,1159.63
CUST_14292,36,Male,0,No,No,37,Two year,No,Mailed check,Fiber optic,No,No,Yes,214.3,0,1,4.0,100.03,3667.72,0,2892.22
CUST_14293,23,Female,0,No,No,10,Month-to-month,No,Credit card (automatic),DSL,Yes,No,No,91.5,4,1,4.0,52.46,494.95,0,1436.53
CUST_14294,39,Male,0,Yes,No,22,Month-to-month,Yes,Mailed check,DSL,No,Yes,No,130.4,1,2,3.0,61.53,1381.76,1,970.19
CUST_14295,58,Male,0,Yes,No,27,One year,Yes,Bank transfer (automatic),Fiber optic,No,No,Yes,381.8,0,0,5.0,98.79,2658.43,0,2849.37
CUST_14296,22,Male,0,Yes,No,52,Two year,Yes,Electronic check,DSL,No,Yes,Yes,103.9,1,0,5.0,87.32,4534.81,0,3020.05
CUST_14297,28,Female,0,No,No,10,Two year,Yes,Bank transfer (automatic),DSL,No,No,Yes,55.7,0,0,5.0,67.59,638.64,0,1816.0
CUST_14298,44,Female,0,No,No,1,Month-to-month,Yes,Credit card (automatic),DSL,Yes,Yes,Yes,102.6,0,0,4.0,92.37,75.98,0,2302.15
CUST_14299,29,Female,0,Yes,Yes,52,Two year,Yes,Mailed check,Fiber optic,No,Yes,Yes,367.1,1,1,5.0,121.01,6287.39,0,3631.76
CUST_14300,32,Male,0,Yes,Yes,59,Two year,No,Electronic check,DSL,No,Yes,Yes,121.2,0,2,4.0,83.71,4938.2,0,2880.36
CUST_14301,36,Female,0,No,No,52,Month-to-month,No,Bank transfer (automatic),DSL,Yes,Yes,No,163.2,0,0,5.0,73.3,3819.97,0,2409.99
CUST_14302,24,Male,0,Yes,Yes,40,Two year,Yes,Electronic check,Fiber optic,No,No,No,286.6,0,2,5.0,71.67,2853.87,0,2626.9
CUST_14303,29,Male,0,No,No,49,Month-to-month,No,Mailed check,DSL,No,Yes,No,62.4,2,1,4.0,61.48,2994.07,0,2189.09
CUST_14304,51,Female,0,No,No,43,One year,Yes,Electronic check,No,No internet service,No internet service,No internet service,13.3,2,0,4.0,21.45,961.57,0,879.98
CUST_14305,25,Male,0,Yes,Yes,59,Two year,Yes,Mailed check,DSL,Yes,Yes,Yes,104.5,2,0,3.0,96.4,5662.77,0,2985.68
CUST_14306,21,Male,0,Yes,Yes,49,Two year,No,Bank transfer (automatic),Fiber optic,No,No,Yes,364.0,0,0,4.0,95.74,4667.81,0,3209.57
CUST_14307,34,Female,0,No,No,11,Month-to-month,Yes,Credit card (automatic),DSL,Yes,Yes,Yes,176.2,2,0,5.0,95.6,1069.37,0,2673.23
CUST_14308,52,Male,0,Yes,Yes,31,Two year,Yes,Bank transfer (automatic),DSL,No,Yes,No,73.9,1,1,5.0,61.76,1862.45,0,2049.5
CUST_14309,39,Female,0,Yes,Yes,66,Month-to-month,No,Electronic check,No,No internet service,No internet service,No internet service,16.8,3,1,4.0,19.59,1275.25,0,1077.22
CUST_14310,36,Female,0,No,No,24,Month-to-month,Yes,Electronic check,No,No internet service,No internet service,No internet service,17.2,1,2,3.0,25.89,642.03,0,886.99
CUST_14311,43,Male,0,No,No,41,One year,No,Credit card (automatic),Fiber optic,No,Yes,No,322.8,0,0,5.0,96.12,3994.22,0,2940.1
CUST_14312,19,Male,0,No,No,21,One year,No,Credit card (automatic),Fiber optic,Yes,Yes,No,357.6,0,1,4.0,109.62,2267.25,0,3349.38
CUST_14313,48,Male,0,Yes,Yes,58,Two year,Yes,Electronic check,DSL,No,Yes,No,118.2,3,1,3.0,54.29,3143.2,0,2112.12
CUST_14314,47,Male,0,Yes,No,16,One year,Yes,Credit card (automatic),Fiber optic,Yes,No,No,354.4,3,0,4.0,88.9,1414.45,0,2527.24
CUST_14315,37,Male,0,Yes,No,31,Two year,Yes,Credit card (automatic),Fiber optic,No,No,No,609.2,0,1,4.0,79.4,2446.63,0,3035.1
CUST_14316,55,Male,0,Yes,No,1,Month-to-month,Yes,Electronic check,Fiber optic,No,No,No,413.4,0,2,4.0,75.96,79.92,0,2290.39
CUST_14317,27,Male,0,No,No,6,Month-to-month,Yes,Bank transfer (automatic),Fiber optic,Yes,No,Yes,231.0,2,0,4.0,109.16,638.25,1,1180.15
CUST_14318,57,Male,0,Yes,Yes,70,Two year,Yes,Mailed check,DSL,No,No,No,123.3,0,0,4.0,49.63,3462.74,0,2086.58
CUST_14319,44,Female,0,No,No,48,Two year,No,Electronic check,Fiber optic,No,No,Yes,660.2,1,2,3.0,98.78,4761.63,0,3209.88
CUST_14320,38,Male,0,Yes,No,19,Month-to-month,Yes,Electronic check,DSL,Yes,No,No,112.9,2,0,4.0,59.41,1105.74,0,1707.5
CUST_14321,42,Female,0,Yes,Yes,15,Month-to-month,Yes,Mailed check,Fiber optic,No,Yes,Yes,5.0,7,0,2.0,117.43,1769.72,1,1136.58
CUST_14322,41,Male,0,No,No,36,One year,No,Credit card (automatic),DSL,No,Yes,No,90.2,0,0,5.0,73.8,2675.38,0,2466.55
CUST_14323,58,Female,0,Yes,Yes,52,Two year,No,Credit card (automatic),Fiber optic,No,No,Yes,323.9,0,1,5.0,99.39,5140.27,0,3120.45
CUST_14324,28,Male,0,Yes,Yes,2,Two year,Yes,Electronic check,DSL,No,No,Yes,112.5,2,2,4.0,72.83,179.85,1,789.02
CUST_14325,32,Female,0,Yes,No,31,Month-to-month,No,Mailed check,DSL,Yes,Yes,Yes,184.0,5,0,,100.77,3147.73,0,3063.28
CUST_14326,55,Female,0,Yes,Yes,14,Two year,Yes,Mailed check,DSL,No,No,No,140.0,2,2,3.0,52.79,703.57,0,1505.03
CUST_14327,34,Male,0,No,No,60,One year,No,Mailed check,DSL,No,No,No,97.7,1,0,4.0,45.97,2805.93,0,1932.08
CUST_14328,54,Female,0,Yes,Yes,6,Month-to-month,Yes,Bank transfer (automatic),DSL,Yes,No,No,137.3,2,0,5.0,62.13,422.82,0,1748.18
CUST_14329,64,Male,0,No,No,20,Two year,Yes,Mailed check,DSL,No,No,Yes,108.9,0,1,5.0,71.38,1417.93,0,2034.77
CUST_14330,37,Female,0,No,No,10,Month-to-month,Yes,Electronic check,DSL,No,No,Yes,109.7,2,1,4.0,68.46,677.85,1,1101.79
CUST_14331,51,Female,0,No,No,34,One year,Yes,Electronic check,DSL,Yes,Yes,No,179.6,3,1,3.0,74.05,2507.69,0,2532.82
CUST_14332,27,Female,0,Yes,Yes,21,Month-to-month,Yes,Bank transfer (automatic),No,No internet service,No internet service,No internet service,23.7,4,0,4.0,20.43,430.11,0,830.82
CUST_14333,52,Male,0,No,No,39,Month-to-month,Yes,Bank transfer (automatic),DSL,No,Yes,No,142.8,1,0,5.0,59.18,2279.58,0,2028.05
CUST_14334,45,Female,0,Yes,Yes,64,Two year,Yes,Mailed check,Fiber optic,Yes,Yes,Yes,275.6,1,0,5.0,127.6,8158.63,0,4215.84
CUST_14335,48,Male,0,No,No,18,Month-to-month,No,Bank transfer (automatic),Fiber optic,Yes,No,No,553.3,1,0,5.0,90.56,1634.41,0,2859.51
CUST_14336,34,Female,0,No,No,23,One year,No,Credit card (automatic),Fiber optic,No,No,Yes,406.5,1,0,5.0,96.29,2169.88,0,2768.54
CUST_14337,20,Female,0,Yes,No,53,Two year,Yes,Mailed check,DSL,No,No,No,128.5,0,0,5.0,46.66,2499.19,0,1974.47
CUST_14338,49,Female,0,No,No,35,One year,No,Credit card (automatic),DSL,No,Yes,Yes,91.1,0,0,5.0,88.22,3044.19,0,2575.68
CUST_14339,18,Female,0,No,No,42,Two year,No,Electronic check,Fiber optic,Yes,Yes,No,331.7,1,3,4.0,100.45,4217.14,0,3263.36
CUST_14340,38,Male,0,No,No,69,Two year,Yes,Credit card (automatic),Fiber optic,Yes,No,No,630.4,2,0,4.0,94.52,6518.27,0,3610.26
CUST_14341,54,Male,0,Yes,Yes,58,One year,No,Electronic check,Fiber optic,No,No,No,115.4,0,2,5.0,82.2,4795.19,0,2652.48
CUST_14342,44,Male,0,No,No,28,One year,No,Mailed check,Fiber optic,No,No,Yes,696.3,0,0,5.0,100.96,2837.72,0,3688.7
CUST_14343,67,Female,1,No,No,52,Two year,Yes,Mailed check,DSL,Yes,Yes,No,190.5,2,0,3.0,77.79,4032.47,0,2546.7
CUST_14344,55,Female,0,Yes,Yes,60,Month-to-month,Yes,Mailed check,Fiber optic,Yes,No,No,530.6,1,1,5.0,90.96,5455.13,0,3451.79
CUST_14345,33,Female,0,No,No,17,Month-to-month,Yes,Credit card (automatic),Fiber optic,No,No,No,401.4,5,0,3.0,74.11,1301.15,0,2491.32
CUST_14346,42,Male,0,Yes,Yes,35,One year,Yes,Electronic check,DSL,No,No,No,100.2,1,2,4.0,45.32,1603.91,0,1673.55
CUST_14347,41,Female,0,Yes,Yes,23,One year,No,Bank transfer (automatic),Fiber optic,No,No,No,288.1,0,1,5.0,77.24,1814.98,0,2574.72
CUST_14348,21,Male,0,No,No,0,Month-to-month,No,Credit card (automatic),Fiber optic,No,No,Yes,193.1,2,1,4.0,103.31,17.47,1,1123.51
CUST_14349,30,Female,0,No,No,7,Month-to-month,Yes,Electronic check,Fiber optic,Yes,No,Yes,314.8,4,0,2.0,108.06,785.0,1,910.36
CUST_14350,35,Female,0,No,No,26,One year,No,Credit card (automatic),Fiber optic,Yes,No,Yes,324.6,0,0,5.0,117.15,3091.04,0,3215.67
CUST_14351,18,Female,0,No,No,6,Month-to-month,Yes,Mailed check,Fiber optic,No,No,No,411.4,4,0,4.0,72.62,475.43,0,2188.63
CUST_14352,43,Female,0,Yes,Yes,13,One year,Yes,Credit card (automatic),Fiber optic,No,No,Yes,192.0,0,0,5.0,100.73,1307.91,0,2580.94
CUST_14353,39,Male,0,Yes,No,36,Two year,Yes,Bank transfer (automatic),Fiber optic,No,No,Yes,230.8,2,1,4.0,103.29,3709.58,0,3194.65
CUST_14354,20,Female,0,No,No,64,One year,Yes,Bank transfer (automatic),DSL,No,No,No,66.7,0,0,5.0,47.47,2998.37,0,2293.03
CUST_14355,47,Male,0,Yes,Yes,29,Month-to-month,Yes,Mailed check,Fiber optic,No,Yes,No,391.7,3,0,4.0,94.55,2743.25,0,3036.44
CUST_14356,51,Female,0,No,No,39,Two year,No,Bank transfer (automatic),DSL,Yes,No,No,148.1,2,0,4.0,50.99,1955.06,0,1865.35
CUST_14357,45,Male,0,No,No,26,One year,Yes,Electronic check,Fiber optic,No,No,Yes,511.3,0,3,4.0,101.19,2595.69,0,3390.5
CUST_14358,38,Female,0,Yes,No,35,Two year,No,Mailed check,DSL,Yes,No,No,85.6,1,0,4.0,56.2,1977.97,0,2079.21
CUST_14359,50,Male,0,Yes,No,19,One year,Yes,Electronic check,DSL,Yes,Yes,No,110.4,2,2,4.0,67.54,1280.08,0,2063.18
CUST_14360,51,Male,0,No,No,65,One year,Yes,Electronic check,Fiber optic,No,No,Yes,235.6,1,3,5.0,97.06,6266.25,0,3275.15
CUST_14361,46,Male,0,No,No,12,Month-to-month,No,Electronic check,DSL,No,No,No,84.0,2,2,3.0,55.72,688.7,0,1538.38
CUST_14362,31,Female,0,No,No,26,Two year,Yes,Credit card (automatic),DSL,No,No,Yes,139.6,2,0,4.0,73.08,1920.88,0,2097.13
CUST_14363,46,Male,0,No,No,54,One year,No,Bank transfer (automatic),No,No internet service,No internet service,No internet service,29.0,2,0,4.0,24.26,1298.33,0,1228.15
CUST_14364,58,Female,0,No,No,16,One year,Yes,Bank transfer (automatic),DSL,Yes,No,Yes,97.8,1,0,5.0,86.11,1402.21,1,1110.76
CUST_14365,34,Female,0,Yes,No,42,One year,Yes,Credit card (automatic),Fiber optic,Yes,No,No,144.7,0,0,5.0,87.65,3691.17,0,2838.07
CUST_14366,69,Female,1,Yes,Yes,62,Month-to-month,Yes,Bank transfer (automatic),Fiber optic,Yes,No,No,587.1,2,0,4.0,92.51,5752.68,0,3507.23
CUST_14367,35,Female,0,Yes,Yes,41,One year,No,Electronic check,DSL,No,No,No,49.7,1,2,4.0,53.48,2198.59,0,1898.11
CUST_14368,42,Male,0,Yes,No,10,Month-to-month,Yes,Bank transfer (automatic),Fiber optic,Yes,Yes,No,307.6,2,0,4.0,105.11,1079.1,1,1375.02
CUST_14369,33,Female,0,Yes,No,46,One year,Yes,Credit card (automatic),Fiber optic,Yes,Yes,No,355.1,0,0,5.0,99.53,4570.39,0,3259.85
CUST_14370,45,Male,0,Yes,No,7,Month-to-month,No,Electronic check,DSL,No,Yes,Yes,161.3,3,3,3.0,83.49,597.39,1,959.34
CUST_14371,19,Male,0,Yes,No,13,Month-to-month,No,Bank transfer (automatic),DSL,Yes,No,Yes,178.2,4,0,3.0,81.85,1039.27,0,2377.46
CUST_14372,35,Male,0,Yes,Yes,29,Month-to-month,Yes,Bank transfer (automatic),DSL,Yes,No,Yes,109.6,3,2,4.0,86.46,2517.56,0,2430.04
CUST_14373,28,Male,0,No,No,0,Month-to-month,No,Mailed check,No,No internet service,No internet service,No internet service,25.1,2,0,4.0,18.5,,1,268.19
CUST_14374,44,Female,0,No,No,67,Two year,No,Credit card (automatic),DSL,Yes,Yes,No,110.7,2,0,4.0,75.18,5048.16,0,2417.11
CUST_14375,55,Male,0,Yes,No,25,Month-to-month,Yes,Mailed check,DSL,No,No,No,64.1,2,2,3.0,46.94,1214.22,0,1523.32
CUST_14376,50,Female,0,No,No,42,One year,Yes,Electronic check,DSL,No,No,No,117.3,0,2,4.0,49.55,2094.23,0,1734.23
CUST_14377,18,Male,0,Yes,Yes,36,One year,Yes,Credit card (automatic),No,No internet service,No internet service,No internet service,13.6,1,0,5.0,20.12,721.42,0,573.45
CUST_14378,69,Male,1,No,No,57,One year,No,Bank transfer (automatic),Fiber optic,Yes,Yes,No,293.5,2,1,3.0,106.56,6071.33,0,3586.08
CUST_14379,46,Male,0,Yes,Yes,51,One year,Yes,Mailed check,No,No internet service,No internet service,No internet service,20.1,0,0,5.0,19.77,1048.35,0,1081.55
CUST_14380,32,Female,0,No,No,11,Month-to-month,Yes,Electronic check,No,No internet service,No internet service,No internet service,7.0,1,1,4.0,18.5,217.42,0,380.19
CUST_14381,44,Female,0,Yes,Yes,56,Two year,No,Credit card (automatic),No,No internet service,No internet service,No internet service,18.1,1,1,4.0,18.5,1028.84,0,1254.58
CUST_14382,44,Female,0,No,No,64,Two year,No,Electronic check,Fiber optic,Yes,No,No,357.8,0,2,4.0,90.3,5794.97,0,3136.07
CUST_14383,33,Female,0,Yes,No,21,Month-to-month,Yes,Mailed check,Fiber optic,No,No,Yes,213.6,3,1,4.0,95.36,2002.43,0,2707.62
CUST_14384,45,Female,0,No,No,60,Two year,No,Electronic check,Fiber optic,Yes,No,No,369.0,0,1,5.0,92.85,5589.37,0,3482.79
CUST_14385,34,Male,0,Yes,No,25,One year,No,Credit card (automatic),DSL,No,No,Yes,184.0,0,0,5.0,71.63,1777.84,1,1129.3
CUST_14386,37,Female,0,Yes,Yes,37,Month-to-month,No,Bank transfer (automatic),DSL,Yes,No,No,146.3,2,1,4.0,56.38,2075.78,0,1788.61
CUST_14387,33,Male,0,No,No,4,One year,No,Bank transfer (automatic),DSL,Yes,Yes,Yes,96.0,0,0,5.0,97.98,376.26,0,2551.81
CUST_14388,23,Male,0,Yes,Yes,67,One year,No,Bank transfer (automatic),Fiber optic,No,No,Yes,453.4,0,0,5.0,100.93,6753.46,0,3834.84
CUST_14389,44,Male,0,No,No,1,Month-to-month,No,Credit card (automatic),DSL,Yes,No,Yes,65.5,2,0,4.0,82.84,64.55,0,2086.54
CUST_14390,50,Female,0,Yes,No,5,Month-to-month,No,Credit card (automatic),Fiber optic,No,No,Yes,406.4,2,0,5.0,91.84,499.3,0,2674.43
CUST_14391,49,Female,0,Yes,No,30,One year,No,Credit card (automatic),Fiber optic,Yes,No,Yes,552.4,3,0,4.0,117.9,3564.35,1,1926.67
CUST_14392,53,Female,0,No,No,19,One year,No,Credit card (automatic),DSL,No,No,No,67.1,1,0,5.0,54.91,1002.65,0,1630.28
CUST_14393,46,Female,0,Yes,No,31,One year,Yes,Mailed check,DSL,No,No,Yes,161.6,0,0,5.0,66.04,1996.87,0,2104.75
CUST_14394,35,Male,0,Yes,Yes,6,Month-to-month,Yes,Mailed check,DSL,No,No,No,75.9,3,0,3.0,45.57,274.72,0,1291.79
CUST_14395,53,Female,0,No,No,57,Month-to-month,Yes,Credit card (automatic),DSL,Yes,No,No,118.1,6,0,3.0,64.75,3669.24,0,2421.28
CUST_14396,24,Male,0,No,No,19,Two year,Yes,Bank transfer (automatic),Fiber optic,No,No,Yes,162.2,4,0,4.0,106.18,1989.27,1,1336.27
CUST_14397,30,Male,0,No,No,41,Two year,No,Credit card (automatic),Fiber optic,No,No,Yes,491.8,0,0,5.0,97.36,4049.15,0,3371.38
CUST_14398,29,Male,0,Yes,Yes,38,Two year,Yes,Electronic check,Fiber optic,Yes,Yes,Yes,211.9,0,1,5.0,128.0,4852.53,0,3281.08
CUST_14399,56,Female,0,No,No,65,One year,No,Bank transfer (automatic),DSL,No,No,Yes,109.0,0,0,4.0,70.96,4583.43,0,2643.65
CUST_14400,54,Female,0,Yes,Yes,51,One year,No,Bank transfer (automatic),Fiber optic,No,No,Yes,503.3,0,0,5.0,97.23,4925.86,0,3385.79
CUST_14401,48,Male,0,Yes,Yes,15,One year,Yes,Credit card (automatic),Fiber optic,Yes,No,Yes,417.1,0,0,5.0,117.16,1804.62,0,3595.08
CUST_14402,56,Female,0,No,No,22,Month-to-month,Yes,Electronic check,Fiber optic,No,No,Yes,462.1,4,0,3.0,97.09,2126.09,1,1452.78
CUST_14403,31,Female,0,Yes,Yes,23,One year,No,Credit card (automatic),DSL,Yes,No,Yes,163.1,2,0,4.0,81.7,1891.18,0,2431.96
CUST_14404,47,Female,0,Yes,Yes,22,Two year,Yes,Electronic check,Fiber optic,Yes,No,No,399.6,0,0,5.0,84.02,1858.77,0,2525.02
CUST_14405,40,Female,0,Yes,No,40,Two year,No,Bank transfer (automatic),DSL,Yes,No,Yes,201.4,3,1,5.0,79.93,3190.34,0,2703.19
CUST_14406,53,Male,0,No,No,14,One year,Yes,Bank transfer (automatic),DSL,No,No,No,143.5,2,0,5.0,50.01,753.05,0,1368.71
CUST_14407,41,Female,0,No,No,65,One year,No,Mailed check,DSL,Yes,Yes,No,113.6,1,0,4.0,81.78,5304.62,0,2862.22
CUST_14408,37,Male,0,No,No,50,Two year,Yes,Bank transfer (automatic),Fiber optic,No,No,No,313.2,0,1,4.0,78.69,3898.32,0,3285.62
CUST_14409,49,Female,0,Yes,No,57,Two year,Yes,Credit card (automatic),DSL,No,No,No,106.4,2,0,4.0,50.5,2842.44,0,1945.0
CUST_14410,53,Male,0,No,No,12,Two year,Yes,Electronic check,Fiber optic,No,No,No,342.4,1,2,4.0,80.53,969.9,0,2292.71
CUST_14411,33,Male,0,No,No,41,Two year,No,Bank transfer (automatic),No,No internet service,No internet service,No internet service,19.9,0,1,5.0,22.24,944.07,0,915.26
CUST_14412,41,Male,0,Yes,Yes,12,Two year,Yes,Electronic check,Fiber optic,No,Yes,No,186.3,0,0,4.0,91.13,1097.65,0,2444.18
CUST_14413,28,Female,0,Yes,Yes,9,Month-to-month,Yes,Credit card (automatic),DSL,No,No,No,39.7,2,0,4.0,45.75,377.52,1,319.68
CUST_14414,18,Female,0,Yes,Yes,16,One year,Yes,Mailed check,Fiber optic,No,No,No,128.5,1,0,4.0,64.9,1032.61,0,1722.68
CUST_14415,45,Female,0,Yes,No,49,Month-to-month,No,Mailed check,DSL,Yes,No,No,81.0,2,1,4.0,60.67,2943.39,0,2192.95
CUST_14416,50,Male,0,No,No,65,Two year,No,Bank transfer (automatic),Fiber optic,No,No,No,354.3,3,0,4.0,77.72,5036.25,0,3125.89
CUST_14417,45,Male,0,Yes,Yes,66,Two year,Yes,Mailed check,DSL,No,No,No,177.9,3,0,4.0,50.38,3302.88,0,1852.93
CUST_14418,18,Male,0,Yes,No,31,Month-to-month,No,Electronic check,DSL,No,Yes,No,120.4,2,0,3.0,68.0,2082.64,1,1136.75
CUST_14419,37,Female,0,No,No,57,One year,Yes,Credit card (automatic),DSL,Yes,No,No,131.1,2,0,4.0,58.76,3330.85,0,2418.28
CUST_14420,18,Male,0,No,No,19,Month-to-month,No,Bank transfer (automatic),DSL,Yes,Yes,No,143.9,2,0,4.0,78.72,1478.36,0,2106.25
CUST_14421,60,Female,0,No,No,16,Month-to-month,Yes,Bank transfer (automatic),Fiber optic,Yes,Yes,No,440.8,6,0,2.0,102.43,1627.01,0,3295.89
CUST_14422,28,Male,0,Yes,No,53,Month-to-month,No,Bank transfer (automatic),DSL,No,No,No,175.8,2,1,3.0,45.82,2413.76,0,2109.42
CUST_14423,58,Female,0,Yes,No,41,One year,Yes,Credit card (automatic),DSL,No,No,No,100.9,2,0,4.0,42.14,1758.78,0,1499.96
CUST_14424,54,Male,0,Yes,No,66,Month-to-month,No,Electronic check,DSL,Yes,Yes,No,103.2,4,3,2.0,74.77,4905.63,0,2720.21
CUST_14425,30,Female,0,Yes,Yes,2,Month-to-month,Yes,Electronic check,Fiber optic,No,No,Yes,293.0,3,1,4.0,103.46,165.5,0,2907.1
CUST_14426,27,Female,0,Yes,Yes,57,One year,No,Mailed check,Fiber optic,No,Yes,Yes,531.6,0,0,5.0,114.28,6521.35,0,4041.79
CUST_14427,47,Male,0,No,No,22,Month-to-month,Yes,Bank transfer (automatic),No,No internet service,No internet service,No internet service,19.4,3,1,4.0,22.55,495.56,0,799.25
CUST_14428,31,Female,0,Yes,No,40,One year,Yes,Electronic check,Fiber optic,Yes,Yes,No,367.9,1,1,4.0,105.64,4192.11,0,3239.14
CUST_14429,43,Male,0,Yes,Yes,29,One year,Yes,Bank transfer (automatic),Fiber optic,No,Yes,Yes,622.7,0,0,5.0,114.0,3351.24,0,3795.24
CUST_14430,36,Male,0,Yes,Yes,40,Two year,No,Electronic check,DSL,No,Yes,Yes,105.7,2,3,3.0,88.3,3535.94,1,1335.32
CUST_14431,19,Male,0,No,No,42,Two year,Yes,Credit card (automatic),DSL,No,No,Yes,79.3,1,1,4.0,66.65,2830.69,0,2041.33
CUST_14432,18,Female,0,No,No,44,Month-to-month,Yes,Bank transfer (automatic),Fiber optic,No,Yes,Yes,182.9,0,0,5.0,116.57,5129.66,0,2960.65
CUST_14433,45,Female,0,No,No,17,Two year,No,Electronic check,DSL,No,No,No,141.9,1,1,5.0,48.25,852.85,0,1398.52
CUST_14434,35,Male,0,Yes,Yes,5,Month-to-month,Yes,Electronic check,Fiber optic,No,No,Yes,194.2,2,0,5.0,103.68,564.05,1,1123.24
CUST_14435,35,Female,0,Yes,Yes,51,One year,Yes,Credit card (automatic),Fiber optic,No,No,No,430.8,0,1,4.0,77.31,3908.44,0,3039.53
CUST_14436,51,Male,0,Yes,Yes,26,Month-to-month,Yes,Bank transfer (automatic),DSL,Yes,No,Yes,107.9,3,1,4.0,79.16,2028.95,0,2113.21
CUST_14437,57,Female,0,Yes,No,6,Month-to-month,No,Credit card (automatic),Fiber optic,No,No,Yes,268.9,1,0,5.0,101.79,602.19,0,2693.29
CUST_14438,38,Female,0,No,No,9,Month-to-month,No,Electronic check,DSL,No,No,Yes,154.7,0,1,4.0,73.59,663.02,0,2010.29
CUST_14439,38,Female,0,No,No,25,One year,No,Credit card (automatic),DSL,No,Yes,Yes,94.6,1,0,4.0,90.54,2285.76,0,2830.51
CUST_14440,49,Female,0,No,No,30,Two year,No,Bank transfer (automatic),DSL,No,No,No,89.0,1,1,5.0,47.85,1440.34,0,1346.05
CUST_14441,24,Female,0,No,No,3,Two year,No,Electronic check,Fiber optic,No,No,Yes,346.6,1,0,3.0,101.62,307.79,0,2777.22
CUST_14442,45,Male,0,No,No,44,Two year,No,Mailed check,Fiber optic,No,No,Yes,278.3,0,0,5.0,107.07,4713.67,0,3291.63
CUST_14443,49,Male,0,Yes,No,9,Month-to-month,Yes,Bank transfer (automatic),DSL,Yes,No,Yes,153.5,2,0,4.0,83.87,781.73,0,2130.61
CUST_14444,51,Female,0,No,No,0,Month-to-month,No,Electronic check,Fiber optic,No,No,No,523.3,1,3,3.0,84.27,0.0,1,1226.7
CUST_14445,18,Male,0,Yes,No,8,One year,No,Credit card (automatic),DSL,No,No,No,217.1,1,1,4.0,53.87,461.15,0,1755.69
CUST_14446,32,Male,0,No,No,7,Month-to-month,Yes,Bank transfer (automatic),No,No internet service,No internet service,No internet service,12.7,3,0,4.0,26.08,189.47,0,523.2
CUST_14447,31,Male,0,Yes,Yes,13,Month-to-month,No,Electronic check,Fiber optic,No,No,Yes,270.9,3,1,4.0,98.92,1285.45,1,1078.11
CUST_14448,43,Male,0,Yes,No,11,Month-to-month,No,Credit card (automatic),Fiber optic,No,Yes,Yes,176.9,5,1,2.0,112.22,1205.39,1,977.56
CUST_14449,48,Male,0,No,No,14,Month-to-month,No,Mailed check,Fiber optic,No,No,No,396.9,4,0,3.0,79.94,1128.07,1,1163.46
CUST_14450,61,Female,0,Yes,Yes,49,One year,No,Mailed check,DSL,No,No,Yes,172.9,0,0,4.0,63.45,3099.43,0,2296.12
CUST_14451,36,Female,0,Yes,Yes,57,Two year,Yes,Credit card (automatic),DSL,Yes,No,No,66.6,0,0,5.0,62.37,3556.87,0,2371.84
CUST_14452,36,Female,0,Yes,No,24,One year,Yes,Bank transfer (automatic),Fiber optic,No,Yes,No,170.5,0,0,5.0,87.43,2084.38,0,2539.54
CUST_14453,57,Male,0,Yes,Yes,41,Two year,Yes,Mailed check,DSL,Yes,No,Yes,241.4,0,1,5.0,83.17,3434.27,0,2718.8
CUST_14454,46,Female,0,No,No,39,Two year,No,Electronic check,Fiber optic,No,No,Yes,190.2,1,0,3.0,98.84,3884.88,0,3251.63
CUST_14455,58,Male,0,No,No,33,Month-to-month,Yes,Mailed check,DSL,No,Yes,No,90.5,5,0,3.0,61.63,2015.6,1,1127.54
CUST_14456,46,Female,0,Yes,No,28,Month-to-month,No,Bank transfer (automatic),Fiber optic,No,Yes,No,73.1,2,0,4.0,89.62,2511.1,0,2255.37
CUST_14457,27,Male,0,Yes,No,19,Month-to-month,Yes,Bank transfer (automatic),Fiber optic,Yes,No,No,15.2,5,0,2.0,90.55,1696.28,0,2536.13
CUST_14458,25,Female,0,No,No,59,Two year,Yes,Bank transfer (automatic),DSL,No,No,Yes,111.1,1,0,5.0,77.2,4534.92,0,2604.7
CUST_14459,22,Female,0,Yes,No,17,Month-to-month,Yes,Bank transfer (automatic),Fiber optic,No,Yes,No,508.7,3,1,4.0,93.64,1585.4,1,1389.65
CUST_14460,51,Female,0,Yes,No,24,One year,No,Mailed check,DSL,Yes,No,Yes,119.4,0,0,5.0,88.21,2140.02,0,2504.1
CUST_14461,57,Female,0,Yes,No,52,One year,Yes,Bank transfer (automatic),DSL,No,Yes,Yes,31.1,1,1,4.0,85.93,4432.23,0,2617.15
CUST_14462,66,Female,1,No,No,21,One year,Yes,Electronic check,DSL,No,No,No,117.2,0,2,3.0,44.43,912.35,0,1524.67
CUST_14463,53,Male,0,Yes,No,8,Month-to-month,Yes,Electronic check,DSL,Yes,Yes,No,49.3,1,1,4.0,75.17,610.39,0,1693.4
CUST_14464,57,Female,0,Yes,No,48,One year,No,Bank transfer (automatic),DSL,No,No,No,75.9,1,0,5.0,43.13,2038.85,0,1844.15
CUST_14465,34,Female,0,No,No,34,Month-to-month,No,Electronic check,Fiber optic,Yes,Yes,No,360.0,1,2,5.0,109.78,3761.86,1,1848.25
CUST_14466,27,Male,0,Yes,No,21,One year,Yes,Electronic check,No,No internet service,No internet service,No internet service,14.2,1,2,4.0,20.78,459.09,0,824.51
CUST_14467,53,Female,0,No,No,39,One year,No,Electronic check,No,No internet service,No internet service,No internet service,16.3,1,3,3.0,20.03,795.87,0,1065.7
CUST_14468,47,Male,0,Yes,Yes,55,Two year,No,Electronic check,DSL,Yes,Yes,No,164.2,2,0,4.0,78.23,4303.96,0,2459.56
CUST_14469,43,Male,0,Yes,Yes,35,Month-to-month,No,Mailed check,Fiber optic,No,Yes,Yes,344.5,5,1,3.0,112.74,3919.67,0,3250.23
CUST_14470,47,Female,0,Yes,Yes,37,Two year,Yes,Mailed check,No,No internet service,No internet service,No internet service,10.9,0,0,4.0,23.29,830.03,0,1042.94
CUST_14471,46,Female,0,Yes,No,57,Two year,Yes,Electronic check,DSL,Yes,Yes,Yes,143.7,1,2,4.0,97.51,5531.45,0,3070.89
CUST_14472,59,Female,0,No,No,58,Two year,No,Electronic check,No,No internet service,No internet service,No internet service,6.2,1,1,5.0,21.02,1230.44,0,1058.96
CUST_14473,59,Male,0,No,No,15,Month-to-month,Yes,Electronic check,No,No internet service,No internet service,No internet service,15.3,3,3,3.0,21.96,307.19,1,557.63
CUST_14474,49,Male,0,Yes,No,1,One year,Yes,Mailed check,Fiber optic,Yes,No,No,508.2,0,0,4.0,90.95,92.29,1,1148.22
CUST_14475,53,Male,0,Yes,Yes,33,Month-to-month,Yes,Credit card (automatic),DSL,Yes,No,Yes,90.8,2,1,4.0,81.59,2644.28,0,2598.6
CUST_14476,49,Male,0,Yes,No,22,Month-to-month,No,Electronic check,Fiber optic,Yes,Yes,No,275.7,1,2,4.0,104.77,2305.89,1,1182.22
CUST_14477,36,Female,0,No,No,35,Month-to-month,No,Bank transfer (automatic),DSL,Yes,No,No,197.9,0,1,5.0,61.84,2159.99,0,1927.99
CUST_14478,52,Male,0,No,No,47,Month-to-month,Yes,Electronic check,No,No internet service,No internet service,No internet service,16.2,2,1,,20.05,931.26,0,1189.68
CUST_14479,24,Male,0,Yes,Yes,48,Two year,No,Electronic check,DSL,No,No,Yes,124.3,1,2,4.0,66.27,3185.45,0,2292.13
CUST_14480,56,Male,0,No,No,7,Month-to-month,Yes,Mailed check,No,No internet service,No internet service,No internet service,16.4,4,1,2.0,19.89,184.43,1,425.51
CUST_14481,26,Male,0,No,No,54,One year,No,Mailed check,DSL,No,No,Yes,80.8,3,0,3.0,65.78,3558.98,0,2354.24
CUST_14482,46,Male,0,No,No,35,Month-to-month,Yes,Electronic check,DSL,No,Yes,No,168.3,2,0,5.0,71.81,2499.85,0,2553.47
CUST_14483,31,Female,0,Yes,Yes,26,Month-to-month,Yes,Electronic check,No,No internet service,No internet service,No internet service,23.2,3,1,4.0,25.6,637.7,0,1131.44
CUST_14484,49,Female,0,Yes,Yes,8,Month-to-month,No,Electronic check,Fiber optic,No,Yes,Yes,315.1,3,1,4.0,122.27,959.53,1,1471.2
CUST_14485,42,Female,0,Yes,No,22,Month-to-month,No,Credit card (automatic),DSL,No,Yes,No,137.1,4,1,3.0,61.54,1350.68,1,753.2
CUST_14486,21,Female,0,No,No,31,Month-to-month,Yes,Electronic check,No,No internet service,No internet service,No internet service,20.1,2,3,4.0,21.22,665.41,0,763.92
CUST_14487,47,Male,0,No,No,3,Month-to-month,Yes,Electronic check,Fiber optic,Yes,Yes,Yes,473.9,5,5,2.0,125.06,365.83,1,1232.84
CUST_14488,34,Female,0,No,No,52,Two year,No,Credit card (automatic),No,No internet service,No internet service,No internet service,21.0,1,0,4.0,26.51,1352.65,0,1411.08
CUST_14489,53,Male,0,Yes,No,55,One year,Yes,Electronic check,Fiber optic,No,Yes,Yes,169.0,2,1,4.0,113.41,6200.23,0,3514.5
CUST_14490,42,Male,0,Yes,Yes,36,Two year,No,Electronic check,No,No internet service,No internet service,No internet service,18.6,2,5,2.0,20.68,741.15,0,689.47
CUST_14491,47,Female,0,Yes,No,22,Month-to-month,Yes,Electronic check,Fiber optic,No,No,Yes,537.7,3,2,4.0,101.26,2209.27,1,1549.31
CUST_14492,30,Male,0,No,No,43,Two year,Yes,Electronic check,No,No internet service,No internet service,No internet service,18.1,1,2,3.0,26.05,1125.89,0,1165.59
CUST_14493,34,Male,0,Yes,No,37,Month-to-month,No,Electronic check,DSL,Yes,Yes,Yes,184.8,4,2,2.0,100.37,3700.25,0,2998.53
CUST_14494,36,Male,0,Yes,No,64,Two year,No,Credit card (automatic),Fiber optic,Yes,No,Yes,349.2,0,0,5.0,112.06,7139.5,0,3769.0
CUST_14495,53,Female,0,No,No,38,One year,Yes,Credit card (automatic),Fiber optic,Yes,No,No,396.8,0,0,5.0,96.85,3655.43,0,3373.48
CUST_14496,64,Female,0,Yes,Yes,21,One year,Yes,Mailed check,Fiber optic,No,Yes,No,345.7,0,1,,93.8,2003.48,0,2789.39
CUST_14497,32,Female,0,Yes,No,35,Month-to-month,No,Mailed check,Fiber optic,No,No,No,415.7,2,2,3.0,82.9,2928.06,0,2556.65
CUST_14498,56,Female,0,Yes,No,23,Month-to-month,Yes,Mailed check,No,No internet service,No internet service,No internet service,19.2,2,0,4.0,18.5,455.57,1,419.28
CUST_14499,18,Male,0,No,No,15,One year,No,Mailed check,Fiber optic,Yes,No,Yes,205.0,0,0,5.0,119.54,1807.55,0,3309.5
CUST_14500,26,Male,0,No,No,22,One year,Yes,Bank transfer (automatic),DSL,No,No,No,123.1,2,0,3.0,48.08,1070.41,0,1416.22
CUST_14501,30,Male,0,No,No,38,One year,Yes,Mailed check,DSL,No,No,No,121.2,0,0,5.0,50.51,1923.31,1,1062.13
CUST_14502,24,Male,0,No,No,47,One year,Yes,Electronic check,DSL,No,No,No,97.2,0,4,4.0,45.34,2155.47,0,1762.08
CUST_14503,21,Male,0,No,No,4,Month-to-month,Yes,Electronic check,Fiber optic,No,Yes,No,389.2,2,1,4.0,88.79,359.37,1,1288.74
CUST_14504,47,Female,0,No,No,44,Month-to-month,Yes,Credit card (automatic),DSL,Yes,No,No,83.1,1,0,5.0,60.81,2704.33,0,2192.17
CUST_14505,39,Male,0,No,No,66,Month-to-month,No,Electronic check,DSL,Yes,No,No,82.8,6,0,2.0,62.11,4131.74,1,1348.84
CUST_14506,47,Female,0,No,No,33,Month-to-month,Yes,Credit card (automatic),DSL,No,No,Yes,93.0,3,0,3.0,66.06,2170.65,0,2019.29
CUST_14507,51,Male,0,Yes,Yes,11,One year,No,Bank transfer (automatic),Fiber optic,No,No,Yes,197.9,2,0,5.0,100.31,1124.55,0,2572.83
CUST_14508,45,Female,0,Yes,No,50,One year,No,Mailed check,DSL,Yes,No,Yes,90.1,1,1,4.0,73.53,3663.4,0,2482.04
CUST_14509,51,Female,0,Yes,No,41,Two year,No,Electronic check,DSL,Yes,No,No,196.4,1,1,5.0,57.05,2335.98,0,2034.58
CUST_14510,41,Male,0,No,No,45,Two year,No,Electronic check,Fiber optic,Yes,No,No,213.8,0,1,5.0,88.39,3958.19,0,2601.99
CUST_14511,27,Male,0,No,No,26,One year,Yes,Mailed check,DSL,No,No,Yes,82.1,1,0,5.0,62.15,1637.95,0,1806.99
CUST_14512,56,Male,0,No,No,62,One year,Yes,Bank transfer (automatic),DSL,Yes,No,Yes,125.4,2,0,4.0,84.25,5228.7,0,2935.27
CUST_14513,34,Male,0,Yes,Yes,41,Two year,No,Bank transfer (automatic),DSL,No,No,No,75.9,0,0,5.0,56.6,2334.29,0,1810.42
CUST_14514,30,Female,0,Yes,Yes,44,One year,No,Mailed check,Fiber optic,No,Yes,Yes,239.5,0,1,5.0,118.93,5258.32,0,3792.92
CUST_14515,40,Male,0,Yes,Yes,36,One year,Yes,Mailed check,DSL,No,No,Yes,69.1,0,0,5.0,66.17,2368.77,0,2127.33
CUST_14516,30,Female,0,No,No,36,Two year,No,Bank transfer (automatic),No,No internet service,No internet service,No internet service,15.1,1,1,5.0,19.98,709.3,0,806.92
CUST_14517,37,Male,0,Yes,Yes,64,Month-to-month,Yes,Credit card (automatic),DSL,Yes,No,No,110.2,3,1,3.0,60.64,3890.32,0,2350.61
CUST_14518,46,Male,0,No,No,33,One year,No,Credit card (automatic),No,No internet service,No internet service,No internet service,17.4,0,0,4.0,20.77,678.94,0,932.55
CUST_14519,47,Female,0,Yes,No,5,Month-to-month,Yes,Mailed check,Fiber optic,Yes,Yes,Yes,375.2,3,0,4.0,127.27,636.9,0,3503.75
CUST_14520,30,Male,0,Yes,Yes,12,Two year,Yes,Electronic check,Fiber optic,Yes,No,No,492.1,0,2,4.0,89.26,1103.67,0,2636.92
CUST_14521,36,Male,0,No,No,60,Two year,Yes,Electronic check,DSL,No,No,Yes,97.6,1,1,4.0,67.71,4036.49,0,2480.36
CUST_14522,56,Female,0,Yes,Yes,31,One year,Yes,Mailed check,Fiber optic,Yes,Yes,Yes,206.8,0,0,5.0,128.0,3947.0,0,3482.27
CUST_14523,48,Male,0,Yes,No,55,Two year,No,Bank transfer (automatic),Fiber optic,Yes,Yes,No,245.7,1,0,5.0,110.72,6079.85,0,3402.31
CUST_14524,69,Male,1,No,No,54,Two year,No,Mailed check,Fiber optic,No,No,No,571.3,1,0,5.0,75.72,4101.58,0,3010.31
CUST_14525,57,Male,0,Yes,Yes,45,One year,Yes,Bank transfer (automatic),Fiber optic,No,No,Yes,105.2,0,0,5.0,95.31,4291.08,0,2727.21
CUST_14526,57,Female,0,No,No,58,Two year,Yes,Credit card (automatic),DSL,No,No,Yes,166.7,0,0,5.0,74.43,4336.39,0,2604.75
CUST_14527,24,Female,0,No,No,29,Month-to-month,Yes,Electronic check,DSL,Yes,No,Yes,166.4,2,0,4.0,82.17,2378.88,0,2838.83
CUST_14528,52,Male,0,Yes,No,48,Two year,Yes,Credit card (automatic),DSL,Yes,Yes,Yes,131.2,2,0,4.0,91.32,4390.27,0,3032.01
CUST_14529,41,Female,0,No,No,32,One year,No,Electronic check,No,No internet service,No internet service,No internet service,10.2,1,3,3.0,18.5,608.63,0,982.77
CUST_14530,35,Male,0,Yes,Yes,43,One year,Yes,Electronic check,Fiber optic,No,Yes,Yes,414.3,2,1,4.0,121.28,5220.14,0,4078.87
CUST_14531,44,Female,0,No,No,26,Month-to-month,Yes,Credit card (automatic),DSL,No,No,Yes,85.4,0,0,5.0,69.72,1798.49,0,1966.85
CUST_14532,54,Male,0,No,No,33,Month-to-month,Yes,Credit card (automatic),Fiber optic,No,No,No,290.3,0,0,5.0,81.25,2720.81,0,2651.54
CUST_14533,49,Male,0,No,No,48,Two year,No,Bank transfer (automatic),Fiber optic,No,No,Yes,377.5,0,0,5.0,93.52,4533.22,0,3322.31
CUST_14534,31,Female,0,Yes,Yes,11,Month-to-month,Yes,Credit card (automatic),DSL,No,No,No,98.8,3,0,3.0,44.93,524.45,0,1043.15
CUST_14535,52,Female,0,Yes,No,15,Month-to-month,Yes,Credit card (automatic),Fiber optic,No,Yes,Yes,215.4,4,0,3.0,120.4,1786.51,0,3274.37
CUST_14536,34,Male,0,Yes,No,0,Month-to-month,No,Mailed check,DSL,No,No,No,111.8,1,0,4.0,47.69,8.61,0,1155.68
CUST_14537,45,Male,0,No,No,33,Month-to-month,No,Bank transfer (automatic),DSL,Yes,No,Yes,141.0,2,1,4.0,85.31,2834.1,0,2653.95
CUST_14538,38,Female,0,No,No,48,One year,No,Electronic check,Fiber optic,No,No,Yes,490.2,0,3,5.0,104.06,5004.79,0,3468.06
CUST_14539,39,Male,0,Yes,Yes,3,Month-to-month,Yes,Electronic check,DSL,No,No,No,147.9,4,3,3.0,47.88,131.39,1,789.41
CUST_14540,52,Female,0,No,No,26,Two year,No,Bank transfer (automatic),DSL,No,No,No,185.0,1,2,4.0,48.62,1274.1,0,1541.59
CUST_14541,28,Female,0,Yes,No,49,One year,No,Bank transfer (automatic),Fiber optic,No,Yes,No,380.5,2,0,4.0,90.5,4423.06,0,3256.35
CUST_14542,67,Male,1,Yes,Yes,21,Two year,No,Mailed check,DSL,Yes,Yes,No,112.3,0,0,5.0,66.73,1360.83,0,2144.73
CUST_14543,18,Female,0,Yes,No,1,Month-to-month,Yes,Mailed check,Fiber optic,No,No,No,567.9,2,0,4.0,83.03,110.78,0,2462.89
CUST_14544,34,Male,0,Yes,Yes,24,Month-to-month,Yes,Credit card (automatic),Fiber optic,No,No,Yes,303.6,1,0,5.0,107.19,2604.11,0,2980.77
CUST_14545,47,Female,0,Yes,Yes,18,Two year,No,Mailed check,DSL,Yes,No,Yes,156.7,1,0,5.0,79.41,1435.88,0,2005.56
CUST_14546,50,Female,0,No,No,8,Month-to-month,No,Credit card (automatic),DSL,No,No,No,172.8,6,0,3.0,55.59,367.86,1,996.26
CUST_14547,41,Female,0,Yes,No,45,One year,Yes,Credit card (automatic),Fiber optic,No,Yes,Yes,62.0,0,0,5.0,118.37,5364.88,0,3605.82
CUST_14548,41,Male,0,Yes,Yes,12,Month-to-month,Yes,Bank transfer (automatic),Fiber optic,No,No,Yes,355.6,3,0,3.0,91.72,1086.4,1,1287.91
CUST_14549,47,Male,0,No,No,55,One year,No,Electronic check,Fiber optic,No,Yes,Yes,215.4,1,2,4.0,109.92,6015.06,0,3327.19
CUST_14550,39,Male,0,Yes,Yes,24,Month-to-month,Yes,Electronic check,DSL,Yes,No,No,71.4,2,2,4.0,49.39,1159.99,1,995.65
CUST_14551,60,Female,0,No,No,39,Two year,Yes,Mailed check,Fiber optic,No,Yes,No,247.5,1,0,5.0,95.76,3735.94,0,2982.21
CUST_14552,53,Female,0,Yes,Yes,35,Two year,No,Bank transfer (automatic),DSL,Yes,No,No,44.0,2,0,5.0,58.07,2046.98,0,1867.33
CUST_14553,53,Male,0,No,No,2,Month-to-month,Yes,Mailed check,No,No internet service,No internet service,No internet service,19.3,1,0,4.0,19.02,45.86,0,824.92
CUST_14554,29,Female,0,No,No,11,Month-to-month,No,Credit card (automatic),Fiber optic,Yes,No,Yes,316.5,1,0,5.0,110.41,1212.78,0,3099.93
CUST_14555,41,Male,0,Yes,No,22,One year,No,Bank transfer (automatic),Fiber optic,No,No,Yes,482.2,4,0,3.0,100.13,2239.64,0,3244.25
CUST_14556,38,Female,0,No,No,12,Two year,No,Mailed check,Fiber optic,No,No,No,384.7,0,0,5.0,80.46,965.02,0,2199.23
CUST_14557,29,Male,0,No,No,31,Month-to-month,Yes,Credit card (automatic),DSL,No,No,Yes,117.9,2,0,3.0,74.71,2310.4,0,2259.32
CUST_14558,47,Female,0,No,No,32,Month-to-month,Yes,Electronic check,DSL,No,Yes,No,83.8,0,2,5.0,60.42,1942.46,0,1853.29
CUST_14559,35,Male,0,Yes,Yes,14,Month-to-month,No,Electronic check,Fiber optic,Yes,No,No,304.6,4,0,4.0,85.64,1184.93,1,1096.4
CUST_14560,51,Female,0,Yes,Yes,36,One year,No,Electronic check,Fiber optic,No,No,No,399.6,2,2,4.0,79.95,2837.74,0,2720.78
CUST_14561,28,Female,0,No,No,13,One year,No,Electronic check,No,No internet service,No internet service,No internet service,13.5,0,2,4.0,19.1,250.33,0,695.86
CUST_14562,64,Female,0,No,No,42,Two year,No,Credit card (automatic),Fiber optic,No,No,Yes,276.2,4,2,3.0,100.65,4239.0,0,3189.92
CUST_14563,30,Female,0,Yes,Yes,51,One year,Yes,Bank transfer (automatic),DSL,No,No,Yes,119.7,3,1,3.0,73.89,3762.64,0,2494.53
CUST_14564,45,Female,0,Yes,Yes,18,One year,Yes,Bank transfer (automatic),Fiber optic,Yes,No,No,493.6,1,0,3.0,87.57,1584.68,0,2698.82
CUST_14565,52,Male,0,Yes,No,28,One year,No,Bank transfer (automatic),DSL,No,No,Yes,126.9,1,1,4.0,61.34,1711.87,0,2065.1
CUST_14566,35,Male,0,Yes,Yes,29,One year,Yes,Bank transfer (automatic),DSL,Yes,Yes,Yes,165.0,0,0,5.0,95.77,2764.14,0,2952.58
CUST_14567,53,Male,0,Yes,Yes,34,Month-to-month,No,Bank transfer (automatic),DSL,Yes,No,Yes,28.7,3,0,4.0,93.22,3157.45,0,2626.98
CUST_14568,26,Male,0,Yes,No,33,Month-to-month,Yes,Credit card (automatic),No,No internet service,No internet service,No internet service,15.6,1,0,4.0,19.76,637.68,0,1244.45
CUST_14569,61,Male,0,Yes,No,7,Month-to-month,Yes,Mailed check,DSL,Yes,No,Yes,114.7,4,0,4.0,79.13,513.02,1,431.2
CUST_14570,42,Female,0,Yes,No,3,One year,Yes,Credit card (automatic),DSL,No,No,No,81.2,2,0,4.0,47.34,154.68,0,1318.56
CUST_14571,34,Female,0,No,No,48,Two year,Yes,Credit card (automatic),DSL,No,No,No,127.4,3,0,4.0,51.04,2418.22,0,1677.66
CUST_14572,38,Female,0,Yes,No,34,Month-to-month,No,Electronic check,Fiber optic,No,No,Yes,449.6,1,2,4.0,96.43,3337.3,1,1769.3
CUST_14573,53,Male,0,Yes,Yes,25,Month-to-month,Yes,Mailed check,DSL,No,No,Yes,123.7,0,0,5.0,81.33,1985.27,0,2640.71
CUST_14574,34,Female,0,Yes,Yes,22,One year,No,Credit card (automatic),Fiber optic,Yes,Yes,No,197.7,1,0,4.0,101.44,2219.96,0,2968.89
CUST_14575,32,Female,0,No,No,26,Month-to-month,No,Credit card (automatic),Fiber optic,No,Yes,No,406.7,1,0,5.0,89.97,2389.96,0,3112.14
CUST_14576,39,Male,0,No,No,50,One year,Yes,Electronic check,DSL,No,No,No,168.7,0,0,5.0,55.61,2773.96,0,2141.25
CUST_14577,27,Female,0,No,No,65,Month-to-month,Yes,Electronic check,Fiber optic,No,No,Yes,368.8,4,0,4.0,102.41,6638.56,0,3834.53
CUST_14578,66,Male,1,Yes,Yes,34,Month-to-month,No,Mailed check,DSL,Yes,No,No,117.5,4,1,3.0,67.93,2276.45,0,2067.75
CUST_14579,35,Male,0,No,No,47,One year,Yes,Electronic check,Fiber optic,Yes,No,Yes,267.0,2,0,4.0,118.66,5578.86,0,3575.95
CUST_14580,53,Female,0,Yes,No,15,Month-to-month,No,Electronic check,Fiber optic,Yes,No,Yes,396.7,1,2,4.0,115.26,1702.31,1,1511.34
CUST_14581,45,Female,0,Yes,No,29,One year,Yes,Electronic check,Fiber optic,No,No,Yes,305.4,1,2,3.0,93.5,2710.99,0,3194.12
CUST_14582,29,Female,0,No,No,21,Two year,No,Electronic check,Fiber optic,Yes,No,Yes,805.2,1,1,5.0,110.0,2335.19,0,3725.74
CUST_14583,42,Male,0,No,No,46,One year,Yes,Mailed check,Fiber optic,Yes,Yes,No,488.6,1,0,4.0,100.85,4628.12,0,3119.0
CUST_14584,52,Female,0,No,No,34,Month-to-month,Yes,Credit card (automatic),Fiber optic,Yes,Yes,No,381.7,1,1,4.0,103.31,3531.89,0,3389.76
CUST_14585,40,Male,0,No,No,59,One year,No,Electronic check,No,No internet service,No internet service,No internet service,17.5,2,0,4.0,18.5,1086.79,0,1380.74
CUST_14586,58,Male,0,No,No,29,One year,Yes,Bank transfer (automatic),DSL,Yes,No,No,114.2,1,0,4.0,56.88,1688.23,0,1681.01
CUST_14587,55,Female,0,Yes,Yes,44,Two year,Yes,Mailed check,No,No internet service,No internet service,No internet service,17.5,3,0,4.0,25.64,1151.84,0,1272.2
CUST_14588,54,Female,0,Yes,Yes,4,Month-to-month,Yes,Credit card (automatic),DSL,Yes,Yes,No,145.0,5,0,3.0,78.78,352.31,0,2114.15
CUST_14589,36,Male,0,Yes,No,45,Month-to-month,No,Mailed check,DSL,No,No,No,86.8,2,0,4.0,42.0,1897.65,0,1578.21
CUST_14590,28,Female,0,No,No,32,One year,Yes,Electronic check,Fiber optic,No,No,Yes,319.6,1,1,4.0,101.87,3297.12,1,1477.6
CUST_14591,34,Male,0,Yes,Yes,16,One year,Yes,Credit card (automatic),DSL,No,No,No,133.5,3,0,3.0,41.55,650.97,0,1031.28
CUST_14592,45,Female,0,No,No,30,Month-to-month,Yes,Credit card (automatic),DSL,Yes,No,Yes,137.5,3,1,3.0,83.01,2485.51,0,2416.78
CUST_14593,49,Male,0,Yes,Yes,28,Month-to-month,Yes,Bank transfer (automatic),DSL,Yes,No,Yes,109.1,3,0,4.0,78.23,2203.85,1,1061.6
CUST_14594,18,Male,0,Yes,Yes,8,Month-to-month,No,Electronic check,DSL,Yes,No,Yes,103.0,4,1,4.0,80.49,613.64,0,2078.86
CUST_14595,42,Male,0,Yes,No,42,One year,Yes,Electronic check,DSL,No,No,Yes,144.4,1,0,5.0,65.35,2736.38,0,2192.14
CUST_14596,44,Female,0,Yes,No,12,Month-to-month,Yes,Electronic check,DSL,Yes,No,No,143.3,2,0,4.0,62.89,762.92,0,2071.8
CUST_14597,38,Female,0,No,No,18,One year,Yes,Electronic check,Fiber optic,Yes,No,Yes,295.6,0,1,5.0,109.43,1957.12,0,3159.26
CUST_14598,59,Male,0,Yes,No,60,One year,No,Electronic check,Fiber optic,Yes,Yes,No,95.0,0,1,5.0,104.12,6287.63,0,3468.37
CUST_14599,47,Female,0,Yes,Yes,42,Two year,Yes,Electronic check,Fiber optic,Yes,Yes,Yes,422.0,1,0,5.0,123.12,5187.54,0,3940.56
CUST_14600,59,Female,0,Yes,Yes,63,Two year,No,Electronic check,DSL,Yes,No,No,156.8,2,1,4.0,58.3,3685.7,0,2327.84
CUST_14601,39,Male,0,Yes,Yes,8,Month-to-month,No,Bank transfer (automatic),No,No internet service,No internet service,No internet service,18.2,2,0,4.0,21.19,153.0,0,876.4
CUST_14602,54,Female,0,Yes,Yes,39,One year,Yes,Bank transfer (automatic),DSL,Yes,Yes,Yes,193.7,2,0,4.0,95.07,3732.18,0,3180.89
CUST_14603,63,Female,0,Yes,Yes,50,Two year,Yes,Electronic check,DSL,No,Yes,No,154.1,1,1,4.0,55.4,2732.05,0,2226.64
CUST_14604,59,Female,0,No,No,19,Month-to-month,Yes,Credit card (automatic),No,No internet service,No internet service,No internet service,16.4,2,0,5.0,22.96,445.03,0,841.79
CUST_14605,28,Male,0,Yes,No,50,Month-to-month,No,Bank transfer (automatic),Fiber optic,No,Yes,Yes,238.2,0,0,5.0,117.7,5911.48,0,3651.99
CUST_14606,39,Male,0,Yes,No,55,One year,No,Electronic check,No,No internet service,No internet service,No internet service,14.6,0,0,5.0,18.5,1017.51,0,1223.86
CUST_14607,38,Female,0,No,No,30,One year,No,Electronic check,DSL,No,No,Yes,111.4,0,1,5.0,73.23,2164.51,0,1979.9
CUST_14608,48,Female,0,Yes,No,52,One year,Yes,Electronic check,Fiber optic,No,No,Yes,378.6,0,0,5.0,98.45,5128.05,0,3350.11
CUST_14609,51,Female,0,Yes,No,29,Month-to-month,No,Bank transfer (automatic),DSL,No,No,No,67.5,0,0,5.0,43.38,1217.61,0,1629.73
CUST_14610,31,Male,0,No,No,15,Two year,Yes,Electronic check,Fiber optic,Yes,No,Yes,418.4,0,1,5.0,113.79,1670.31,0,3068.01
CUST_14611,43,Female,0,Yes,No,1,Month-to-month,No,Electronic check,DSL,No,No,Yes,94.9,0,1,5.0,74.95,112.1,1,503.41
CUST_14612,18,Male,0,No,No,41,Two year,Yes,Mailed check,DSL,Yes,Yes,Yes,134.0,1,0,4.0,98.4,4058.1,0,2896.52
CUST_14613,61,Female,0,No,No,57,Two year,Yes,Bank transfer (automatic),DSL,No,No,Yes,99.5,3,0,4.0,73.43,4140.09,0,2441.86
CUST_14614,35,Male,0,No,No,13,Month-to-month,Yes,Electronic check,Fiber optic,Yes,No,No,334.0,2,1,4.0,88.49,1121.99,0,2679.63
CUST_14615,43,Female,0,No,No,3,Two year,Yes,Mailed check,DSL,No,Yes,Yes,81.9,0,1,4.0,84.62,272.25,0,2201.29
CUST_14616,38,Male,0,Yes,No,28,Month-to-month,Yes,Electronic check,No,No internet service,No internet service,No internet service,10.5,2,2,3.0,25.34,737.84,0,1193.0
CUST_14617,57,Female,0,Yes,No,18,One year,Yes,Mailed check,Fiber optic,No,No,Yes,411.0,0,0,5.0,103.66,1869.92,0,2891.53
CUST_14618,18,Female,0,Yes,No,47,One year,Yes,Mailed check,Fiber optic,No,Yes,No,463.5,2,0,4.0,96.83,4538.55,0,3323.54
CUST_14619,42,Male,0,Yes,Yes,21,Two year,Yes,Mailed check,Fiber optic,No,No,No,343.5,0,0,5.0,76.27,1613.92,0,2646.8
CUST_14620,41,Male,0,No,No,68,Two year,Yes,Mailed check,No,No internet service,No internet service,No internet service,21.6,0,0,5.0,19.46,1355.0,0,1574.05
CUST_14621,36,Female,0,No,No,6,Month-to-month,Yes,Electronic check,Fiber optic,Yes,No,Yes,474.2,1,2,4.0,113.18,666.34,1,1193.83
CUST_14622,64,Male,0,No,No,54,Two year,No,Electronic check,No,No internet service,No internet service,No internet service,16.2,1,3,3.0,18.5,1025.31,0,855.03
CUST_14623,30,Male,0,No,No,40,Two year,Yes,Electronic check,No,No internet service,No internet service,No internet service,9.8,0,2,5.0,18.5,721.32,0,1050.59
CUST_14624,52,Male,0,Yes,Yes,66,Month-to-month,Yes,Electronic check,DSL,Yes,Yes,No,130.4,7,0,2.0,78.5,5159.14,1,1432.97
CUST_14625,47,Female,0,No,No,54,Month-to-month,Yes,Electronic check,DSL,No,No,No,134.7,1,1,3.0,42.7,2320.22,0,1726.22
CUST_14626,58,Male,0,No,No,56,Two year,No,Electronic check,Fiber optic,No,No,No,415.4,2,0,4.0,77.4,4355.87,0,3013.87
CUST_14627,33,Female,0,No,No,28,Two year,Yes,Mailed check,DSL,Yes,No,Yes,105.0,1,1,4.0,85.39,2403.45,0,2504.61
CUST_14628,32,Female,0,Yes,Yes,65,One year,Yes,Electronic check,DSL,Yes,No,Yes,90.1,1,2,4.0,80.06,5198.6,0,3001.91
CUST_14629,56,Male,0,No,No,36,Month-to-month,No,Credit card (automatic),Fiber optic,No,No,No,148.7,1,0,5.0,75.96,2743.02,0,2221.67
CUST_14630,48,Female,0,Yes,Yes,7,Month-to-month,Yes,Credit card (automatic),Fiber optic,No,Yes,No,364.2,2,1,4.0,96.85,677.87,1,1239.15
CUST_14631,22,Female,0,No,No,54,Month-to-month,Yes,Electronic check,Fiber optic,Yes,No,Yes,338.4,2,3,3.0,115.64,6248.44,1,1877.57
CUST_14632,35,Male,0,No,No,10,Month-to-month,Yes,Mailed check,No,No internet service,No internet service,No internet service,21.4,1,0,5.0,26.41,285.32,1,453.89
CUST_14633,47,Male,0,Yes,No,35,Month-to-month,Yes,Credit card (automatic),Fiber optic,No,No,Yes,229.3,2,0,4.0,99.41,3455.58,0,3072.14
CUST_14634,53,Female,0,No,No,68,One year,Yes,Mailed check,DSL,No,No,No,118.5,1,0,4.0,40.26,2757.83,0,1980.68
CUST_14635,33,Female,0,No,No,10,Two year,Yes,Credit card (automatic),DSL,Yes,No,Yes,74.2,0,0,5.0,82.43,861.88,0,2368.83
CUST_14636,18,Male,0,Yes,No,7,Month-to-month,No,Credit card (automatic),DSL,No,No,No,188.6,3,0,4.0,48.2,316.82,1,782.02
CUST_14637,49,Female,0,No,No,48,Month-to-month,Yes,Credit card (automatic),DSL,No,No,Yes,104.9,4,0,4.0,65.44,3173.21,0,2489.84
CUST_14638,26,Male,0,No,No,7,Month-to-month,Yes,Electronic check,DSL,No,No,Yes,62.1,4,4,2.0,71.54,505.95,1,724.64
CUST_14639,18,Male,0,No,No,21,Month-to-month,Yes,Electronic check,DSL,No,Yes,Yes,122.1,4,1,3.0,80.25,1700.74,0,2428.87
CUST_14640,18,Female,0,No,No,71,Two year,Yes,Electronic check,Fiber optic,Yes,No,No,372.1,1,0,4.0,97.1,6861.26,0,3464.29
CUST_14641,53,Male,0,Yes,Yes,29,One year,Yes,Bank transfer (automatic),Fiber optic,No,No,No,271.8,4,0,3.0,75.77,2213.62,1,1159.06
CUST_14642,44,Male,0,No,No,18,One year,No,Mailed check,Fiber optic,Yes,No,Yes,347.4,0,0,5.0,102.62,1793.29,0,2828.73
CUST_14643,39,Female,0,Yes,Yes,23,Two year,Yes,Electronic check,No,No internet service,No internet service,No internet service,9.7,0,0,5.0,22.54,488.9,0,1196.29
CUST_14644,60,Male,0,Yes,Yes,53,One year,No,Electronic check,DSL,No,No,No,96.6,0,0,5.0,51.14,2673.17,0,1844.88
CUST_14645,50,Male,0,No,No,55,Two year,No,Bank transfer (automatic),Fiber optic,No,No,Yes,281.6,2,0,4.0,96.65,5290.18,0,3414.7
CUST_14646,63,Male,0,No,No,32,Month-to-month,Yes,Mailed check,DSL,Yes,No,Yes,233.0,4,0,2.0,76.9,2447.01,0,2545.72
CUST_14647,24,Male,0,No,No,17,One year,No,Bank transfer (automatic),No,No internet service,No internet service,No internet service,20.9,0,0,5.0,27.33,465.03,0,951.63
CUST_14648,42,Female,0,No,No,10,Month-to-month,Yes,Bank transfer (automatic),Fiber optic,No,No,No,350.0,1,0,5.0,87.53,825.49,0,2573.47
CUST_14649,21,Female,0,No,No,47,One year,Yes,Mailed check,DSL,No,Yes,Yes,113.0,1,0,4.0,88.71,4179.84,0,2824.98
CUST_14650,39,Female,0,Yes,Yes,47,Two year,Yes,Electronic check,DSL,Yes,Yes,Yes,171.2,0,1,5.0,96.17,4511.88,0,2976.36
CUST_14651,39,Female,0,No,No,46,Month-to-month,Yes,Credit card (automatic),Fiber optic,Yes,No,No,492.0,2,0,4.0,88.0,4069.73,0,3352.28
CUST_14652,50,Female,0,Yes,Yes,42,Month-to-month,Yes,Electronic check,DSL,Yes,Yes,Yes,105.5,1,0,5.0,98.43,4148.19,0,2841.99
CUST_14653,43,Male,0,No,No,18,Month-to-month,No,Credit card (automatic),No,No internet service,No internet service,No internet service,27.3,4,0,3.0,22.32,423.86,1,480.12
CUST_14654,50,Male,0,No,No,22,One year,Yes,Credit card (automatic),DSL,No,No,No,105.5,1,0,4.0,47.06,1033.89,0,1531.18
CUST_14655,51,Male,0,No,No,56,Month-to-month,No,Bank transfer (automatic),DSL,No,No,No,108.5,2,1,3.0,46.26,2602.25,0,2003.95
CUST_14656,70,Male,1,Yes,Yes,39,One year,Yes,Bank transfer (automatic),DSL,No,No,Yes,143.6,1,0,5.0,68.03,2656.44,0,2405.7
CUST_14657,38,Male,0,No,No,46,Two year,No,Mailed check,DSL,No,No,Yes,125.8,2,2,4.0,65.04,3001.98,0,2201.52
CUST_14658,30,Female,0,No,No,32,Month-to-month,Yes,Credit card (automatic),Fiber optic,Yes,No,Yes,286.4,3,0,4.0,112.19,3584.93,0,3343.75
CUST_14659,45,Male,0,No,No,40,Month-to-month,Yes,Electronic check,Fiber optic,Yes,Yes,No,314.8,3,4,3.0,106.21,4188.49,1,1552.7
CUST_14660,32,Female,0,Yes,Yes,64,Two year,Yes,Mailed check,Fiber optic,Yes,No,No,274.2,0,0,5.0,91.74,5885.49,0,3364.94
CUST_14661,61,Male,0,No,No,11,Month-to-month,No,Electronic check,Fiber optic,No,Yes,No,359.0,2,2,3.0,90.91,1008.46,1,1361.17
CUST_14662,38,Male,0,No,No,6,Month-to-month,Yes,Credit card (automatic),DSL,No,No,No,112.9,1,0,5.0,52.23,328.78,1,546.69
CUST_14663,35,Female,0,No,No,37,Two year,Yes,Credit card (automatic),DSL,No,No,No,138.9,0,0,5.0,49.01,1810.1,0,1851.25
CUST_14664,36,Male,0,No,No,42,One year,Yes,Bank transfer (automatic),Fiber optic,Yes,No,Yes,381.8,1,0,5.0,115.97,4909.72,0,3678.93
CUST_14665,51,Male,0,Yes,No,43,Two year,Yes,Mailed check,Fiber optic,No,No,No,242.7,2,0,4.0,77.86,3344.86,0,2610.44
CUST_14666,40,Female,0,Yes,Yes,40,Month-to-month,Yes,Electronic check,DSL,No,No,No,99.7,2,1,4.0,47.96,1915.45,0,1921.25
CUST_14667,34,Male,0,Yes,No,39,One year,Yes,Mailed check,Fiber optic,No,No,No,484.8,0,0,5.0,81.33,3176.17,0,3167.17
CUST_14668,64,Female,0,Yes,Yes,31,Month-to-month,Yes,Credit card (automatic),Fiber optic,Yes,No,No,336.8,1,0,4.0,88.48,2758.39,1,1229.22
CUST_14669,31,Female,0,No,No,51,Two year,No,Bank transfer (automatic),DSL,No,Yes,Yes,77.7,1,0,4.0,84.39,4278.38,0,2774.96
CUST_14670,42,Male,0,Yes,No,56,One year,Yes,Mailed check,Fiber optic,No,No,Yes,317.1,2,0,3.0,99.42,5594.78,0,3177.69
CUST_14671,50,Male,0,Yes,No,21,Two year,Yes,Credit card (automatic),No,No internet service,No internet service,No internet service,15.0,1,0,5.0,19.29,416.06,0,574.12
CUST_14672,21,Male,0,Yes,Yes,60,Two year,No,Electronic check,DSL,Yes,No,Yes,210.9,1,0,5.0,81.07,4907.5,0,2842.05
CUST_14673,48,Male,0,No,No,10,Two year,Yes,Credit card (automatic),Fiber optic,No,Yes,Yes,304.1,1,0,4.0,113.08,1138.72,0,3012.19
CUST_14674,28,Female,0,Yes,Yes,27,Month-to-month,Yes,Mailed check,Fiber optic,Yes,Yes,No,309.6,4,1,3.0,113.89,3079.37,1,1311.7
CUST_14675,53,Male,0,Yes,No,25,One year,No,Electronic check,Fiber optic,No,No,No,376.7,1,1,5.0,83.67,2060.18,0,2845.85
CUST_14676,29,Male,0,Yes,Yes,6,Month-to-month,Yes,Bank transfer (automatic),Fiber optic,No,Yes,No,431.0,1,0,4.0,91.23,545.34,1,1214.92
CUST_14677,51,Male,0,Yes,No,14,One year,Yes,Credit card (automatic),Fiber optic,No,No,No,593.6,0,0,4.0,77.11,1051.48,0,2502.59
CUST_14678,56,Female,0,No,No,50,One year,No,Mailed check,DSL,No,No,Yes,109.8,4,1,2.0,76.46,3773.34,0,2548.97
CUST_14679,53,Male,0,Yes,Yes,45,Month-to-month,No,Mailed check,No,No internet service,No internet service,No internet service,14.0,2,0,4.0,24.49,1055.5,1,921.85
CUST_14680,45,Male,0,No,No,14,One year,Yes,Credit card (automatic),Fiber optic,No,No,No,205.1,1,0,4.0,79.76,1098.34,0,2170.56
CUST_14681,39,Male,0,No,No,49,Two year,No,Credit card (automatic),Fiber optic,No,No,No,194.9,0,0,5.0,78.81,3851.09,0,2641.15
CUST_14682,35,Male,0,No,No,7,Month-to-month,Yes,Credit card (automatic),Fiber optic,No,No,Yes,353.8,0,0,4.0,99.22,689.02,0,2467.87
CUST_14683,61,Female,0,No,No,49,One year,Yes,Mailed check,Fiber optic,No,Yes,No,242.0,0,0,5.0,93.11,4577.81,0,3040.18
CUST_14684,33,Male,0,No,No,43,Two year,No,Bank transfer (automatic),Fiber optic,Yes,No,Yes,160.4,1,0,4.0,111.48,4755.2,0,3083.78
CUST_14685,29,Male,0,No,No,61,One year,No,Credit card (automatic),DSL,No,No,Yes,89.0,2,0,4.0,67.8,4090.43,0,2560.78
CUST_14686,51,Female,0,No,No,45,Two year,Yes,Mailed check,Fiber optic,No,Yes,No,199.7,1,0,4.0,100.13,4499.37,0,3034.2
CUST_14687,32,Male,0,Yes,Yes,22,Two year,Yes,Mailed check,DSL,Yes,No,No,117.3,0,1,5.0,62.93,1376.48,0,1857.42
CUST_14688,30,Female,0,Yes,Yes,34,One year,No,Bank transfer (automatic),Fiber optic,No,Yes,Yes,195.2,2,0,4.0,117.64,3999.72,0,3246.32
CUST_14689,23,Female,0,No,No,3,Month-to-month,Yes,Mailed check,DSL,Yes,Yes,No,103.9,0,0,5.0,69.49,200.41,0,1766.35
CUST_14690,36,Male,0,No,No,26,One year,Yes,Electronic check,Fiber optic,Yes,No,No,408.0,2,0,4.0,93.53,2395.7,0,3135.38
CUST_14691,41,Female,0,No,No,22,One year,No,Electronic check,DSL,No,No,No,110.8,0,8,2.0,39.76,881.55,0,1268.24
CUST_14692,45,Female,0,No,No,50,Month-to-month,Yes,Bank transfer (automatic),Fiber optic,No,Yes,Yes,339.2,1,3,3.0,110.29,5558.17,0,3447.0
CUST_14693,54,Male,0,Yes,Yes,19,One year,No,Mailed check,Fiber optic,No,No,Yes,205.4,0,1,5.0,103.21,1943.39,0,2778.44
CUST_14694,49,Female,0,No,No,46,Month-to-month,Yes,Credit card (automatic),Fiber optic,No,No,No,425.9,1,0,4.0,81.07,3710.54,1,1665.76
CUST_14695,40,Female,0,Yes,Yes,36,Two year,Yes,Electronic check,DSL,No,No,No,130.0,0,4,4.0,39.81,1399.3,0,1787.99
CUST_14696,39,Female,0,Yes,No,35,One year,Yes,Electronic check,DSL,Yes,Yes,No,114.8,1,1,5.0,78.24,2757.5,0,2325.4
CUST_14697,49,Female,0,No,No,69,One year,Yes,Credit card (automatic),Fiber optic,No,No,Yes,375.4,1,0,5.0,105.65,7330.12,0,3701.73
CUST_14698,59,Male,0,Yes,Yes,45,Two year,Yes,Mailed check,DSL,No,No,No,113.1,0,2,4.0,44.4,2025.65,0,1358.01
CUST_14699,44,Male,0,No,No,37,One year,No,Mailed check,DSL,Yes,No,Yes,138.1,0,0,5.0,85.11,3149.53,0,2503.52
CUST_14700,36,Male,0,No,No,0,Month-to-month,No,Credit card (automatic),DSL,Yes,No,Yes,149.9,2,0,5.0,82.35,1.17,0,2098.47
CUST_14701,29,Male,0,Yes,Yes,12,Month-to-month,No,Bank transfer (automatic),DSL,No,No,Yes,103.9,0,0,4.0,71.02,832.92,0,2017.56
CUST_14702,23,Female,0,No,No,17,Month-to-month,No,Bank transfer (automatic),DSL,No,No,No,100.8,1,0,4.0,49.05,807.19,0,1261.2
CUST_14703,51,Male,0,No,No,19,Month-to-month,Yes,Credit card (automatic),Fiber optic,Yes,No,Yes,280.6,2,0,4.0,111.05,2133.74,1,1637.31
CUST_14704,50,Male,0,Yes,Yes,37,One year,No,Electronic check,DSL,Yes,No,Yes,90.4,1,1,4.0,89.46,3309.71,0,2583.18
CUST_14705,50,Male,0,Yes,No,7,Month-to-month,Yes,Mailed check,DSL,No,No,Yes,82.7,3,0,4.0,75.01,478.8,1,941.82
CUST_14706,40,Male,0,No,No,24,Month-to-month,Yes,Credit card (automatic),Fiber optic,No,No,Yes,343.9,2,0,5.0,106.95,2544.76,0,2823.71
CUST_14707,60,Male,0,Yes,No,36,One year,No,Mailed check,DSL,No,No,No,106.7,0,0,5.0,48.4,1696.36,0,1494.91
CUST_14708,36,Male,0,No,No,42,One year,Yes,Credit card (automatic),DSL,Yes,Yes,No,118.1,0,1,4.0,74.53,3105.81,0,2711.72
CUST_14709,54,Female,0,Yes,No,49,One year,Yes,Electronic check,Fiber optic,Yes,Yes,Yes,400.3,1,0,5.0,128.0,6308.74,0,3871.18
CUST_14710,41,Male,0,No,No,7,Month-to-month,No,Electronic check,Fiber optic,Yes,No,No,386.2,2,3,3.0,94.41,679.5,1,1134.94
CUST_14711,34,Female,0,No,No,35,Two year,Yes,Mailed check,DSL,Yes,Yes,No,174.4,1,0,4.0,76.01,2660.6,0,2605.84
CUST_14712,50,Female,0,Yes,No,13,Month-to-month,No,Bank transfer (automatic),Fiber optic,Yes,No,Yes,355.2,1,0,5.0,112.33,1474.4,0,3070.96
CUST_14713,47,Female,0,No,No,20,One year,No,Electronic check,No,No internet service,No internet service,No internet service,13.7,2,0,5.0,20.39,424.09,1,459.3
CUST_14714,47,Female,0,No,No,35,Two year,No,Electronic check,No,No internet service,No internet service,No internet service,15.4,2,1,5.0,22.82,796.24,0,903.52
CUST_14715,43,Female,0,No,No,35,Month-to-month,Yes,Credit card (automatic),Fiber optic,No,No,No,429.2,2,2,4.0,78.39,2770.65,1,1380.79
CUST_14716,42,Female,0,No,No,26,One year,Yes,Credit card (automatic),DSL,No,No,Yes,205.5,0,0,5.0,68.16,1758.25,0,1875.36
CUST_14717,73,Male,1,No,No,12,One year,No,Electronic check,Fiber optic,No,No,Yes,390.9,1,0,5.0,97.95,1178.71,0,2809.1
CUST_14718,57,Male,0,No,No,17,Month-to-month,Yes,Mailed check,DSL,No,No,No,127.7,1,0,5.0,46.13,786.59,1,865.26
CUST_14719,51,Male,0,No,No,71,One year,Yes,Mailed check,DSL,Yes,No,No,164.1,1,0,4.0,54.58,3875.98,0,2441.92
CUST_14720,43,Female,0,No,No,53,Two year,Yes,Credit card (automatic),No,No internet service,No internet service,No internet service,12.5,1,0,4.0,18.5,1009.9,0,1257.24
CUST_14721,55,Male,0,Yes,No,49,One year,Yes,Bank transfer (automatic),Fiber optic,No,No,Yes,338.4,1,1,4.0,107.21,5260.19,0,3438.08
CUST_14722,49,Male,0,No,No,62,One year,No,Credit card (automatic),Fiber optic,No,Yes,No,387.4,0,1,5.0,95.19,5882.41,0,3537.65
CUST_14723,42,Female,0,Yes,No,53,Two year,No,Credit card (automatic),DSL,No,Yes,Yes,86.4,0,0,4.0,87.45,4656.5,0,2868.49
CUST_14724,38,Male,0,Yes,Yes,58,Two year,Yes,Bank transfer (automatic),DSL,No,No,No,63.0,0,0,5.0,46.59,2743.89,0,1584.81
CUST_14725,41,Male,0,Yes,Yes,42,One year,Yes,Electronic check,No,No internet service,No internet service,No internet service,18.2,1,0,5.0,18.5,793.68,1,627.18
CUST_14726,18,Female,0,Yes,Yes,12,One year,Yes,Mailed check,DSL,Yes,No,No,78.9,0,1,5.0,62.29,772.14,0,1369.37
CUST_14727,45,Male,0,Yes,Yes,13,One year,Yes,Credit card (automatic),DSL,No,No,No,160.9,0,0,5.0,49.69,606.38,0,1596.91
CUST_14728,36,Male,0,Yes,Yes,9,Month-to-month,Yes,Bank transfer (automatic),Fiber optic,No,No,Yes,304.8,1,0,5.0,102.12,925.87,0,2719.16
CUST_14729,63,Female,0,Yes,No,64,Two year,Yes,Credit card (automatic),Fiber optic,No,Yes,No,329.9,2,0,3.0,93.92,6002.51,0,3286.93
CUST_14730,42,Female,0,No,No,10,Month-to-month,No,Credit card (automatic),DSL,No,No,Yes,45.6,2,0,4.0,64.62,618.17,0,2044.65
CUST_14731,27,Female,0,Yes,No,25,Month-to-month,No,Mailed check,Fiber optic,No,No,No,401.4,1,0,5.0,84.86,2094.35,0,2623.77
CUST_14732,41,Female,0,Yes,Yes,23,Month-to-month,Yes,Mailed check,DSL,No,Yes,Yes,140.8,3,0,3.0,90.65,2106.73,0,2638.44
CUST_14733,28,Male,0,Yes,Yes,16,Two year,No,Bank transfer (automatic),Fiber optic,No,No,Yes,414.3,0,1,5.0,106.21,1716.93,0,3145.84
CUST_14734,48,Male,0,Yes,No,39,Two year,Yes,Electronic check,DSL,No,No,No,153.4,0,0,5.0,40.62,1562.09,0,1534.23
CUST_14735,46,Female,0,Yes,Yes,44,One year,No,Mailed check,Fiber optic,No,Yes,No,134.2,1,1,4.0,95.0,4210.36,0,2774.18
CUST_14736,54,Male,0,No,No,23,One year,No,Electronic check,DSL,No,No,Yes,67.2,1,1,4.0,74.27,1712.46,0,2364.47
CUST_14737,32,Female,0,No,No,23,Month-to-month,Yes,Credit card (automatic),Fiber optic,Yes,Yes,Yes,187.9,2,0,5.0,128.0,2962.78,0,3713.81
CUST_14738,42,Female,0,No,No,43,Two year,Yes,Credit card (automatic),Fiber optic,No,No,Yes,300.8,0,0,5.0,99.99,4265.04,0,3200.97
CUST_14739,24,Female,0,No,No,10,Month-to-month,Yes,Electronic check,No,No internet service,No internet service,No internet service,10.4,2,2,3.0,22.34,191.77,1,485.47
CUST_14740,51,Male,0,Yes,Yes,23,One year,Yes,Bank transfer (automatic),Fiber optic,Yes,No,Yes,391.8,1,0,5.0,115.0,2612.07,0,3065.1
CUST_14741,49,Female,0,Yes,Yes,1,One year,No,Bank transfer (automatic),DSL,Yes,Yes,No,119.1,1,0,4.0,77.51,104.77,0,2074.74
CUST_14742,48,Female,0,Yes,No,20,Month-to-month,Yes,Bank transfer (automatic),Fiber optic,No,Yes,No,403.6,3,1,3.0,88.77,1763.29,1,1365.81
CUST_14743,42,Female,0,No,No,6,Month-to-month,Yes,Bank transfer (automatic),Fiber optic,Yes,Yes,No,411.8,1,0,4.0,111.08,684.73,0,3356.24
CUST_14744,47,Male,0,Yes,Yes,7,Month-to-month,Yes,Electronic check,DSL,No,No,Yes,35.8,4,2,2.0,75.89,599.12,1,631.85
CUST_14745,63,Male,0,No,No,17,Month-to-month,No,Electronic check,Fiber optic,No,Yes,No,455.1,2,0,4.0,95.63,1586.39,1,1307.2
CUST_14746,38,Female,0,Yes,No,9,Month-to-month,Yes,Electronic check,DSL,Yes,No,Yes,103.4,2,0,4.0,84.85,763.97,1,831.21
CUST_14747,44,Female,0,Yes,Yes,16,One year,Yes,Credit card (automatic),Fiber optic,Yes,No,No,463.3,2,0,4.0,85.16,1344.86,0,2653.15
CUST_14748,28,Male,0,No,No,39,Two year,Yes,Mailed check,No,No internet service,No internet service,No internet service,7.1,0,1,5.0,19.51,786.88,0,943.39
CUST_14749,31,Male,0,No,No,61,Month-to-month,Yes,Credit card (automatic),DSL,No,No,No,144.3,2,0,4.0,42.75,2602.54,0,1964.03
CUST_14750,43,Female,0,No,No,22,Month-to-month,Yes,Mailed check,Fiber optic,Yes,No,Yes,359.9,3,0,4.0,123.13,2736.26,0,3378.91
CUST_14751,56,Male,0,No,No,60,Two year,No,Mailed check,DSL,No,No,Yes,184.5,1,0,5.0,71.66,4301.3,0,2515.08
CUST_14752,39,Male,0,No,No,30,One year,Yes,Credit card (automatic),DSL,No,No,No,126.8,1,1,5.0,51.31,1503.36,0,1803.55
CUST_14753,39,Female,0,No,No,40,Two year,Yes,Credit card (automatic),Fiber optic,No,Yes,No,463.3,0,0,5.0,92.68,3697.36,0,3306.2
CUST_14754,37,Male,0,No,No,28,Month-to-month,Yes,Electronic check,DSL,No,No,Yes,49.9,1,1,4.0,58.45,1649.47,1,1013.95
CUST_14755,35,Male,0,Yes,No,24,Month-to-month,No,Electronic check,Fiber optic,No,No,Yes,351.6,2,2,3.0,96.12,2306.8,0,2620.4
CUST_14756,46,Male,0,No,No,52,Two year,Yes,Electronic check,Fiber optic,Yes,Yes,Yes,253.9,0,1,4.0,122.11,6325.32,0,3800.14
CUST_14757,23,Female,0,No,No,21,Month-to-month,No,Credit card (automatic),DSL,No,No,No,105.1,1,0,5.0,48.85,1029.33,0,1636.66
CUST_14758,59,Female,0,Yes,Yes,55,Two year,No,Credit card (automatic),DSL,Yes,No,No,116.2,1,0,5.0,57.81,3130.29,0,1986.76
CUST_14759,33,Female,0,No,No,11,Month-to-month,No,Electronic check,DSL,No,No,Yes,87.3,1,5,3.0,74.86,768.74,1,892.11
CUST_14760,51,Female,0,No,No,66,Month-to-month,Yes,Electronic check,No,No internet service,No internet service,No internet service,18.2,3,2,4.0,18.5,1243.8,0,1064.49
CUST_14761,25,Male,0,No,No,14,Month-to-month,Yes,Mailed check,Fiber optic,Yes,Yes,Yes,460.2,3,0,3.0,127.89,1819.41,1,1628.1
CUST_14762,51,Male,0,Yes,Yes,9,Month-to-month,No,Mailed check,Fiber optic,No,No,Yes,231.1,5,0,3.0,97.06,912.05,1,1397.4
CUST_14763,51,Male,0,Yes,Yes,29,One year,Yes,Mailed check,Fiber optic,Yes,Yes,Yes,378.8,0,2,5.0,128.0,3744.84,0,3664.8
CUST_14764,47,Male,0,No,No,22,Two year,No,Credit card (automatic),DSL,No,No,Yes,41.5,3,0,4.0,72.8,1585.11,0,2170.01
CUST_14765,29,Female,0,No,No,59,One year,Yes,Bank transfer (automatic),Fiber optic,No,No,Yes,467.0,1,1,3.0,96.29,5694.22,0,3425.01
CUST_14766,45,Male,0,Yes,Yes,14,Month-to-month,Yes,Electronic check,Fiber optic,No,Yes,Yes,359.2,2,0,4.0,114.91,1609.74,0,3379.42
CUST_14767,27,Male,0,No,No,39,Two year,No,Electronic check,DSL,Yes,No,No,115.9,2,1,4.0,57.03,2234.59,0,2246.36
CUST_14768,39,Female,0,Yes,No,55,Two year,No,Mailed check,DSL,No,No,No,188.8,0,0,5.0,53.68,2966.97,0,1846.49
CUST_14769,55,Male,0,No,No,15,Month-to-month,Yes,Electronic check,Fiber optic,Yes,No,No,388.2,1,0,4.0,87.25,1349.66,0,2486.72
CUST_14770,52,Female,0,Yes,Yes,3,Month-to-month,Yes,Credit card (automatic),Fiber optic,No,No,No,687.5,0,0,5.0,81.24,249.49,0,2543.48
CUST_14771,42,Male,0,Yes,No,2,Month-to-month,Yes,Mailed check,DSL,Yes,Yes,No,74.2,4,1,3.0,76.15,177.15,1,864.0
CUST_14772,29,Male,0,No,No,43,Two year,Yes,Mailed check,Fiber optic,Yes,No,Yes,229.2,0,1,5.0,109.62,4714.95,0,3324.34
CUST_14773,50,Female,0,Yes,Yes,38,One year,Yes,Mailed check,Fiber optic,No,No,Yes,451.4,1,0,5.0,106.39,4019.0,0,3815.63
CUST_14774,42,Male,0,Yes,Yes,52,Two year,Yes,Electronic check,Fiber optic,No,No,Yes,318.3,0,2,5.0,99.16,5148.85,0,3100.67
CUST_14775,18,Male,0,Yes,No,27,Month-to-month,No,Electronic check,Fiber optic,Yes,Yes,Yes,489.3,1,3,4.0,121.7,3280.02,1,1847.19
CUST_14776,52,Female,0,Yes,Yes,4,One year,Yes,Bank transfer (automatic),DSL,Yes,Yes,No,78.0,0,0,4.0,75.23,269.05,0,1916.1
CUST_14777,42,Female,0,Yes,No,26,Month-to-month,No,Credit card (automatic),No,No internet service,No internet service,No internet service,21.3,3,0,3.0,18.5,447.58,0,810.34
CUST_14778,58,Female,0,No,No,27,Month-to-month,Yes,Electronic check,DSL,No,Yes,No,117.3,1,2,3.0,70.67,1930.96,1,1095.7
CUST_14779,28,Male,0,No,No,1,Month-to-month,Yes,Bank transfer (automatic),DSL,No,Yes,No,121.2,1,0,5.0,66.27,79.04,0,1853.44
CUST_14780,18,Male,0,No,No,54,Two year,Yes,Bank transfer (automatic),Fiber optic,Yes,No,No,197.3,1,0,5.0,94.85,5134.34,0,2981.36
CUST_14781,46,Male,0,No,No,59,One year,Yes,Bank transfer (automatic),DSL,Yes,Yes,No,169.0,1,1,4.0,69.33,4117.36,0,2327.14
CUST_14782,46,Male,0,Yes,No,10,Two year,No,Bank transfer (automatic),Fiber optic,Yes,No,Yes,406.4,3,0,4.0,118.48,1204.54,0,2930.05
CUST_14783,20,Male,0,Yes,Yes,21,One year,No,Credit card (automatic),DSL,No,No,No,144.7,2,0,4.0,47.03,1024.74,0,1399.07
CUST_14784,29,Female,0,Yes,No,41,One year,Yes,Electronic check,Fiber optic,No,Yes,No,180.4,2,4,3.0,89.48,3656.86,0,3099.1
CUST_14785,78,Male,1,No,No,66,Two year,No,Mailed check,DSL,No,Yes,No,111.0,0,1,5.0,65.5,4348.25,0,2318.15
CUST_14786,38,Female,0,No,No,40,Two year,Yes,Credit card (automatic),Fiber optic,No,No,Yes,344.1,0,1,5.0,98.62,3927.0,0,3104.79
CUST_14787,52,Female,0,Yes,Yes,5,One year,Yes,Credit card (automatic),DSL,No,Yes,Yes,64.8,0,0,5.0,82.96,399.43,0,2263.94
CUST_14788,34,Male,0,Yes,No,52,Two year,Yes,Electronic check,No,No internet service,No internet service,No internet service,18.7,2,0,4.0,24.89,1259.14,0,1046.13
CUST_14789,18,Female,0,No,No,7,Month-to-month,No,Bank transfer (automatic),DSL,Yes,Yes,Yes,159.1,4,0,3.0,90.92,650.29,0,2365.98
CUST_14790,40,Male,0,No,No,13,Month-to-month,Yes,Electronic check,Fiber optic,No,Yes,Yes,172.4,3,2,4.0,112.57,1484.36,1,1228.32
CUST_14791,39,Male,0,No,No,47,Two year,Yes,Credit card (automatic),DSL,No,No,Yes,118.7,0,0,5.0,71.66,3361.54,0,2231.06
CUST_14792,37,Female,0,Yes,No,38,Two year,No,Bank transfer (automatic),No,No internet service,No internet service,No internet service,19.6,2,1,5.0,22.22,819.89,0,947.33
CUST_14793,41,Female,0,No,No,28,One year,Yes,Electronic check,Fiber optic,No,No,Yes,561.8,2,1,4.0,94.0,2665.01,0,3366.46
CUST_14794,45,Male,0,Yes,No,47,One year,Yes,Bank transfer (automatic),Fiber optic,No,No,No,450.8,1,0,5.0,80.75,3798.8,0,3048.58
CUST_14795,40,Male,0,No,No,37,Two year,No,Mailed check,No,No internet service,No internet service,No internet service,9.7,2,0,4.0,22.21,818.05,0,1116.25
CUST_14796,26,Female,0,No,No,28,One year,Yes,Electronic check,No,No internet service,No internet service,No internet service,10.2,1,2,3.0,18.5,542.59,0,536.97
CUST_14797,48,Female,0,No,No,50,Two year,Yes,Credit card (automatic),Fiber optic,No,No,Yes,383.9,1,0,4.0,91.54,4627.24,0,3212.73
CUST_14798,18,Male,0,Yes,No,40,One year,Yes,Electronic check,DSL,No,No,No,149.9,0,1,4.0,43.31,1737.52,0,1896.47
CUST_14799,18,Male,0,Yes,No,33,One year,No,Mailed check,Fiber optic,Yes,Yes,No,349.7,1,0,5.0,108.76,3603.92,0,3247.26
CUST_14800,52,Female,0,Yes,Yes,13,Month-to-month,Yes,Bank transfer (automatic),DSL,No,Yes,No,100.6,2,0,4.0,62.55,836.45,0,1706.65
CUST_14801,49,Female,0,Yes,No,61,Two year,Yes,Credit card (automatic),Fiber optic,No,No,Yes,448.4,1,0,5.0,96.72,5875.15,0,3110.43
CUST_14802,41,Male,0,No,No,8,Month-to-month,Yes,Electronic check,No,No internet service,No internet service,No internet service,20.6,1,0,,23.55,135.21,0,928.9
CUST_14803,24,Male,0,No,No,3,Month-to-month,Yes,Bank transfer (automatic),DSL,No,No,No,106.9,2,0,4.0,45.78,147.09,1,699.56
CUST_14804,33,Male,0,Yes,Yes,30,One year,No,Electronic check,Fiber optic,No,No,Yes,350.1,0,2,5.0,104.0,3131.1,0,3141.7
CUST_14805,39,Male,0,Yes,No,53,Two year,Yes,Credit card (automatic),No,No internet service,No internet service,No internet service,18.5,2,1,4.0,20.24,1075.31,0,1190.31
CUST_14806,21,Male,0,Yes,Yes,57,One year,Yes,Electronic check,Fiber optic,Yes,No,Yes,303.0,1,0,4.0,105.43,6023.89,0,3542.83
CUST_14807,32,Female,0,No,No,66,Month-to-month,Yes,Bank transfer (automatic),Fiber optic,No,No,Yes,461.0,2,1,4.0,102.88,6808.91,0,3781.77
CUST_14808,50,Male,0,No,No,23,One year,No,Bank transfer (automatic),Fiber optic,Yes,No,No,294.9,1,0,5.0,90.74,2077.6,0,2718.18
CUST_14809,61,Female,0,Yes,No,25,Two year,Yes,Electronic check,Fiber optic,No,No,Yes,472.0,0,2,3.0,102.05,2553.51,0,3193.88
CUST_14810,37,Male,0,Yes,No,34,One year,Yes,Electronic check,DSL,Yes,No,No,91.3,0,1,5.0,58.47,1953.61,0,1730.13
CUST_14811,52,Female,0,No,No,27,Month-to-month,No,Electronic check,Fiber optic,No,No,Yes,637.0,4,1,3.0,96.58,2632.4,1,1762.98
CUST_14812,18,Female,0,No,No,70,Two year,No,Credit card (automatic),Fiber optic,Yes,No,Yes,343.3,0,0,5.0,115.91,8130.56,0,4150.77
CUST_14813,51,Male,0,Yes,No,11,One year,No,Mailed check,DSL,Yes,No,No,147.1,0,0,5.0,61.85,655.52,0,1678.18
CUST_14814,32,Male,0,No,No,40,One year,Yes,Credit card (automatic),Fiber optic,No,No,Yes,508.6,0,0,5.0,99.06,3950.02,0,3353.88
CUST_14815,46,Female,0,No,No,45,Two year,Yes,Electronic check,DSL,No,No,Yes,116.9,2,0,4.0,70.75,3182.41,0,2340.25
CUST_14816,39,Male,0,No,No,44,One year,Yes,Electronic check,No,No internet service,No internet service,No internet service,16.8,2,4,2.0,18.5,817.44,0,889.64
CUST_14817,59,Female,0,No,No,0,Month-to-month,No,Credit card (automatic),Fiber optic,Yes,Yes,No,365.6,1,0,5.0,106.27,0.0,1,1311.76
CUST_14818,31,Female,0,Yes,No,56,Two year,Yes,Bank transfer (automatic),Fiber optic,No,No,Yes,614.2,0,1,5.0,104.01,5832.72,0,3709.12
CUST_14819,50,Male,0,No,No,36,Month-to-month,Yes,Credit card (automatic),Fiber optic,Yes,No,No,560.0,1,0,5.0,100.73,3654.92,0,3357.9
CUST_14820,38,Female,0,Yes,Yes,64,One year,Yes,Credit card (automatic),DSL,No,No,No,92.2,0,0,5.0,48.36,3067.06,0,2380.49
CUST_14821,40,Male,0,Yes,No,20,One year,No,Credit card (automatic),Fiber optic,Yes,No,Yes,227.8,0,0,5.0,115.85,2266.4,0,3374.63
CUST_14822,40,Female,0,Yes,No,46,Two year,No,Electronic check,Fiber optic,Yes,No,No,420.7,3,2,3.0,92.81,4290.96,0,2940.85
CUST_14823,31,Male,0,Yes,No,4,Month-to-month,Yes,Electronic check,DSL,No,No,No,126.9,4,0,4.0,49.67,193.21,1,468.98
CUST_14824,42,Male,0,Yes,Yes,46,One year,Yes,Electronic check,DSL,Yes,No,No,189.2,1,2,4.0,58.58,2685.71,0,2065.17
CUST_14825,41,Female,0,No,No,10,Month-to-month,Yes,Credit card (automatic),Fiber optic,No,No,No,404.9,0,0,5.0,74.93,722.97,0,2166.53
CUST_14826,45,Female,0,No,No,45,Two year,Yes,Mailed check,Fiber optic,Yes,No,No,356.2,1,0,5.0,88.22,3989.46,0,2908.99
CUST_14827,43,Male,0,No,No,52,Two year,No,Bank transfer (automatic),Fiber optic,No,No,Yes,238.8,0,0,5.0,99.57,5135.58,0,3389.33
CUST_14828,52,Male,0,Yes,Yes,6,Month-to-month,No,Credit card (automatic),DSL,No,No,Yes,101.1,5,0,3.0,68.29,414.14,0,1963.38
CUST_14829,54,Female,0,Yes,No,40,Two year,No,Bank transfer (automatic),Fiber optic,No,No,No,268.9,4,1,3.0,73.07,2971.4,0,2755.16
CUST_14830,28,Male,0,No,No,37,Month-to-month,No,Electronic check,Fiber optic,Yes,No,Yes,308.5,5,2,2.0,114.53,4250.03,1,1776.78
CUST_14831,53,Female,0,Yes,Yes,15,One year,Yes,Mailed check,DSL,Yes,No,No,105.8,1,0,5.0,56.22,873.2,0,1802.2
CUST_14832,27,Female,0,No,No,12,Month-to-month,No,Electronic check,DSL,Yes,No,Yes,105.2,1,1,4.0,85.87,1053.84,1,1122.04
CUST_14833,50,Female,0,Yes,No,9,One year,No,Mailed check,DSL,No,No,Yes,122.0,1,0,4.0,68.37,631.29,0,1803.74
CUST_14834,50,Female,0,No,No,44,Month-to-month,Yes,Electronic check,Fiber optic,Yes,No,Yes,422.6,4,1,3.0,107.03,4680.77,1,1701.1
CUST_14835,18,Male,0,Yes,No,52,Two year,No,Electronic check,Fiber optic,Yes,No,No,473.3,0,2,4.0,85.66,4482.64,0,3418.26
CUST_14836,43,Male,0,No,No,6,Month-to-month,No,Credit card (automatic),DSL,No,No,No,153.7,3,0,4.0,48.36,240.45,1,805.91
CUST_14837,36,Male,0,No,No,5,Month-to-month,No,Credit card (automatic),DSL,Yes,No,No,60.9,4,0,2.0,60.03,301.85,0,1312.13
CUST_14838,32,Male,0,No,No,28,One year,Yes,Credit card (automatic),Fiber optic,No,No,Yes,201.5,0,0,5.0,95.41,2644.32,0,2777.97
CUST_14839,60,Male,0,No,No,34,Month-to-month,Yes,Electronic check,DSL,No,Yes,No,105.8,0,3,5.0,60.73,2055.72,1,1282.05
CUST_14840,34,Male,0,Yes,No,15,Month-to-month,No,Credit card (automatic),DSL,Yes,Yes,No,73.7,2,0,4.0,77.57,1122.87,0,2297.23
CUST_14841,32,Male,0,No,No,39,Month-to-month,Yes,Bank transfer (automatic),Fiber optic,No,Yes,No,404.7,2,0,5.0,94.28,3677.46,0,3024.51
CUST_14842,43,Male,0,Yes,No,32,Month-to-month,No,Credit card (automatic),Fiber optic,Yes,Yes,Yes,347.9,0,0,5.0,125.39,3990.27,0,3777.4
CUST_14843,51,Male,0,No,No,66,One year,No,Credit card (automatic),Fiber optic,Yes,No,Yes,366.2,1,0,4.0,117.39,7747.54,0,3850.35
CUST_14844,40,Female,0,Yes,Yes,14,One year,No,Credit card (automatic),Fiber optic,No,Yes,Yes,509.0,3,0,4.0,106.2,1473.72,1,1391.7
CUST_14845,57,Male,0,No,No,30,One year,Yes,Electronic check,Fiber optic,No,No,No,309.1,1,1,4.0,73.82,2216.73,0,2609.46
CUST_14846,49,Male,0,No,No,30,One year,Yes,Bank transfer (automatic),Fiber optic,Yes,No,Yes,214.0,2,0,4.0,108.42,3208.76,0,3103.63
CUST_14847,18,Male,0,Yes,Yes,70,Month-to-month,No,Bank transfer (automatic),Fiber optic,No,No,Yes,326.8,3,2,3.0,104.67,7278.25,0,3771.51
CUST_14848,35,Male,0,Yes,Yes,39,One year,Yes,Electronic check,Fiber optic,No,No,No,91.3,1,0,4.0,80.98,3169.26,0,2749.7
CUST_14849,35,Male,0,Yes,Yes,1,One year,No,Mailed check,Fiber optic,No,No,Yes,332.0,0,2,5.0,109.83,90.38,0,2998.29
CUST_14850,48,Male,0,No,No,24,One year,No,Electronic check,No,No internet service,No internet service,No internet service,5.0,0,4,4.0,22.21,528.16,0,806.81
CUST_14851,18,Female,0,Yes,Yes,16,Month-to-month,Yes,Credit card (automatic),DSL,No,Yes,Yes,121.8,3,0,5.0,84.89,1384.2,0,2739.1
CUST_14852,75,Male,1,No,No,58,One year,Yes,Credit card (automatic),DSL,No,Yes,No,167.3,1,1,4.0,71.67,4124.76,0,2689.69
CUST_14853,49,Female,0,No,No,14,Month-to-month,No,Bank transfer (automatic),Fiber optic,Yes,Yes,No,417.2,1,0,5.0,101.23,1423.59,0,2781.09
CUST_14854,44,Male,0,No,No,57,Month-to-month,Yes,Mailed check,Fiber optic,Yes,No,Yes,389.6,1,0,5.0,108.98,6245.97,0,3720.74
CUST_14855,57,Male,0,No,No,33,One year,Yes,Electronic check,Fiber optic,No,Yes,Yes,413.4,0,0,5.0,109.59,3656.72,0,3623.96
CUST_14856,72,Female,1,Yes,Yes,52,One year,No,Credit card (automatic),Fiber optic,No,No,No,260.9,3,0,4.0,81.0,4187.8,0,2872.62
CUST_14857,53,Female,0,No,No,31,Two year,Yes,Electronic check,DSL,Yes,No,No,34.1,0,0,5.0,60.52,1881.81,0,2051.27
CUST_14858,54,Male,0,No,No,21,Two year,No,Mailed check,No,No internet service,No internet service,No internet service,8.6,0,0,5.0,19.5,418.82,0,750.29
CUST_14859,44,Female,0,No,No,53,Two year,Yes,Credit card (automatic),DSL,No,No,Yes,145.9,0,0,5.0,70.42,3710.79,0,2483.72
CUST_14860,40,Female,0,No,No,20,Month-to-month,No,Bank transfer (automatic),No,No internet service,No internet service,No internet service,20.2,3,0,4.0,20.18,408.45,0,693.44
CUST_14861,36,Male,0,No,No,39,One year,Yes,Bank transfer (automatic),Fiber optic,No,Yes,Yes,513.2,0,0,5.0,108.7,4221.1,0,3277.36
CUST_14862,31,Female,0,Yes,No,18,One year,Yes,Electronic check,DSL,No,No,No,65.8,3,2,3.0,53.83,922.87,0,1568.15
CUST_14863,33,Female,0,No,No,20,Month-to-month,No,Electronic check,Fiber optic,No,Yes,No,498.3,3,2,3.0,90.52,1807.99,1,1569.44
CUST_14864,24,Male,0,No,No,9,One year,Yes,Bank transfer (automatic),DSL,Yes,Yes,Yes,66.6,0,2,4.0,98.87,904.25,0,2511.87
CUST_14865,41,Female,0,No,No,6,Month-to-month,Yes,Electronic check,DSL,No,Yes,Yes,137.9,1,1,5.0,82.21,483.3,0,2035.16
CUST_14866,20,Female,0,No,No,34,One year,No,Electronic check,DSL,No,Yes,Yes,144.4,0,0,5.0,83.19,2876.77,0,2766.29
CUST_14867,44,Male,0,Yes,No,33,One year,No,Mailed check,DSL,Yes,Yes,No,91.8,1,1,,73.7,2407.02,0,2037.63
CUST_14868,42,Male,0,No,No,52,Two year,No,Mailed check,Fiber optic,No,No,No,449.2,2,0,4.0,78.36,4085.89,0,2855.5
CUST_14869,44,Male,0,No,No,60,One year,Yes,Mailed check,Fiber optic,No,No,Yes,82.1,0,0,5.0,103.84,6183.23,0,3104.54
CUST_14870,35,Male,0,Yes,Yes,2,Month-to-month,Yes,Mailed check,No,No internet service,No internet service,No internet service,9.8,5,0,3.0,18.5,21.97,1,169.09
CUST_14871,80,Male,1,No,No,26,Two year,Yes,Mailed check,DSL,Yes,No,No,87.3,1,0,5.0,58.37,1545.17,0,1799.06
CUST_14872,60,Female,0,Yes,No,44,Month-to-month,Yes,Electronic check,Fiber optic,No,No,No,431.0,1,0,5.0,76.1,3319.14,0,2803.66
CUST_14873,26,Female,0,No,No,44,Month-to-month,Yes,Electronic check,No,No internet service,No internet service,No internet service,18.3,3,1,4.0,18.5,761.29,0,1364.11
CUST_14874,45,Female,0,Yes,Yes,12,Month-to-month,Yes,Credit card (automatic),DSL,Yes,No,Yes,129.3,1,0,5.0,83.54,961.97,0,2062.62
CUST_14875,34,Female,0,No,No,6,Month-to-month,No,Mailed check,DSL,No,No,Yes,128.8,1,1,4.0,75.33,472.45,0,1812.38
CUST_14876,29,Male,0,Yes,No,66,Month-to-month,No,Mailed check,DSL,No,No,No,173.7,2,0,5.0,49.75,3329.47,0,2028.92
CUST_14877,25,Male,0,No,No,5,Month-to-month,Yes,Mailed check,Fiber optic,No,No,Yes,305.1,2,0,4.0,99.29,444.31,0,2880.21
CUST_14878,48,Female,0,Yes,No,1,Month-to-month,No,Electronic check,Fiber optic,No,No,Yes,295.7,3,0,3.0,107.05,127.11,1,1064.76
CUST_14879,33,Male,0,Yes,No,62,Two year,Yes,Electronic check,DSL,No,No,No,113.6,0,1,5.0,45.28,2792.75,0,1561.95
CUST_14880,55,Female,0,No,No,65,One year,No,Mailed check,DSL,No,No,Yes,78.5,3,0,3.0,70.52,4604.67,0,2532.29
CUST_14881,55,Female,0,Yes,No,59,Two year,No,Mailed check,Fiber optic,No,Yes,Yes,426.1,1,0,5.0,121.11,7131.47,0,3893.76
CUST_14882,60,Male,0,No,No,20,Month-to-month,Yes,Mailed check,Fiber optic,No,No,Yes,199.2,2,0,4.0,94.96,1924.94,0,2570.65
CUST_14883,31,Female,0,No,No,51,Two year,Yes,Electronic check,DSL,Yes,No,No,112.5,2,1,4.0,59.23,3014.34,0,2174.73
CUST_14884,48,Female,0,No,No,68,One year,Yes,Electronic check,Fiber optic,Yes,No,No,461.5,1,0,5.0,91.72,6200.45,0,3593.25
CUST_14885,50,Female,0,No,No,48,Two year,No,Mailed check,No,No internet service,No internet service,No internet service,13.7,0,2,4.0,21.21,996.17,0,1322.14
CUST_14886,36,Female,0,Yes,No,40,One year,Yes,Mailed check,DSL,Yes,No,Yes,76.0,1,0,5.0,80.45,3198.51,0,2217.08
CUST_14887,32,Male,0,Yes,No,33,Month-to-month,No,Credit card (automatic),DSL,No,Yes,Yes,134.1,4,1,3.0,91.7,3000.18,0,2904.69
CUST_14888,63,Male,0,No,No,63,Two year,Yes,Electronic check,Fiber optic,Yes,No,Yes,439.0,0,0,5.0,110.19,6957.72,0,3948.08
CUST_14889,45,Female,0,Yes,Yes,29,Two year,Yes,Credit card (automatic),Fiber optic,No,Yes,Yes,407.7,0,0,4.0,112.16,3233.68,0,3354.4
CUST_14890,50,Female,0,No,No,45,One year,No,Credit card (automatic),No,No internet service,No internet service,No internet service,17.7,0,0,5.0,19.38,870.83,0,1129.5
CUST_14891,31,Male,0,Yes,Yes,51,Two year,No,Mailed check,No,No internet service,No internet service,No internet service,11.3,0,0,4.0,18.5,949.44,0,991.99
CUST_14892,26,Male,0,No,No,47,One year,Yes,Bank transfer (automatic),DSL,Yes,No,No,212.1,2,0,5.0,53.46,2541.75,0,1713.18
CUST_14893,35,Female,0,Yes,Yes,4,Month-to-month,Yes,Credit card (automatic),Fiber optic,No,No,No,476.5,0,0,5.0,81.18,289.4,1,1108.15
CUST_14894,40,Female,0,No,No,64,Two year,Yes,Electronic check,Fiber optic,No,Yes,No,267.5,2,3,3.0,93.24,5952.58,0,3245.12
CUST_14895,28,Male,0,Yes,Yes,47,One year,No,Electronic check,DSL,No,No,Yes,129.4,0,2,5.0,68.16,3201.25,1,995.72
CUST_14896,42,Male,0,Yes,Yes,26,Month-to-month,Yes,Electronic check,DSL,Yes,Yes,No,129.3,2,0,5.0,79.22,2087.48,0,2403.96
CUST_14897,20,Female,0,No,No,15,Month-to-month,No,Bank transfer (automatic),Fiber optic,Yes,No,No,369.8,0,1,5.0,90.69,1345.95,0,2945.06
CUST_14898,27,Male,0,Yes,No,51,One year,Yes,Electronic check,DSL,No,No,Yes,138.3,1,2,5.0,68.95,3513.82,0,2495.39
CUST_14899,51,Female,0,No,No,36,Month-to-month,Yes,Credit card (automatic),Fiber optic,No,Yes,Yes,350.0,0,1,4.0,111.76,4018.67,0,3457.18
CUST_14900,50,Male,0,No,No,27,Month-to-month,No,Mailed check,DSL,No,No,Yes,145.0,1,0,4.0,68.64,1846.3,1,1229.4
CUST_14901,37,Male,0,Yes,No,22,Two year,Yes,Credit card (automatic),Fiber optic,No,No,Yes,457.2,0,0,5.0,99.08,2229.31,0,3309.24
CUST_14902,29,Male,0,No,No,58,One year,No,Electronic check,DSL,No,No,No,136.9,1,1,4.0,51.78,3036.45,0,1859.11
CUST_14903,29,Female,0,Yes,Yes,53,Month-to-month,Yes,Bank transfer (automatic),No,No internet service,No internet service,No internet service,11.8,0,0,5.0,18.5,998.93,0,957.51
CUST_14904,37,Female,0,No,No,36,Two year,No,Bank transfer (automatic),DSL,No,No,Yes,169.3,0,1,4.0,70.9,2579.48,0,2247.78
CUST_14905,50,Female,0,No,No,25,Month-to-month,No,Mailed check,Fiber optic,Yes,No,No,343.9,0,1,5.0,89.42,2240.36,0,2753.73
CUST_14906,54,Male,0,No,No,44,Month-to-month,No,Credit card (automatic),DSL,Yes,Yes,Yes,128.6,4,0,3.0,94.6,4141.23,0,2656.31
CUST_14907,36,Female,0,Yes,Yes,10,Two year,Yes,Mailed check,Fiber optic,No,Yes,Yes,299.2,0,0,5.0,116.14,1178.35,0,3291.6
CUST_14908,27,Female,0,Yes,Yes,43,Two year,Yes,Electronic check,DSL,Yes,No,No,174.5,0,1,5.0,61.38,2595.06,0,2086.09
CUST_14909,45,Female,0,No,No,36,Month-to-month,Yes,Credit card (automatic),Fiber optic,No,No,Yes,279.3,3,0,3.0,97.6,3547.52,0,3085.07
CUST_14910,31,Male,0,Yes,No,34,Two year,No,Mailed check,Fiber optic,Yes,No,Yes,336.7,0,1,5.0,110.09,3721.7,0,3291.25
CUST_14911,35,Female,0,Yes,No,48,Two year,Yes,Electronic check,Fiber optic,Yes,No,Yes,658.0,1,0,4.0,108.82,5191.0,0,4028.64
CUST_14912,59,Female,0,No,No,33,One year,Yes,Mailed check,Fiber optic,No,No,Yes,129.6,1,0,5.0,104.23,3418.67,0,2940.49
CUST_14913,53,Female,0,No,No,14,One year,No,Bank transfer (automatic),DSL,No,No,No,84.1,0,0,5.0,53.62,767.73,0,1518.79
CUST_14914,44,Male,0,Yes,Yes,21,Month-to-month,Yes,Mailed check,Fiber optic,No,No,Yes,483.1,0,0,5.0,98.8,2107.76,0,3126.07
CUST_14915,25,Male,0,Yes,No,32,Month-to-month,Yes,Bank transfer (automatic),No,No internet service,No internet service,No internet service,15.6,2,0,4.0,22.86,768.1,0,932.37
CUST_14916,45,Male,0,Yes,Yes,44,Two year,No,Bank transfer (automatic),Fiber optic,Yes,No,Yes,420.9,0,0,5.0,108.96,4795.02,0,3456.14
CUST_14917,56,Male,0,Yes,Yes,58,Two year,No,Electronic check,No,No internet service,No internet service,No internet service,8.1,0,2,4.0,19.0,1058.68,0,1391.07
CUST_14918,37,Male,0,Yes,Yes,15,One year,Yes,Electronic check,DSL,Yes,No,No,112.1,1,1,5.0,63.06,953.62,0,1755.53
CUST_14919,60,Female,0,Yes,Yes,58,Month-to-month,No,Bank transfer (automatic),Fiber optic,Yes,Yes,Yes,335.4,2,0,4.0,125.08,7264.22,0,3968.08
CUST_14920,59,Male,0,No,No,63,One year,Yes,Bank transfer (automatic),Fiber optic,No,Yes,Yes,351.7,1,0,5.0,113.62,7202.01,0,3812.39
CUST_14921,64,Female,0,No,No,14,One year,No,Electronic check,Fiber optic,Yes,Yes,No,360.6,1,1,5.0,101.12,1438.32,0,2946.66
CUST_14922,46,Female,0,Yes,Yes,49,Two year,Yes,Electronic check,Fiber optic,Yes,No,Yes,90.4,3,1,4.0,110.24,5366.5,0,3356.45
CUST_14923,50,Male,0,Yes,Yes,10,Month-to-month,Yes,Credit card (automatic),Fiber optic,Yes,Yes,Yes,333.1,2,0,4.0,128.0,1242.05,0,3219.88
CUST_14924,60,Female,0,No,No,16,One year,No,Credit card (automatic),Fiber optic,No,No,Yes,533.2,3,0,4.0,102.21,1660.08,0,3278.1
CUST_14925,48,Female,0,Yes,Yes,35,One year,Yes,Bank transfer (automatic),No,No internet service,No internet service,No internet service,13.6,2,1,2.0,18.5,614.32,0,821.94
CUST_14926,35,Female,0,No,No,25,Month-to-month,Yes,Electronic check,DSL,Yes,No,No,81.2,1,1,3.0,55.67,1431.67,1,1023.91
CUST_14927,36,Male,0,No,No,5,Month-to-month,Yes,Bank transfer (automatic),No,No internet service,No internet service,No internet service,11.9,4,0,3.0,22.47,135.49,1,314.34
CUST_14928,45,Female,0,No,No,20,Month-to-month,No,Electronic check,DSL,No,No,Yes,170.1,3,0,3.0,63.04,1246.1,1,960.6
CUST_14929,25,Male,0,Yes,Yes,33,Two year,Yes,Bank transfer (automatic),DSL,Yes,No,Yes,14.0,2,0,4.0,85.52,2820.77,0,2242.46
CUST_14930,40,Male,0,No,No,43,One year,Yes,Bank transfer (automatic),Fiber optic,No,No,Yes,428.1,0,1,4.0,106.23,4530.38,0,3317.62
CUST_14931,56,Male,0,No,No,61,One year,Yes,Mailed check,Fiber optic,No,Yes,No,396.0,0,1,5.0,97.3,5932.28,0,3307.04
CUST_14932,18,Female,0,No,No,64,Two year,Yes,Electronic check,DSL,No,No,No,86.2,2,0,4.0,50.08,3187.26,0,2019.04
CUST_14933,62,Male,0,No,No,44,One year,No,Bank transfer (automatic),Fiber optic,Yes,No,No,719.8,1,0,5.0,91.12,4010.85,0,3166.7
CUST_14934,57,Female,0,Yes,Yes,42,Month-to-month,No,Credit card (automatic),Fiber optic,Yes,No,No,466.3,0,0,5.0,88.71,3711.7,0,3061.66
CUST_14935,36,Female,0,Yes,Yes,15,One year,No,Bank transfer (automatic),DSL,No,Yes,Yes,127.8,0,0,5.0,82.76,1248.85,0,2571.61
CUST_14936,49,Female,0,No,No,26,One year,Yes,Bank transfer (automatic),DSL,Yes,No,Yes,169.2,0,1,5.0,81.04,2133.03,0,2267.65
CUST_14937,42,Male,0,No,No,4,Month-to-month,Yes,Electronic check,DSL,Yes,No,No,145.5,3,0,4.0,55.05,186.09,1,858.27
CUST_14938,58,Female,0,No,No,27,Month-to-month,Yes,Bank transfer (automatic),Fiber optic,No,Yes,Yes,397.2,4,1,3.0,107.51,2875.7,0,3126.32
CUST_14939,55,Female,0,No,No,4,Month-to-month,No,Bank transfer (automatic),Fiber optic,Yes,No,No,374.5,1,1,4.0,86.88,386.04,1,810.63
CUST_14940,24,Female,0,Yes,Yes,42,Two year,Yes,Electronic check,DSL,Yes,No,No,97.9,0,3,4.0,59.22,2515.17,0,1817.11
CUST_14941,50,Female,0,Yes,Yes,31,Month-to-month,Yes,Bank transfer (automatic),No,No internet service,No internet service,No internet service,20.5,3,0,4.0,18.5,530.12,0,740.01
CUST_14942,39,Male,0,No,No,34,One year,Yes,Bank transfer (automatic),Fiber optic,No,Yes,Yes,336.9,0,0,5.0,114.28,3865.45,0,3279.23
CUST_14943,43,Male,0,Yes,Yes,28,Two year,No,Bank transfer (automatic),Fiber optic,No,No,Yes,492.3,3,0,4.0,100.77,2896.19,0,3232.99
CUST_14944,33,Male,0,No,No,37,Month-to-month,Yes,Electronic check,Fiber optic,No,No,Yes,489.4,5,1,2.0,106.12,3954.17,1,1675.38
CUST_14945,65,Female,1,Yes,Yes,66,One year,Yes,Electronic check,DSL,Yes,No,Yes,160.5,0,1,5.0,81.2,5349.58,0,3142.7
CUST_14946,56,Female,0,No,No,29,One year,Yes,Credit card (automatic),Fiber optic,No,Yes,No,298.9,0,0,5.0,92.63,2686.38,0,3029.93
CUST_14947,32,Male,0,No,No,19,Month-to-month,No,Mailed check,No,No internet service,No internet service,No internet service,10.5,4,0,4.0,18.5,323.08,0,703.34
CUST_14948,25,Female,0,Yes,No,64,Two year,Yes,Electronic check,No,No internet service,No internet service,No internet service,14.8,0,3,4.0,20.05,1307.5,0,1333.73
CUST_14949,37,Male,0,Yes,Yes,64,Two year,Yes,Credit card (automatic),DSL,Yes,No,No,120.2,1,1,5.0,62.4,3998.18,0,2237.07
CUST_14950,48,Female,0,No,No,20,Two year,Yes,Electronic check,DSL,No,No,Yes,103.9,2,2,4.0,72.82,1431.8,0,2072.09
CUST_14951,45,Male,0,No,No,61,One year,Yes,Mailed check,No,No internet service,No internet service,No internet service,20.4,1,0,4.0,19.54,1168.29,0,1185.04
CUST_14952,58,Female,0,No,No,18,Two year,Yes,Electronic check,DSL,No,Yes,No,158.6,3,1,4.0,61.98,1100.47,0,1914.95
CUST_14953,52,Female,0,Yes,Yes,39,One year,No,Credit card (automatic),Fiber optic,Yes,Yes,No,443.5,0,0,4.0,102.28,4009.99,0,3425.4
CUST_14954,55,Male,0,Yes,Yes,14,Month-to-month,Yes,Mailed check,DSL,No,Yes,No,180.4,1,0,4.0,63.33,887.46,0,1789.62
CUST_14955,46,Male,0,Yes,No,51,Month-to-month,No,Bank transfer (automatic),Fiber optic,No,No,Yes,379.2,1,0,4.0,104.06,5290.29,0,3666.16
CUST_14956,24,Female,0,Yes,Yes,26,Two year,No,Bank transfer (automatic),DSL,No,Yes,Yes,74.9,0,0,5.0,88.66,2289.93,0,2701.67
CUST_14957,39,Male,0,No,No,20,Month-to-month,Yes,Electronic check,Fiber optic,No,Yes,Yes,521.2,2,0,3.0,116.73,2345.99,1,1661.05
CUST_14958,56,Male,0,No,No,17,Two year,No,Mailed check,DSL,Yes,No,No,140.3,0,0,5.0,61.19,1022.87,0,2188.02
CUST_14959,41,Female,0,Yes,No,36,Month-to-month,No,Mailed check,DSL,No,Yes,No,167.2,0,0,5.0,63.47,2316.19,0,2141.09
CUST_14960,49,Female,0,Yes,Yes,12,One year,Yes,Credit card (automatic),Fiber optic,Yes,Yes,No,406.9,0,0,5.0,100.65,1181.98,0,2965.64
CUST_14961,38,Female,0,Yes,Yes,30,Month-to-month,Yes,Credit card (automatic),DSL,No,No,Yes,95.7,4,0,4.0,74.59,2221.25,0,2305.35
CUST_14962,29,Female,0,No,No,34,Month-to-month,Yes,Credit card (automatic),DSL,Yes,Yes,Yes,70.2,2,0,5.0,99.86,3387.7,0,2957.27
CUST_14963,40,Male,0,No,No,69,Two year,No,Electronic check,DSL,No,No,No,160.7,0,1,5.0,42.57,2950.88,0,1798.49
CUST_14964,46,Female,0,No,No,8,Month-to-month,No,Electronic check,DSL,No,Yes,Yes,103.7,0,1,5.0,84.09,695.37,0,2195.01
CUST_14965,33,Female,0,Yes,Yes,66,One year,No,Mailed check,No,No internet service,No internet service,No internet service,20.5,0,0,5.0,18.5,1195.07,0,1143.12
CUST_14966,39,Female,0,No,No,14,Two year,Yes,Bank transfer (automatic),Fiber optic,Yes,No,Yes,105.8,2,2,3.0,120.05,1683.61,0,3137.42
CUST_14967,30,Male,0,Yes,No,22,Two year,No,Bank transfer (automatic),Fiber optic,Yes,Yes,No,432.1,0,0,5.0,99.88,2211.87,0,3189.18
CUST_14968,57,Female,0,Yes,No,2,Month-to-month,Yes,Credit card (automatic),DSL,Yes,No,No,144.6,1,1,5.0,60.54,125.32,0,1750.9
CUST_14969,38,Female,0,No,No,36,Two year,Yes,Credit card (automatic),DSL,No,No,No,187.9,0,0,5.0,50.46,1828.41,0,1871.25
CUST_14970,61,Female,0,No,No,39,Two year,No,Electronic check,Fiber optic,No,No,No,301.4,1,1,5.0,73.15,2868.57,0,2579.0
CUST_14971,62,Male,0,Yes,Yes,38,Month-to-month,No,Credit card (automatic),DSL,No,No,Yes,119.0,3,0,3.0,74.33,2805.08,0,2073.11
CUST_14972,41,Female,0,Yes,Yes,14,Month-to-month,Yes,Bank transfer (automatic),Fiber optic,Yes,No,No,545.3,2,1,3.0,86.52,1185.16,1,1308.55
CUST_14973,29,Male,0,Yes,No,30,Month-to-month,Yes,Mailed check,DSL,No,No,Yes,178.7,2,0,5.0,66.33,1962.09,0,1960.16
CUST_14974,18,Female,0,Yes,No,46,One year,Yes,Bank transfer (automatic),Fiber optic,No,No,Yes,284.7,0,0,5.0,102.81,4714.06,0,3055.46
CUST_14975,23,Female,0,No,No,52,One year,No,Credit card (automatic),No,No internet service,No internet service,No internet service,9.7,0,0,5.0,19.39,1027.73,0,1084.18
CUST_14976,24,Male,0,No,No,15,Month-to-month,No,Mailed check,No,No internet service,No internet service,No internet service,15.7,4,0,2.0,18.5,288.36,1,495.95
CUST_14977,60,Female,0,Yes,No,52,One year,No,Electronic check,Fiber optic,Yes,No,No,476.1,3,1,4.0,85.98,4443.84,0,3135.6
CUST_14978,44,Male,0,Yes,No,17,Month-to-month,Yes,Mailed check,Fiber optic,No,No,No,436.0,2,0,4.0,73.49,1209.0,0,2147.46
CUST_14979,47,Male,0,Yes,No,21,One year,Yes,Credit card (automatic),DSL,No,Yes,Yes,115.6,0,2,5.0,82.04,1699.26,0,2402.19
CUST_14980,18,Male,0,No,No,29,Month-to-month,Yes,Credit card (automatic),Fiber optic,No,No,Yes,619.7,1,0,4.0,97.38,2826.46,1,1824.79
CUST_14981,26,Male,0,Yes,Yes,57,Two year,Yes,Electronic check,No,No internet service,No internet service,No internet service,13.5,0,1,5.0,26.17,1464.17,0,1633.53
CUST_14982,54,Female,0,No,No,39,Two year,No,Bank transfer (automatic),DSL,No,No,Yes,138.1,1,0,5.0,77.22,3056.38,1,896.47
CUST_14983,46,Female,0,Yes,No,27,Month-to-month,Yes,Electronic check,Fiber optic,No,Yes,Yes,209.9,3,2,3.0,113.93,3092.77,1,1384.83
CUST_14984,40,Male,0,No,No,18,Month-to-month,Yes,Mailed check,Fiber optic,No,Yes,No,270.1,2,0,4.0,88.64,1585.19,0,2481.79
CUST_14985,49,Male,0,No,No,42,Two year,No,Mailed check,Fiber optic,Yes,No,No,354.6,0,0,5.0,96.86,4102.22,0,3295.29
CUST_14986,63,Male,0,No,No,14,Two year,Yes,Mailed check,Fiber optic,Yes,Yes,No,417.9,0,0,5.0,107.74,1490.01,0,2917.49
CUST_14987,39,Female,0,No,No,17,Month-to-month,Yes,Electronic check,DSL,Yes,No,Yes,29.7,0,0,5.0,84.04,1430.31,0,2316.4
CUST_14988,43,Female,0,No,No,5,Month-to-month,Yes,Bank transfer (automatic),Fiber optic,No,No,No,255.7,3,0,3.0,75.34,350.81,1,912.26
CUST_14989,45,Male,0,No,No,65,Month-to-month,No,Credit card (automatic),DSL,No,Yes,No,29.0,3,0,4.0,62.63,4065.13,0,2231.86
CUST_14990,73,Female,1,Yes,Yes,51,Two year,Yes,Mailed check,Fiber optic,No,Yes,No,149.2,2,1,3.0,89.69,4572.42,0,2852.62
CUST_14991,18,Female,0,Yes,No,59,Two year,Yes,Electronic check,DSL,Yes,Yes,Yes,185.2,0,3,4.0,95.32,5616.07,0,3026.96
CUST_14992,51,Female,0,Yes,No,19,One year,No,Electronic check,No,No internet service,No internet service,No internet service,11.6,0,0,5.0,27.47,491.02,0,875.53
CUST_14993,41,Male,0,No,No,28,One year,No,Electronic check,Fiber optic,No,No,No,626.6,1,0,5.0,83.06,2313.8,1,1578.84
CUST_14994,49,Female,0,No,No,61,Two year,Yes,Electronic check,Fiber optic,Yes,No,No,196.8,1,3,4.0,84.18,5114.45,0,2840.55
CUST_14995,33,Male,0,Yes,Yes,8,Month-to-month,Yes,Credit card (automatic),DSL,Yes,Yes,No,154.7,3,0,3.0,76.45,609.9,1,574.21
CUST_14996,41,Female,0,No,No,26,One year,No,Mailed check,Fiber optic,No,Yes,No,381.4,0,0,5.0,89.78,2333.84,0,2986.31
CUST_14997,51,Male,0,No,No,71,One year,Yes,Electronic check,Fiber optic,Yes,Yes,Yes,356.7,0,2,4.0,122.72,8712.92,0,4160.16
CUST_14998,80,Male,1,No,No,13,Month-to-month,No,Electronic check,Fiber optic,Yes,No,Yes,180.3,3,2,4.0,111.08,1419.63,0,3065.37
CUST_14999,53,Female,0,No,No,40,One year,No,Credit card (automatic),No,No internet service,No internet service,No internet service,13.0,0,0,5.0,18.5,761.97,0,920.62
CUST_15000,31,Male,0,No,No,34,One year,Yes,Mailed check,DSL,Yes,Yes,No,120.4,1,1,5.0,78.71,2700.41,0,2528.69
